item_id,title,creator,date,collection,material,technique,worktype,description,location,detail_url,image_url,local_image_path,raw_metadata
1,Street in London,Margo Veillon,,Margo Veillon Art Collection,oil on canvas,oil paintings (visual works),paintings (visual works),"The clean uniformity of the background seems to root the scene. But the pirouetting leaves, the wind in the hair and the clothes, as well as the positions of the feet turn this picture into a dance of everyday life.","American University in Cairo, Egypt",https://digitalcollections.aucegypt.edu/digital/collection/p15795coll40/id/1/,"http://digitalcollections.aucegypt.edu/iiif/2/p15795coll40:1/full/730,/0/default.jpg",margo_data/images/0001.jpg,"{""title"": ""Street in London"", ""titlea"": ""شارع في لندن"", ""titleb"": ""Une rue de Londres"", ""creata"": ""Margo Veillon"", ""creato"": ""Egyptian-Swiss"", ""descri"": ""The clean uniformity of the background seems to root the scene. But the pirouetting leaves, the wind in the hair and the clothes, as well as the positions of the feet turn this picture into a dance of everyday life."", ""descra"": ""Margo Veillon, 1988"", ""locati"": ""American University in Cairo, Egypt"", ""covera"": ""oil on canvas"", ""artwor"": ""79 cm x 68 cm"", ""medium"": ""paintings (visual works)"", ""type"": ""oil paintings (visual works)"", ""format"": ""Impressionist (style)"", ""collec"": ""Margo Veillon Art Collection"", ""source"": ""American University in Cairo"", ""licens"": ""Copyright the American University in Cairo"", ""rights"": ""To inquire about rights and permissions, contact the Rare Books and Special Collections Library, The American University in Cairo at +20.2.2615.3676 or rbscl-ref@aucegypt.edu."", ""google-site-verification"": ""UA-49762962-1"", ""viewport"": ""width=device-width, initial-scale=1.0"", ""og:title"": ""Street in London"", ""og:description"": ""The clean uniformity of the background seems to root the scene. But the pirouetting leaves, the wind in the hair and the clothes, as well as the positions of the feet turn this picture into a dance of everyday life."", ""og:image"": ""http://digitalcollections.aucegypt.edu/iiif/2/p15795coll40:1/full/730,/0/default.jpg"", ""og:url"": ""https://digitalcollections.aucegypt.edu/digital/collection/p15795coll40/id/1/"", ""og:type"": ""website""}"
2,Self-portrait of Margo Veillon,Margo Veillon,,Margo Veillon Art Collection,oil on canvas,oil paintings (visual works),paintings (visual works),"In this self-portrait the artist seems to come out of the frame, an impression reinforced by the intensity of the look and by the two imaginary lines created by the two brushes that intersect at the center of the canvas.","American University in Cairo, Egypt",https://digitalcollections.aucegypt.edu/digital/collection/p15795coll40/id/2/,"http://digitalcollections.aucegypt.edu/iiif/2/p15795coll40:2/full/730,/0/default.jpg",margo_data/images/0002.jpg,"{""title"": ""Self-portrait of Margo Veillon"", ""titlea"": ""الصورة الذاتية لمارجو فيلون"", ""titleb"": ""Autoportrait de Margo Veillon"", ""creata"": ""Margo Veillon"", ""creato"": ""Egyptian-Swiss"", ""descri"": ""In this self-portrait the artist seems to come out of the frame, an impression reinforced by the intensity of the look and by the two imaginary lines created by the two brushes that intersect at the center of the canvas."", ""descra"": ""1987, Margo Veillon"", ""locati"": ""American University in Cairo, Egypt"", ""covera"": ""oil on canvas"", ""artwor"": ""87 cm x 120 cm"", ""medium"": ""paintings (visual works)"", ""type"": ""oil paintings (visual works)"", ""format"": ""Expressionist (style)"", ""collec"": ""Margo Veillon Art Collection"", ""source"": ""American University in Cairo"", ""licens"": ""Copyright the American University in Cairo"", ""rights"": ""To inquire about rights and permissions, contact the Rare Books and Special Collections Library, The American University in Cairo at +20.2.2615.3676 or rbscl-ref@aucegypt.edu."", ""google-site-verification"": ""UA-49762962-1"", ""viewport"": ""width=device-width, initial-scale=1.0"", ""og:title"": ""Self-portrait of Margo Veillon"", ""og:description"": ""In this self-portrait the artist seems to come out of the frame, an impression reinforced by the intensity of the look and by the two imaginary lines created by the two brushes that intersect at the center of the canvas."", ""og:image"": ""http://digitalcollections.aucegypt.edu/iiif/2/p15795coll40:2/full/730,/0/default.jpg"", ""og:url"": ""https://digitalcollections.aucegypt.edu/digital/collection/p15795coll40/id/2/"", ""og:type"": ""website""}"
3,Still-life with lantern,Margo Veillon,,Margo Veillon Art Collection,mixed media,pastels (visual works),mixed media works,"There is great freedom in this beautiful and austere still life. In contrast, the white wall constantly sends the eye back to the objects arranged in a triangle and the colored ground that seems to leave the painting.","American University in Cairo, Egypt",https://digitalcollections.aucegypt.edu/digital/collection/p15795coll40/id/3/,"http://digitalcollections.aucegypt.edu/iiif/2/p15795coll40:3/full/730,/0/default.jpg",margo_data/images/0003.jpg,"{""title"": ""Still-life with lantern"", ""titlea"": ""تزال الحياة مع الفانوس"", ""titleb"": ""Nature morte à la lanterne"", ""creata"": ""Margo Veillon"", ""creato"": ""Egyptian-Swiss"", ""descri"": ""There is great freedom in this beautiful and austere still life. In contrast, the white wall constantly sends the eye back to the objects arranged in a triangle and the colored ground that seems to leave the painting."", ""descra"": ""Margo Veillon, 1989"", ""locati"": ""American University in Cairo, Egypt"", ""covera"": ""mixed media"", ""artwor"": ""100 cm x 70 cm"", ""medium"": ""mixed media works"", ""type"": ""pastels (visual works)"", ""format"": ""Impressionist (style)"", ""collec"": ""Margo Veillon Art Collection"", ""source"": ""American University in Cairo"", ""licens"": ""Copyright the American University in Cairo"", ""rights"": ""To inquire about rights and permissions, contact the Rare Books and Special Collections Library, The American University in Cairo at +20.2.2615.3676 or rbscl-ref@aucegypt.edu."", ""google-site-verification"": ""UA-49762962-1"", ""viewport"": ""width=device-width, initial-scale=1.0"", ""og:title"": ""Still-life with lantern"", ""og:description"": ""There is great freedom in this beautiful and austere still life. In contrast, the white wall constantly sends the eye back to the objects arranged in a triangle and the colored ground that seems to leave the painting."", ""og:image"": ""http://digitalcollections.aucegypt.edu/iiif/2/p15795coll40:3/full/730,/0/default.jpg"", ""og:url"": ""https://digitalcollections.aucegypt.edu/digital/collection/p15795coll40/id/3/"", ""og:type"": ""website""}"
4,Still-life with eggplant,Margo Veillon,,Margo Veillon Art Collection,oil on canvas,oil paintings (visual works),paintings (visual works),"Should we see here a representation of the myth of Plato’s cave? Anyway, these simple, everyday objects acquire another, strange face, thanks to their shadows.","American University in Cairo, Egypt",https://digitalcollections.aucegypt.edu/digital/collection/p15795coll40/id/4/,"http://digitalcollections.aucegypt.edu/iiif/2/p15795coll40:4/full/730,/0/default.jpg",margo_data/images/0004.jpg,"{""title"": ""Still-life with eggplant"", ""titlea"": ""لا تزال الحياة مع الباذنجان"", ""titleb"": ""Nature morte aux aubergines"", ""creata"": ""Margo Veillon"", ""creato"": ""Egyptian-Swiss"", ""descri"": ""Should we see here a representation of the myth of Plato’s cave? Anyway, these simple, everyday objects acquire another, strange face, thanks to their shadows."", ""descra"": ""Margo Veillon, 1985"", ""locati"": ""American University in Cairo, Egypt"", ""covera"": ""oil on canvas"", ""artwor"": ""115 cm x 82 cm"", ""medium"": ""paintings (visual works)"", ""type"": ""oil paintings (visual works)"", ""format"": ""Impressionist (style)"", ""collec"": ""Margo Veillon Art Collection"", ""source"": ""American University in Cairo"", ""licens"": ""Copyright the American University in Cairo"", ""rights"": ""To inquire about rights and permissions, contact the Rare Books and Special Collections Library, The American University in Cairo at +20.2.2615.3676 or rbscl-ref@aucegypt.edu."", ""google-site-verification"": ""UA-49762962-1"", ""viewport"": ""width=device-width, initial-scale=1.0"", ""og:title"": ""Still-life with eggplant"", ""og:description"": ""Should we see here a representation of the myth of Plato’s cave? Anyway, these simple, everyday objects acquire another, strange face, thanks to their shadows."", ""og:image"": ""http://digitalcollections.aucegypt.edu/iiif/2/p15795coll40:4/full/730,/0/default.jpg"", ""og:url"": ""https://digitalcollections.aucegypt.edu/digital/collection/p15795coll40/id/4/"", ""og:type"": ""website""}"
5,Water hyacinths,Margo Veillon,,Margo Veillon Art Collection,oil on canvas,oil paintings (visual works),paintings (visual works),A view of a patch of Nile rose decorated with beautiful purple flowers and large green leaves,"American University in Cairo, Egypt",https://digitalcollections.aucegypt.edu/digital/collection/p15795coll40/id/5/,"http://digitalcollections.aucegypt.edu/iiif/2/p15795coll40:5/full/730,/0/default.jpg",margo_data/images/0005.jpg,"{""title"": ""Water hyacinths"", ""titlea"": ""زنابق الماء"", ""titleb"": ""Jacinthes d'eau"", ""creata"": ""Margo Veillon"", ""creato"": ""Egyptian-Swiss"", ""descri"": ""A view of a patch of Nile rose decorated with beautiful purple flowers and large green leaves"", ""descra"": ""Margo Veillon, 1942"", ""locati"": ""American University in Cairo, Egypt"", ""covera"": ""oil on canvas"", ""artwor"": ""67 cm x 56 cm"", ""medium"": ""paintings (visual works)"", ""type"": ""oil paintings (visual works)"", ""format"": ""Impressionist (style)"", ""collec"": ""Margo Veillon Art Collection"", ""source"": ""American University in Cairo"", ""licens"": ""Copyright the American University in Cairo"", ""rights"": ""To inquire about rights and permissions, contact the Rare Books and Special Collections Library, The American University in Cairo at +20.2.2615.3676 or rbscl-ref@aucegypt.edu."", ""google-site-verification"": ""UA-49762962-1"", ""viewport"": ""width=device-width, initial-scale=1.0"", ""og:title"": ""Water hyacinths"", ""og:description"": ""A view of a patch of Nile rose decorated with beautiful purple flowers and large green leaves"", ""og:image"": ""http://digitalcollections.aucegypt.edu/iiif/2/p15795coll40:5/full/730,/0/default.jpg"", ""og:url"": ""https://digitalcollections.aucegypt.edu/digital/collection/p15795coll40/id/5/"", ""og:type"": ""website""}"
6,Moving stones,Margo Veillon,,Margo Veillon Art Collection,acrylic and sand,acrylic paintings (visual works),mixed media works,Margo Veillon is not content with just collecting the stones of the desert. She has copied their shapes and polished some of them. Her fascination for their shapes has found particularly fertile ground.,"American University in Cairo, Egypt",https://digitalcollections.aucegypt.edu/digital/collection/p15795coll40/id/6/,"http://digitalcollections.aucegypt.edu/iiif/2/p15795coll40:6/full/730,/0/default.jpg",margo_data/images/0006.jpg,"{""title"": ""Moving stones"", ""titlea"": ""الصخور المتحركه"", ""titleb"": ""Déplacer des pierres"", ""creata"": ""Margo Veillon"", ""creato"": ""Egyptian-Swiss"", ""descri"": ""Margo Veillon is not content with just collecting the stones of the desert. She has copied their shapes and polished some of them. Her fascination for their shapes has found particularly fertile ground."", ""descra"": ""Margo Veillon, 1964"", ""locati"": ""American University in Cairo, Egypt"", ""covera"": ""acrylic and sand"", ""artwor"": ""77 cm x 67 cm"", ""medium"": ""mixed media works"", ""type"": ""acrylic paintings (visual works)"", ""format"": ""Abstract (modern European style)"", ""collec"": ""Margo Veillon Art Collection"", ""source"": ""American University in Cairo"", ""licens"": ""Copyright the American University in Cairo"", ""rights"": ""To inquire about rights and permissions, contact the Rare Books and Special Collections Library, The American University in Cairo at +20.2.2615.3676 or rbscl-ref@aucegypt.edu."", ""google-site-verification"": ""UA-49762962-1"", ""viewport"": ""width=device-width, initial-scale=1.0"", ""og:title"": ""Moving stones"", ""og:description"": ""Margo Veillon is not content with just collecting the stones of the desert. She has copied their shapes and polished some of them. Her fascination for their shapes has found particularly fertile ground."", ""og:image"": ""http://digitalcollections.aucegypt.edu/iiif/2/p15795coll40:6/full/730,/0/default.jpg"", ""og:url"": ""https://digitalcollections.aucegypt.edu/digital/collection/p15795coll40/id/6/"", ""og:type"": ""website""}"
7,Tangled palm trees,Margo Veillon,,Margo Veillon Art Collection,oil on canvas,oil paintings (visual works),paintings (visual works),"A landscape that contains many overlapping trees, grass, and some palm trees with large leaves","American University in Cairo, Egypt",https://digitalcollections.aucegypt.edu/digital/collection/p15795coll40/id/7/,"http://digitalcollections.aucegypt.edu/iiif/2/p15795coll40:7/full/730,/0/default.jpg",margo_data/images/0007.jpg,"{""title"": ""Tangled palm trees"", ""titlea"": ""أشجار النخيل المتشابكة"", ""titleb"": ""Palmiers emmêlés"", ""creata"": ""Margo Veillon"", ""creato"": ""Egyptian-Swiss"", ""descri"": ""A landscape that contains many overlapping trees, grass, and some palm trees with large leaves"", ""descra"": ""1983, Margo Veillon"", ""locati"": ""American University in Cairo, Egypt"", ""covera"": ""oil on canvas"", ""artwor"": ""90 cm x 69.5"", ""medium"": ""paintings (visual works)"", ""type"": ""oil paintings (visual works)"", ""format"": ""Impressionist (style)"", ""collec"": ""Margo Veillon Art Collection"", ""source"": ""American University in Cairo"", ""licens"": ""Copyright the American University in Cairo"", ""rights"": ""To inquire about rights and permissions, contact the Rare Books and Special Collections Library, The American University in Cairo at +20.2.2615.3676 or rbscl-ref@aucegypt.edu."", ""google-site-verification"": ""UA-49762962-1"", ""viewport"": ""width=device-width, initial-scale=1.0"", ""og:title"": ""Tangled palm trees"", ""og:description"": ""A landscape that contains many overlapping trees, grass, and some palm trees with large leaves"", ""og:image"": ""http://digitalcollections.aucegypt.edu/iiif/2/p15795coll40:7/full/730,/0/default.jpg"", ""og:url"": ""https://digitalcollections.aucegypt.edu/digital/collection/p15795coll40/id/7/"", ""og:type"": ""website""}"
8,Blue sky and orange mountains,Margo Veillon,,Margo Veillon Art Collection,oil on canvas,oil paintings (visual works),paintings (visual works),"A clear blue sky above a series of mountains colored in orange and brown colors, and the ground contains some green grass spread along the valley","American University in Cairo, Egypt",https://digitalcollections.aucegypt.edu/digital/collection/p15795coll40/id/8/,"http://digitalcollections.aucegypt.edu/iiif/2/p15795coll40:8/full/730,/0/default.jpg",margo_data/images/0008.jpg,"{""title"": ""Blue sky and orange mountains"", ""titlea"": ""السماء الزرقاء والجبال البرتقالية"", ""titleb"": ""Ciel bleu et montagnes oranges"", ""creata"": ""Margo Veillon"", ""creato"": ""Egyptian-Swiss"", ""descri"": ""A clear blue sky above a series of mountains colored in orange and brown colors, and the ground contains some green grass spread along the valley"", ""descra"": ""1950, Margo Veillon"", ""locati"": ""American University in Cairo, Egypt"", ""covera"": ""oil on canvas"", ""artwor"": ""56 cm x 80 cm"", ""medium"": ""paintings (visual works)"", ""type"": ""oil paintings (visual works)"", ""format"": ""Impressionist (style)"", ""collec"": ""Margo Veillon Art Collection"", ""source"": ""American University in Cairo"", ""licens"": ""Copyright the American University in Cairo"", ""rights"": ""To inquire about rights and permissions, contact the Rare Books and Special Collections Library, The American University in Cairo at +20.2.2615.3676 or rbscl-ref@aucegypt.edu."", ""google-site-verification"": ""UA-49762962-1"", ""viewport"": ""width=device-width, initial-scale=1.0"", ""og:title"": ""Blue sky and orange mountains"", ""og:description"": ""A clear blue sky above a series of mountains colored in orange and brown colors, and the ground contains some green grass spread along the valley"", ""og:image"": ""http://digitalcollections.aucegypt.edu/iiif/2/p15795coll40:8/full/730,/0/default.jpg"", ""og:url"": ""https://digitalcollections.aucegypt.edu/digital/collection/p15795coll40/id/8/"", ""og:type"": ""website""}"
9,Women dancing,Margo Veillon,,Margo Veillon Art Collection,oil on canvas,oil paintings (visual works),paintings (visual works),"The interlacing of the bodies and the clothes, differentiated only by color, is remarkable. Everything is centered on the raised hands in the middle. The smallest figure on the right provides a perfect counterpoint.","American University in Cairo, Egypt",https://digitalcollections.aucegypt.edu/digital/collection/p15795coll40/id/9/,"http://digitalcollections.aucegypt.edu/iiif/2/p15795coll40:9/full/730,/0/default.jpg",margo_data/images/0009.jpg,"{""title"": ""Women dancing"", ""titlea"": ""رقص النساء"", ""titleb"": ""Femmes qui dansent"", ""creata"": ""Margo Veillon"", ""creato"": ""Egyptian-Swiss"", ""descri"": ""The interlacing of the bodies and the clothes, differentiated only by color, is remarkable. Everything is centered on the raised hands in the middle. The smallest figure on the right provides a perfect counterpoint."", ""descra"": ""Margo Veillon, 1959-90"", ""locati"": ""American University in Cairo, Egypt"", ""covera"": ""oil on canvas"", ""artwor"": ""116 cm x 73 cm"", ""medium"": ""paintings (visual works)"", ""type"": ""oil paintings (visual works)"", ""format"": ""Impressionist (style)"", ""collec"": ""Margo Veillon Art Collection"", ""source"": ""American University in Cairo"", ""licens"": ""Copyright the American University in Cairo"", ""rights"": ""To inquire about rights and permissions, contact the Rare Books and Special Collections Library, The American University in Cairo at +20.2.2615.3676 or rbscl-ref@aucegypt.edu."", ""google-site-verification"": ""UA-49762962-1"", ""viewport"": ""width=device-width, initial-scale=1.0"", ""og:title"": ""Women dancing"", ""og:description"": ""The interlacing of the bodies and the clothes, differentiated only by color, is remarkable. Everything is centered on the raised hands in the middle. The smallest figure on the right provides a perfect counterpoint."", ""og:image"": ""http://digitalcollections.aucegypt.edu/iiif/2/p15795coll40:9/full/730,/0/default.jpg"", ""og:url"": ""https://digitalcollections.aucegypt.edu/digital/collection/p15795coll40/id/9/"", ""og:type"": ""website""}"
10,Big green leaves,Margo Veillon,,Margo Veillon Art Collection,oil on canvas,oil paintings (visual works),paintings (visual works),"Many tree stems with grass and some types of palm trees, all intertwined with each other","American University in Cairo, Egypt",https://digitalcollections.aucegypt.edu/digital/collection/p15795coll40/id/10/,"http://digitalcollections.aucegypt.edu/iiif/2/p15795coll40:10/full/730,/0/default.jpg",margo_data/images/0010.jpg,"{""title"": ""Big green leaves"", ""titlea"": ""أوراق خضراء كبيرة"", ""titleb"": ""Grandes feuilles vertes"", ""creata"": ""Margo Veillon"", ""creato"": ""Egyptian-Swiss"", ""descri"": ""Many tree stems with grass and some types of palm trees, all intertwined with each other"", ""descra"": ""1985, Margo Veillon"", ""locati"": ""American University in Cairo, Egypt"", ""covera"": ""oil on canvas"", ""artwor"": ""83.5 cm x 83.5 cm"", ""medium"": ""paintings (visual works)"", ""type"": ""oil paintings (visual works)"", ""format"": ""Impressionist (style)"", ""collec"": ""Margo Veillon Art Collection"", ""source"": ""American University in Cairo"", ""licens"": ""Copyright the American University in Cairo"", ""rights"": ""To inquire about rights and permissions, contact the Rare Books and Special Collections Library, The American University in Cairo at +20.2.2615.3676 or rbscl-ref@aucegypt.edu."", ""google-site-verification"": ""UA-49762962-1"", ""viewport"": ""width=device-width, initial-scale=1.0"", ""og:title"": ""Big green leaves"", ""og:description"": ""Many tree stems with grass and some types of palm trees, all intertwined with each other"", ""og:image"": ""http://digitalcollections.aucegypt.edu/iiif/2/p15795coll40:10/full/730,/0/default.jpg"", ""og:url"": ""https://digitalcollections.aucegypt.edu/digital/collection/p15795coll40/id/10/"", ""og:type"": ""website""}"
11,Table with three oranges,Margo Veillon,,Margo Veillon Art Collection,oil on canvas,oil paintings (visual works),paintings (visual works),"This still life is part of the perspectives series. The three oranges on an incline ready to roll, are clearly at the center. They divide the painting between shade and light, between the imperceptible and the figurative.","American University in Cairo, Egypt",https://digitalcollections.aucegypt.edu/digital/collection/p15795coll40/id/11/,"http://digitalcollections.aucegypt.edu/iiif/2/p15795coll40:11/full/730,/0/default.jpg",margo_data/images/0011.jpg,"{""title"": ""Table with three oranges"", ""titlea"": ""مائدة بثلاث حبات برتقال"", ""titleb"": ""Table avec trois oranges"", ""creata"": ""Margo Veillon"", ""creato"": ""Egyptian-Swiss"", ""descri"": ""This still life is part of the perspectives series. The three oranges on an incline ready to roll, are clearly at the center. They divide the painting between shade and light, between the imperceptible and the figurative."", ""descra"": ""Margo Veillon, 1986"", ""locati"": ""American University in Cairo, Egypt"", ""covera"": ""oil on canvas"", ""artwor"": ""100 cm x 85 cm"", ""medium"": ""paintings (visual works)"", ""type"": ""oil paintings (visual works)"", ""format"": ""Impressionist (style)"", ""collec"": ""Margo Veillon Art Collection"", ""source"": ""American University in Cairo"", ""licens"": ""Copyright the American University in Cairo"", ""rights"": ""To inquire about rights and permissions, contact the Rare Books and Special Collections Library, The American University in Cairo at +20.2.2615.3676 or rbscl-ref@aucegypt.edu."", ""google-site-verification"": ""UA-49762962-1"", ""viewport"": ""width=device-width, initial-scale=1.0"", ""og:title"": ""Table with three oranges"", ""og:description"": ""This still life is part of the perspectives series. The three oranges on an incline ready to roll, are clearly at the center. They divide the painting between shade and light, between the imperceptible and the figurative."", ""og:image"": ""http://digitalcollections.aucegypt.edu/iiif/2/p15795coll40:11/full/730,/0/default.jpg"", ""og:url"": ""https://digitalcollections.aucegypt.edu/digital/collection/p15795coll40/id/11/"", ""og:type"": ""website""}"
12,Penelope Bennett,Margo Veillon,,Margo Veillon Art Collection,oil on canvas,oil paintings (visual works),paintings (visual works),"The dear friend from London in a smoother portrait than the preceding, but where the eyes also dominate, underlined by two strokes of color.","American University in Cairo, Egypt",https://digitalcollections.aucegypt.edu/digital/collection/p15795coll40/id/12/,"http://digitalcollections.aucegypt.edu/iiif/2/p15795coll40:12/full/730,/0/default.jpg",margo_data/images/0012.jpg,"{""title"": ""Penelope Bennett"", ""titlea"": ""بينيلوب بينت"", ""titleb"": ""Penelope Bennett"", ""creata"": ""Margo Veillon"", ""creato"": ""Egyptian-Swiss"", ""descri"": ""The dear friend from London in a smoother portrait than the preceding, but where the eyes also dominate, underlined by two strokes of color."", ""descra"": ""Margo Veillon, 1973"", ""locati"": ""American University in Cairo, Egypt"", ""covera"": ""oil on canvas"", ""artwor"": ""67 cm x 79 cm"", ""medium"": ""paintings (visual works)"", ""type"": ""oil paintings (visual works)"", ""format"": ""Expressionist (style)"", ""collec"": ""Margo Veillon Art Collection"", ""source"": ""American University in Cairo"", ""licens"": ""Copyright the American University in Cairo"", ""rights"": ""To inquire about rights and permissions, contact the Rare Books and Special Collections Library, The American University in Cairo at +20.2.2615.3676 or rbscl-ref@aucegypt.edu."", ""google-site-verification"": ""UA-49762962-1"", ""viewport"": ""width=device-width, initial-scale=1.0"", ""og:title"": ""Penelope Bennett"", ""og:description"": ""The dear friend from London in a smoother portrait than the preceding, but where the eyes also dominate, underlined by two strokes of color."", ""og:image"": ""http://digitalcollections.aucegypt.edu/iiif/2/p15795coll40:12/full/730,/0/default.jpg"", ""og:url"": ""https://digitalcollections.aucegypt.edu/digital/collection/p15795coll40/id/12/"", ""og:type"": ""website""}"
13,Margo wears a hat,Margo Veillon,,Margo Veillon Art Collection,oil on canvas,oil paintings (visual works),paintings (visual works),"Since her first self-portrait in pen in 1922 (she was 15), Margo Veillon has never stopped questioning her own face. Using a rather classical technique, it is through the eyes that the full force of her character is depicted here.","American University in Cairo, Egypt",https://digitalcollections.aucegypt.edu/digital/collection/p15795coll40/id/13/,"http://digitalcollections.aucegypt.edu/iiif/2/p15795coll40:13/full/730,/0/default.jpg",margo_data/images/0013.jpg,"{""title"": ""Margo wears a hat"", ""titlea"": ""مارجو ترتدي قبعه"", ""titleb"": ""Margo porte un chapeau"", ""creata"": ""Margo Veillon"", ""creato"": ""Egyptian-Swiss"", ""descri"": ""Since her first self-portrait in pen in 1922 (she was 15), Margo Veillon has never stopped questioning her own face. Using a rather classical technique, it is through the eyes that the full force of her character is depicted here."", ""descra"": ""Margo Veillon, 1979"", ""locati"": ""American University in Cairo, Egypt"", ""covera"": ""oil on canvas"", ""artwor"": ""62 cm x 49 cm"", ""medium"": ""paintings (visual works)"", ""type"": ""oil paintings (visual works)"", ""format"": ""Expressionist (style)"", ""collec"": ""Margo Veillon Art Collection"", ""source"": ""American University in Cairo"", ""licens"": ""Copyright the American University in Cairo"", ""rights"": ""To inquire about rights and permissions, contact the Rare Books and Special Collections Library, The American University in Cairo at +20.2.2615.3676 or rbscl-ref@aucegypt.edu."", ""google-site-verification"": ""UA-49762962-1"", ""viewport"": ""width=device-width, initial-scale=1.0"", ""og:title"": ""Margo wears a hat"", ""og:description"": ""Since her first self-portrait in pen in 1922 (she was 15), Margo Veillon has never stopped questioning her own face. Using a rather classical technique, it is through the eyes that the full force of her character is depicted here."", ""og:image"": ""http://digitalcollections.aucegypt.edu/iiif/2/p15795coll40:13/full/730,/0/default.jpg"", ""og:url"": ""https://digitalcollections.aucegypt.edu/digital/collection/p15795coll40/id/13/"", ""og:type"": ""website""}"
14,Cloudy day,Margo Veillon,,Margo Veillon Art Collection,oil on canvas,oil paintings (visual works),paintings (visual works),"""""Early this morning, clouds pass over, heavy with water but at the same time transparent."""" In her sketchbook, Margo Veillon accompanies her paintings with short texts that evoke the sinuous lines and the harmony of the desert.","American University in Cairo, Egypt",https://digitalcollections.aucegypt.edu/digital/collection/p15795coll40/id/14/,"http://digitalcollections.aucegypt.edu/iiif/2/p15795coll40:14/full/730,/0/default.jpg",margo_data/images/0014.jpg,"{""title"": ""Cloudy day"", ""titlea"": ""يوم مغيم"", ""titleb"": ""Temps nuageux"", ""creata"": ""Margo Veillon"", ""creato"": ""Egyptian-Swiss"", ""descri"": ""\""\""Early this morning, clouds pass over, heavy with water but at the same time transparent.\""\"" In her sketchbook, Margo Veillon accompanies her paintings with short texts that evoke the sinuous lines and the harmony of the desert."", ""descra"": ""Margo Veillon, 1949"", ""locati"": ""American University in Cairo, Egypt"", ""covera"": ""oil on canvas"", ""artwor"": ""34 cm x 28 cm"", ""medium"": ""paintings (visual works)"", ""type"": ""oil paintings (visual works)"", ""format"": ""Impressionist (style)"", ""collec"": ""Margo Veillon Art Collection"", ""source"": ""American University in Cairo"", ""licens"": ""Copyright the American University in Cairo"", ""rights"": ""To inquire about rights and permissions, contact the Rare Books and Special Collections Library, The American University in Cairo at +20.2.2615.3676 or rbscl-ref@aucegypt.edu."", ""google-site-verification"": ""UA-49762962-1"", ""viewport"": ""width=device-width, initial-scale=1.0"", ""og:title"": ""Cloudy day"", ""og:description"": ""\""\""Early this morning, clouds pass over, heavy with water but at the same time transparent.\""\"" In her sketchbook, Margo Veillon accompanies her paintings with short texts that evoke the sinuous lines and the harmony of the desert."", ""og:image"": ""http://digitalcollections.aucegypt.edu/iiif/2/p15795coll40:14/full/730,/0/default.jpg"", ""og:url"": ""https://digitalcollections.aucegypt.edu/digital/collection/p15795coll40/id/14/"", ""og:type"": ""website""}"
15,I am what I am,Margo Veillon,,Margo Veillon Art Collection,mixed media,watercolors (paintings),mixed media works,These are the words that dominate this drawing. The rest is there only as free expression of colors and lines to underscore this ’character’ statement.,"American University in Cairo, Egypt",https://digitalcollections.aucegypt.edu/digital/collection/p15795coll40/id/15/,"http://digitalcollections.aucegypt.edu/iiif/2/p15795coll40:15/full/730,/0/default.jpg",margo_data/images/0015.jpg,"{""title"": ""I am what I am"", ""titlea"": ""انا كما انا"", ""titleb"": ""Je suis comme je suis"", ""creata"": ""Margo Veillon"", ""creato"": ""Egyptian-Swiss"", ""descri"": ""These are the words that dominate this drawing. The rest is there only as free expression of colors and lines to underscore this ’character’ statement."", ""descra"": ""Margo Veillon, 1996"", ""locati"": ""American University in Cairo, Egypt"", ""covera"": ""mixed media"", ""artwor"": ""92 cm x 61 cm"", ""medium"": ""mixed media works"", ""type"": ""watercolors (paintings)"", ""format"": ""Abstract (modern European style)"", ""collec"": ""Margo Veillon Art Collection"", ""source"": ""American University in Cairo"", ""licens"": ""Copyright the American University in Cairo"", ""rights"": ""To inquire about rights and permissions, contact the Rare Books and Special Collections Library, The American University in Cairo at +20.2.2615.3676 or rbscl-ref@aucegypt.edu."", ""google-site-verification"": ""UA-49762962-1"", ""viewport"": ""width=device-width, initial-scale=1.0"", ""og:title"": ""I am what I am"", ""og:description"": ""These are the words that dominate this drawing. The rest is there only as free expression of colors and lines to underscore this ’character’ statement."", ""og:image"": ""http://digitalcollections.aucegypt.edu/iiif/2/p15795coll40:15/full/730,/0/default.jpg"", ""og:url"": ""https://digitalcollections.aucegypt.edu/digital/collection/p15795coll40/id/15/"", ""og:type"": ""website""}"
16,Teapot,Margo Veillon,,Margo Veillon Art Collection,mixed media,pastels (visual works),mixed media works,"Pure Margo Veillon! Under the apparent scribbling, this picture is perfectly worked. Apart from the nuances of color of the pot itself, a number of small strokes and splashes of color complete and balance the whole.","American University in Cairo, Egypt",https://digitalcollections.aucegypt.edu/digital/collection/p15795coll40/id/16/,"http://digitalcollections.aucegypt.edu/iiif/2/p15795coll40:16/full/730,/0/default.jpg",margo_data/images/0016.jpg,"{""title"": ""Teapot"", ""titlea"": ""براد الشاي"", ""titleb"": ""La théière"", ""creata"": ""Margo Veillon"", ""creato"": ""Egyptian-Swiss"", ""descri"": ""Pure Margo Veillon! Under the apparent scribbling, this picture is perfectly worked. Apart from the nuances of color of the pot itself, a number of small strokes and splashes of color complete and balance the whole."", ""descra"": ""Margo Veillon, 1989"", ""locati"": ""American University in Cairo, Egypt"", ""covera"": ""mixed media"", ""artwor"": ""74 cm x 56 cm"", ""medium"": ""mixed media works"", ""type"": ""pastels (visual works)"", ""format"": ""Impressionist (style)"", ""collec"": ""Margo Veillon Art Collection"", ""source"": ""American University in Cairo"", ""licens"": ""Copyright the American University in Cairo"", ""rights"": ""To inquire about rights and permissions, contact the Rare Books and Special Collections Library, The American University in Cairo at +20.2.2615.3676 or rbscl-ref@aucegypt.edu."", ""google-site-verification"": ""UA-49762962-1"", ""viewport"": ""width=device-width, initial-scale=1.0"", ""og:title"": ""Teapot"", ""og:description"": ""Pure Margo Veillon! Under the apparent scribbling, this picture is perfectly worked. Apart from the nuances of color of the pot itself, a number of small strokes and splashes of color complete and balance the whole."", ""og:image"": ""http://digitalcollections.aucegypt.edu/iiif/2/p15795coll40:16/full/730,/0/default.jpg"", ""og:url"": ""https://digitalcollections.aucegypt.edu/digital/collection/p15795coll40/id/16/"", ""og:type"": ""website""}"
17,At baltim,Margo Veillon,,Margo Veillon Art Collection,acrylic and sand,sand paintings,mixed media works,"At the beginning of the 1960s, Margo Veillon spent several summers at Baltim on the north coast of Egypt. She made several dune landscape and desert compositions (here, dates, and a jar).","American University in Cairo, Egypt",https://digitalcollections.aucegypt.edu/digital/collection/p15795coll40/id/17/,"http://digitalcollections.aucegypt.edu/iiif/2/p15795coll40:17/full/730,/0/default.jpg",margo_data/images/0017.jpg,"{""title"": ""At baltim"", ""titlea"": ""بلطيم"", ""titleb"": ""à Baltim"", ""creata"": ""Margo Veillon"", ""creato"": ""Egyptian-Swiss"", ""descri"": ""At the beginning of the 1960s, Margo Veillon spent several summers at Baltim on the north coast of Egypt. She made several dune landscape and desert compositions (here, dates, and a jar)."", ""descra"": ""Margo Veillon, 1961"", ""locati"": ""American University in Cairo, Egypt"", ""covera"": ""acrylic and sand"", ""artwor"": ""66 cm x 95 cm"", ""medium"": ""mixed media works"", ""type"": ""sand paintings"", ""format"": ""Impressionist (style)"", ""collec"": ""Margo Veillon Art Collection"", ""source"": ""American University in Cairo"", ""licens"": ""Copyright the American University in Cairo"", ""rights"": ""To inquire about rights and permissions, contact the Rare Books and Special Collections Library, The American University in Cairo at +20.2.2615.3676 or rbscl-ref@aucegypt.edu."", ""google-site-verification"": ""UA-49762962-1"", ""viewport"": ""width=device-width, initial-scale=1.0"", ""og:title"": ""At baltim"", ""og:description"": ""At the beginning of the 1960s, Margo Veillon spent several summers at Baltim on the north coast of Egypt. She made several dune landscape and desert compositions (here, dates, and a jar)."", ""og:image"": ""http://digitalcollections.aucegypt.edu/iiif/2/p15795coll40:17/full/730,/0/default.jpg"", ""og:url"": ""https://digitalcollections.aucegypt.edu/digital/collection/p15795coll40/id/17/"", ""og:type"": ""website""}"
18,Pottery and its shadow,Margo Veillon,,Margo Veillon Art Collection,oil on canvas,oil paintings (visual works),paintings (visual works),This and the following painting were made in a few hours. What comes out of these paintings on first look is the apparent simplicity of the objects and the sense of calm.,"American University in Cairo, Egypt",https://digitalcollections.aucegypt.edu/digital/collection/p15795coll40/id/18/,"http://digitalcollections.aucegypt.edu/iiif/2/p15795coll40:18/full/730,/0/default.jpg",margo_data/images/0018.jpg,"{""title"": ""Pottery and its shadow"", ""titlea"": ""الفخار وظله"", ""titleb"": ""Poteries et leur ombre"", ""creata"": ""Margo Veillon"", ""creato"": ""Egyptian-Swiss"", ""descri"": ""This and the following painting were made in a few hours. What comes out of these paintings on first look is the apparent simplicity of the objects and the sense of calm."", ""descra"": ""Margo Veillon, 1980"", ""locati"": ""American University in Cairo, Egypt"", ""covera"": ""oil on canvas"", ""artwor"": ""77 cm x 120 cm"", ""medium"": ""paintings (visual works)"", ""type"": ""oil paintings (visual works)"", ""format"": ""Impressionist (style)"", ""collec"": ""Margo Veillon Art Collection"", ""source"": ""American University in Cairo"", ""licens"": ""Copyright the American University in Cairo"", ""rights"": ""To inquire about rights and permissions, contact the Rare Books and Special Collections Library, The American University in Cairo at +20.2.2615.3676 or rbscl-ref@aucegypt.edu."", ""google-site-verification"": ""UA-49762962-1"", ""viewport"": ""width=device-width, initial-scale=1.0"", ""og:title"": ""Pottery and its shadow"", ""og:description"": ""This and the following painting were made in a few hours. What comes out of these paintings on first look is the apparent simplicity of the objects and the sense of calm."", ""og:image"": ""http://digitalcollections.aucegypt.edu/iiif/2/p15795coll40:18/full/730,/0/default.jpg"", ""og:url"": ""https://digitalcollections.aucegypt.edu/digital/collection/p15795coll40/id/18/"", ""og:type"": ""website""}"
19,Three water jars with onion,Margo Veillon,,Margo Veillon Art Collection,oil on canvas,oil paintings (visual works),paintings (visual works),"In this classical still life, we see the artist's technique of tilting the floor and the table to highlight the foreground, which cuts the vertical of the background.","American University in Cairo, Egypt",https://digitalcollections.aucegypt.edu/digital/collection/p15795coll40/id/19/,"http://digitalcollections.aucegypt.edu/iiif/2/p15795coll40:19/full/730,/0/default.jpg",margo_data/images/0019.jpg,"{""title"": ""Three water jars with onion"", ""titlea"": ""القلل الثلاثه و البصل"", ""titleb"": ""Trois pots d'eau à l'oignon"", ""creata"": ""Margo Veillon"", ""creato"": ""Egyptian-Swiss"", ""descri"": ""In this classical still life, we see the artist's technique of tilting the floor and the table to highlight the foreground, which cuts the vertical of the background."", ""descra"": ""Margo Veillon, 1963"", ""locati"": ""American University in Cairo, Egypt"", ""covera"": ""oil on canvas"", ""artwor"": ""67 cm x 95 cm"", ""medium"": ""paintings (visual works)"", ""type"": ""oil paintings (visual works)"", ""format"": ""Impressionist (style)"", ""collec"": ""Margo Veillon Art Collection"", ""source"": ""American University in Cairo"", ""licens"": ""Copyright the American University in Cairo"", ""rights"": ""To inquire about rights and permissions, contact the Rare Books and Special Collections Library, The American University in Cairo at +20.2.2615.3676 or rbscl-ref@aucegypt.edu."", ""google-site-verification"": ""UA-49762962-1"", ""viewport"": ""width=device-width, initial-scale=1.0"", ""og:title"": ""Three water jars with onion"", ""og:description"": ""In this classical still life, we see the artist's technique of tilting the floor and the table to highlight the foreground, which cuts the vertical of the background."", ""og:image"": ""http://digitalcollections.aucegypt.edu/iiif/2/p15795coll40:19/full/730,/0/default.jpg"", ""og:url"": ""https://digitalcollections.aucegypt.edu/digital/collection/p15795coll40/id/19/"", ""og:type"": ""website""}"
20,Watermelon with knife,Margo Veillon,,Margo Veillon Art Collection,oil on canvas,oil paintings (visual works),paintings (visual works),"The knife is here the central element that balances the painting, it pierces the work. Without it, the matching roundness of the fruit would remove all depth from the canvas.","American University in Cairo, Egypt",https://digitalcollections.aucegypt.edu/digital/collection/p15795coll40/id/20/,"http://digitalcollections.aucegypt.edu/iiif/2/p15795coll40:20/full/730,/0/default.jpg",margo_data/images/0020.jpg,"{""title"": ""Watermelon with knife"", ""titlea"": ""بطيخ مع السكين"", ""titleb"": ""Au couteau"", ""creata"": ""Margo Veillon"", ""creato"": ""Egyptian-Swiss"", ""descri"": ""The knife is here the central element that balances the painting, it pierces the work. Without it, the matching roundness of the fruit would remove all depth from the canvas."", ""descra"": ""Margo Veillon, 1970"", ""locati"": ""American University in Cairo, Egypt"", ""covera"": ""oil on canvas"", ""artwor"": ""80 cm x 60 cm"", ""medium"": ""paintings (visual works)"", ""type"": ""oil paintings (visual works)"", ""format"": ""Impressionist (style)"", ""collec"": ""Margo Veillon Art Collection"", ""source"": ""American University in Cairo"", ""licens"": ""Copyright the American University in Cairo"", ""rights"": ""To inquire about rights and permissions, contact the Rare Books and Special Collections Library, The American University in Cairo at +20.2.2615.3676 or rbscl-ref@aucegypt.edu."", ""google-site-verification"": ""UA-49762962-1"", ""viewport"": ""width=device-width, initial-scale=1.0"", ""og:title"": ""Watermelon with knife"", ""og:description"": ""The knife is here the central element that balances the painting, it pierces the work. Without it, the matching roundness of the fruit would remove all depth from the canvas."", ""og:image"": ""http://digitalcollections.aucegypt.edu/iiif/2/p15795coll40:20/full/730,/0/default.jpg"", ""og:url"": ""https://digitalcollections.aucegypt.edu/digital/collection/p15795coll40/id/20/"", ""og:type"": ""website""}"
21,White square,Margo Veillon,,Margo Veillon Art Collection,oil on canvas,oil paintings (visual works),paintings (visual works),"A return to ’baroque‘ forms for this big picture, which is an exception in the series. The deconstruction reaches its paroxysm here. The next three pictures show that another route toward abstraction was followed subsequently.","American University in Cairo, Egypt",https://digitalcollections.aucegypt.edu/digital/collection/p15795coll40/id/21/,"http://digitalcollections.aucegypt.edu/iiif/2/p15795coll40:21/full/730,/0/default.jpg",margo_data/images/0021.jpg,"{""title"": ""White square"", ""titlea"": ""المربع الأبيض"", ""titleb"": ""Carré blanc"", ""creata"": ""Margo Veillon"", ""creato"": ""Egyptian-Swiss"", ""descri"": ""A return to ’baroque‘ forms for this big picture, which is an exception in the series. The deconstruction reaches its paroxysm here. The next three pictures show that another route toward abstraction was followed subsequently."", ""descra"": ""Margo Veillon, 1988"", ""locati"": ""American University in Cairo, Egypt"", ""covera"": ""oil on canvas"", ""artwor"": ""120 cm x 90 cm"", ""medium"": ""paintings (visual works)"", ""type"": ""oil paintings (visual works)"", ""format"": ""Cubist"", ""collec"": ""Margo Veillon Art Collection"", ""source"": ""American University in Cairo"", ""licens"": ""Copyright the American University in Cairo"", ""rights"": ""To inquire about rights and permissions, contact the Rare Books and Special Collections Library, The American University in Cairo at +20.2.2615.3676 or rbscl-ref@aucegypt.edu."", ""google-site-verification"": ""UA-49762962-1"", ""viewport"": ""width=device-width, initial-scale=1.0"", ""og:title"": ""White square"", ""og:description"": ""A return to ’baroque‘ forms for this big picture, which is an exception in the series. The deconstruction reaches its paroxysm here. The next three pictures show that another route toward abstraction was followed subsequently."", ""og:image"": ""http://digitalcollections.aucegypt.edu/iiif/2/p15795coll40:21/full/730,/0/default.jpg"", ""og:url"": ""https://digitalcollections.aucegypt.edu/digital/collection/p15795coll40/id/21/"", ""og:type"": ""website""}"
22,Perspective,Margo Veillon,,Margo Veillon Art Collection,oil on canvas,oil paintings (visual works),paintings (visual works),"This and the following two pictures from a series. The work is extremely compact. The depth comes from the embedded elements, and it is the eyes that give the whole its dynamic.","American University in Cairo, Egypt",https://digitalcollections.aucegypt.edu/digital/collection/p15795coll40/id/22/,"http://digitalcollections.aucegypt.edu/iiif/2/p15795coll40:22/full/730,/0/default.jpg",margo_data/images/0022.jpg,"{""title"": ""Perspective"", ""titlea"": ""منظور"", ""titleb"": ""Perspective"", ""creata"": ""Margo Veillon"", ""creato"": ""Egyptian-Swiss"", ""descri"": ""This and the following two pictures from a series. The work is extremely compact. The depth comes from the embedded elements, and it is the eyes that give the whole its dynamic."", ""descra"": ""Margo Veillon, 1988"", ""locati"": ""American University in Cairo, Egypt"", ""covera"": ""oil on canvas"", ""artwor"": ""120 cm x 90 cm"", ""medium"": ""paintings (visual works)"", ""type"": ""oil paintings (visual works)"", ""format"": ""Abstract (modern European style)"", ""collec"": ""Margo Veillon Art Collection"", ""source"": ""American University in Cairo"", ""licens"": ""Copyright the American University in Cairo"", ""rights"": ""To inquire about rights and permissions, contact the Rare Books and Special Collections Library, The American University in Cairo at +20.2.2615.3676 or rbscl-ref@aucegypt.edu."", ""google-site-verification"": ""UA-49762962-1"", ""viewport"": ""width=device-width, initial-scale=1.0"", ""og:title"": ""Perspective"", ""og:description"": ""This and the following two pictures from a series. The work is extremely compact. The depth comes from the embedded elements, and it is the eyes that give the whole its dynamic."", ""og:image"": ""http://digitalcollections.aucegypt.edu/iiif/2/p15795coll40:22/full/730,/0/default.jpg"", ""og:url"": ""https://digitalcollections.aucegypt.edu/digital/collection/p15795coll40/id/22/"", ""og:type"": ""website""}"
23,Merry-go-round with carousel ride,Margo Veillon,,Margo Veillon Art Collection,oil on canvas,oil paintings (visual works),paintings (visual works),"In this picture, painted 40 years after the preceding one, the style has been refined. Lines and colors here give their strength to the whole. The painting is dominated not by circles but by a movement from top to bottom and from bottom to top.","American University in Cairo, Egypt",https://digitalcollections.aucegypt.edu/digital/collection/p15795coll40/id/23/,"http://digitalcollections.aucegypt.edu/iiif/2/p15795coll40:23/full/730,/0/default.jpg",margo_data/images/0023.jpg,"{""title"": ""Merry-go-round with carousel ride"", ""titlea"": ""جوله المرح مع ركوب الحصان الدوار"", ""titleb"": ""Manège avec tour de carrousel"", ""creata"": ""Margo Veillon"", ""creato"": ""Egyptian-Swiss"", ""descri"": ""In this picture, painted 40 years after the preceding one, the style has been refined. Lines and colors here give their strength to the whole. The painting is dominated not by circles but by a movement from top to bottom and from bottom to top."", ""descra"": ""Margo Veillon, 1994"", ""locati"": ""American University in Cairo, Egypt"", ""covera"": ""oil on canvas"", ""artwor"": ""87 cm x 68 cm"", ""medium"": ""paintings (visual works)"", ""type"": ""oil paintings (visual works)"", ""format"": ""Impressionist (style)"", ""collec"": ""Margo Veillon Art Collection"", ""source"": ""American University in Cairo"", ""licens"": ""Copyright the American University in Cairo"", ""rights"": ""To inquire about rights and permissions, contact the Rare Books and Special Collections Library, The American University in Cairo at +20.2.2615.3676 or rbscl-ref@aucegypt.edu."", ""google-site-verification"": ""UA-49762962-1"", ""viewport"": ""width=device-width, initial-scale=1.0"", ""og:title"": ""Merry-go-round with carousel ride"", ""og:description"": ""In this picture, painted 40 years after the preceding one, the style has been refined. Lines and colors here give their strength to the whole. The painting is dominated not by circles but by a movement from top to bottom and from bottom to top."", ""og:image"": ""http://digitalcollections.aucegypt.edu/iiif/2/p15795coll40:23/full/730,/0/default.jpg"", ""og:url"": ""https://digitalcollections.aucegypt.edu/digital/collection/p15795coll40/id/23/"", ""og:type"": ""website""}"
24,Comprehensive perspective of the recumbent painter,Margo Veillon,,Margo Veillon Art Collection,oil on canvas,oil paintings (visual works),paintings (visual works),Between the figures sometimes leaving their frames in a kind of chaos and the wonderful colored work on the window -a painting by itself-the artist is comfortably installed and constitutes a stable space.,"American University in Cairo, Egypt",https://digitalcollections.aucegypt.edu/digital/collection/p15795coll40/id/24/,"http://digitalcollections.aucegypt.edu/iiif/2/p15795coll40:24/full/730,/0/default.jpg",margo_data/images/0024.jpg,"{""title"": ""Comprehensive perspective of the recumbent painter"", ""titlea"": ""منظورشامل للرسام الراقد"", ""titleb"": ""Une perspective globale du peintre couché"", ""creata"": ""Margo Veillon"", ""creato"": ""Egyptian-Swiss"", ""descri"": ""Between the figures sometimes leaving their frames in a kind of chaos and the wonderful colored work on the window -a painting by itself-the artist is comfortably installed and constitutes a stable space."", ""descra"": ""Margo Veillon, 1988"", ""locati"": ""American University in Cairo, Egypt"", ""covera"": ""oil on canvas"", ""artwor"": ""80 cm x 60 cm"", ""medium"": ""paintings (visual works)"", ""type"": ""oil paintings (visual works)"", ""format"": ""Impressionist (style)"", ""collec"": ""Margo Veillon Art Collection"", ""source"": ""American University in Cairo"", ""licens"": ""Copyright the American University in Cairo"", ""rights"": ""To inquire about rights and permissions, contact the Rare Books and Special Collections Library, The American University in Cairo at +20.2.2615.3676 or rbscl-ref@aucegypt.edu."", ""google-site-verification"": ""UA-49762962-1"", ""viewport"": ""width=device-width, initial-scale=1.0"", ""og:title"": ""Comprehensive perspective of the recumbent painter"", ""og:description"": ""Between the figures sometimes leaving their frames in a kind of chaos and the wonderful colored work on the window -a painting by itself-the artist is comfortably installed and constitutes a stable space."", ""og:image"": ""http://digitalcollections.aucegypt.edu/iiif/2/p15795coll40:24/full/730,/0/default.jpg"", ""og:url"": ""https://digitalcollections.aucegypt.edu/digital/collection/p15795coll40/id/24/"", ""og:type"": ""website""}"
25,Dark cloud,Margo Veillon,,Margo Veillon Art Collection,oil on canvas,oil paintings (visual works),paintings (visual works),"A new treatment in the studio of the preceding picture. This painting has a magnificent light, strongly underlined by the thick black contours defining the mountains.","American University in Cairo, Egypt",https://digitalcollections.aucegypt.edu/digital/collection/p15795coll40/id/25/,"http://digitalcollections.aucegypt.edu/iiif/2/p15795coll40:25/full/730,/0/default.jpg",margo_data/images/0025.jpg,"{""title"": ""Dark cloud"", ""titlea"": ""السحابة المظلمة"", ""titleb"": ""Le nuage noir"", ""creata"": ""Margo Veillon"", ""creato"": ""Egyptian-Swiss"", ""descri"": ""A new treatment in the studio of the preceding picture. This painting has a magnificent light, strongly underlined by the thick black contours defining the mountains."", ""descra"": ""Margo Veillon, 1985"", ""locati"": ""American University in Cairo, Egypt"", ""covera"": ""oil on canvas"", ""artwor"": ""77 cm x 66 cm"", ""medium"": ""paintings (visual works)"", ""type"": ""oil paintings (visual works)"", ""format"": ""Impressionist (style)"", ""collec"": ""Margo Veillon Art Collection"", ""source"": ""American University in Cairo"", ""licens"": ""Copyright the American University in Cairo"", ""rights"": ""To inquire about rights and permissions, contact the Rare Books and Special Collections Library, The American University in Cairo at +20.2.2615.3676 or rbscl-ref@aucegypt.edu."", ""google-site-verification"": ""UA-49762962-1"", ""viewport"": ""width=device-width, initial-scale=1.0"", ""og:title"": ""Dark cloud"", ""og:description"": ""A new treatment in the studio of the preceding picture. This painting has a magnificent light, strongly underlined by the thick black contours defining the mountains."", ""og:image"": ""http://digitalcollections.aucegypt.edu/iiif/2/p15795coll40:25/full/730,/0/default.jpg"", ""og:url"": ""https://digitalcollections.aucegypt.edu/digital/collection/p15795coll40/id/25/"", ""og:type"": ""website""}"
26,Mango eaters,Margo Veillon,,Margo Veillon Art Collection,oil on canvas,oil paintings (visual works),paintings (visual works),"One of the rare oils from the travels in Sudan and Ethiopia. Margo Veillon was particularly struck by the tall bodies during this trip. They lend this painting its character, along with the color of the mangoes.","American University in Cairo, Egypt",https://digitalcollections.aucegypt.edu/digital/collection/p15795coll40/id/26/,"http://digitalcollections.aucegypt.edu/iiif/2/p15795coll40:26/full/730,/0/default.jpg",margo_data/images/0026.jpg,"{""title"": ""Mango eaters"", ""titlea"": ""اكلي المانجو"", ""titleb"": ""Mangeurs de mangue"", ""creata"": ""Margo Veillon"", ""creato"": ""Egyptian-Swiss"", ""descri"": ""One of the rare oils from the travels in Sudan and Ethiopia. Margo Veillon was particularly struck by the tall bodies during this trip. They lend this painting its character, along with the color of the mangoes."", ""descra"": ""Margo Veillon"", ""locati"": ""American University in Cairo, Egypt"", ""covera"": ""oil on canvas"", ""artwor"": ""74 cm x 100cm"", ""medium"": ""paintings (visual works)"", ""type"": ""oil paintings (visual works)"", ""format"": ""Impressionist (style)"", ""collec"": ""Margo Veillon Art Collection"", ""source"": ""American University in Cairo"", ""licens"": ""Copyright the American University in Cairo"", ""rights"": ""To inquire about rights and permissions, contact the Rare Books and Special Collections Library, The American University in Cairo at +20.2.2615.3676 or rbscl-ref@aucegypt.edu."", ""google-site-verification"": ""UA-49762962-1"", ""viewport"": ""width=device-width, initial-scale=1.0"", ""og:title"": ""Mango eaters"", ""og:description"": ""One of the rare oils from the travels in Sudan and Ethiopia. Margo Veillon was particularly struck by the tall bodies during this trip. They lend this painting its character, along with the color of the mangoes."", ""og:image"": ""http://digitalcollections.aucegypt.edu/iiif/2/p15795coll40:26/full/730,/0/default.jpg"", ""og:url"": ""https://digitalcollections.aucegypt.edu/digital/collection/p15795coll40/id/26/"", ""og:type"": ""website""}"
27,Riders,Margo Veillon,,Margo Veillon Art Collection,oil on canvas,oil paintings (visual works),paintings (visual works),"In the Egyptian festivals, horses are a favorite subject for the artist. In this painting, the board black strokes that support certain contours give the canvas a perfect balance.","American University in Cairo, Egypt",https://digitalcollections.aucegypt.edu/digital/collection/p15795coll40/id/27/,"http://digitalcollections.aucegypt.edu/iiif/2/p15795coll40:27/full/730,/0/default.jpg",margo_data/images/0027.jpg,"{""title"": ""Riders"", ""titlea"": ""الخياله"", ""titleb"": ""Cavaliers"", ""creata"": ""Margo Veillon"", ""creato"": ""Egyptian-Swiss"", ""descri"": ""In the Egyptian festivals, horses are a favorite subject for the artist. In this painting, the board black strokes that support certain contours give the canvas a perfect balance."", ""descra"": ""Margo Veillon, 1958"", ""locati"": ""American University in Cairo, Egypt"", ""covera"": ""oil on canvas"", ""artwor"": ""67 cm x 96 cm"", ""medium"": ""paintings (visual works)"", ""type"": ""oil paintings (visual works)"", ""format"": ""Impressionist (style)"", ""collec"": ""Margo Veillon Art Collection"", ""source"": ""American University in Cairo"", ""licens"": ""Copyright the American University in Cairo"", ""rights"": ""To inquire about rights and permissions, contact the Rare Books and Special Collections Library, The American University in Cairo at +20.2.2615.3676 or rbscl-ref@aucegypt.edu."", ""google-site-verification"": ""UA-49762962-1"", ""viewport"": ""width=device-width, initial-scale=1.0"", ""og:title"": ""Riders"", ""og:description"": ""In the Egyptian festivals, horses are a favorite subject for the artist. In this painting, the board black strokes that support certain contours give the canvas a perfect balance."", ""og:image"": ""http://digitalcollections.aucegypt.edu/iiif/2/p15795coll40:27/full/730,/0/default.jpg"", ""og:url"": ""https://digitalcollections.aucegypt.edu/digital/collection/p15795coll40/id/27/"", ""og:type"": ""website""}"
28,Workshop and arcade,Margo Veillon,,Margo Veillon Art Collection,oil on canvas,oil paintings (visual works),paintings (visual works),"Before painting the oils of the perspectives series, Margo Veillon: """"It would be interesting to try sitting in front of a mirror: in drawing oneself sensing it. This would produce quite extraordinarily unreal forms.""""","American University in Cairo, Egypt",https://digitalcollections.aucegypt.edu/digital/collection/p15795coll40/id/28/,"http://digitalcollections.aucegypt.edu/iiif/2/p15795coll40:28/full/730,/0/default.jpg",margo_data/images/0028.jpg,"{""title"": ""Workshop and arcade"", ""titlea"": ""ورشة العمل و الممر"", ""titleb"": ""l'atelier et l'arcade"", ""creata"": ""Margo Veillon"", ""creato"": ""Egyptian-Swiss"", ""descri"": ""Before painting the oils of the perspectives series, Margo Veillon: \""\""It would be interesting to try sitting in front of a mirror: in drawing oneself sensing it. This would produce quite extraordinarily unreal forms.\""\"""", ""descra"": ""Margo Veillon, 1989"", ""locati"": ""American University in Cairo, Egypt"", ""covera"": ""oil on canvas"", ""artwor"": ""113 cm x 79 cm"", ""medium"": ""paintings (visual works)"", ""type"": ""oil paintings (visual works)"", ""format"": ""Impressionist (style)"", ""collec"": ""Margo Veillon Art Collection"", ""source"": ""American University in Cairo"", ""licens"": ""Copyright the American University in Cairo"", ""rights"": ""To inquire about rights and permissions, contact the Rare Books and Special Collections Library, The American University in Cairo at +20.2.2615.3676 or rbscl-ref@aucegypt.edu."", ""google-site-verification"": ""UA-49762962-1"", ""viewport"": ""width=device-width, initial-scale=1.0"", ""og:title"": ""Workshop and arcade"", ""og:description"": ""Before painting the oils of the perspectives series, Margo Veillon: \""\""It would be interesting to try sitting in front of a mirror: in drawing oneself sensing it. This would produce quite extraordinarily unreal forms.\""\"""", ""og:image"": ""http://digitalcollections.aucegypt.edu/iiif/2/p15795coll40:28/full/730,/0/default.jpg"", ""og:url"": ""https://digitalcollections.aucegypt.edu/digital/collection/p15795coll40/id/28/"", ""og:type"": ""website""}"
29,Comprehensive perspective with tables,Margo Veillon,,Margo Veillon Art Collection,oil on canvas,oil paintings (visual works),paintings (visual works),"This is unquestionably one of the most perfect Margo Veillon paintings. The balance in imbalance, the richness of the contrasts, and the composition give an impression of openness and unique depth.","American University in Cairo, Egypt",https://digitalcollections.aucegypt.edu/digital/collection/p15795coll40/id/29/,"http://digitalcollections.aucegypt.edu/iiif/2/p15795coll40:29/full/730,/0/default.jpg",margo_data/images/0029.jpg,"{""title"": ""Comprehensive perspective with tables"", ""titlea"": ""منظور شامل مع الطاولات"", ""titleb"": ""Une perspective globale avec des tableaux"", ""creata"": ""Margo Veillon"", ""creato"": ""Egyptian-Swiss"", ""descri"": ""This is unquestionably one of the most perfect Margo Veillon paintings. The balance in imbalance, the richness of the contrasts, and the composition give an impression of openness and unique depth."", ""descra"": ""Margo Veillon, 1988"", ""locati"": ""American University in Cairo, Egypt"", ""covera"": ""oil on canvas"", ""artwor"": ""88 cm x 120 cm"", ""medium"": ""paintings (visual works)"", ""type"": ""oil paintings (visual works)"", ""format"": ""Abstract (modern European style)"", ""collec"": ""Margo Veillon Art Collection"", ""source"": ""American University in Cairo"", ""licens"": ""Copyright the American University in Cairo"", ""rights"": ""To inquire about rights and permissions, contact the Rare Books and Special Collections Library, The American University in Cairo at +20.2.2615.3676 or rbscl-ref@aucegypt.edu."", ""google-site-verification"": ""UA-49762962-1"", ""viewport"": ""width=device-width, initial-scale=1.0"", ""og:title"": ""Comprehensive perspective with tables"", ""og:description"": ""This is unquestionably one of the most perfect Margo Veillon paintings. The balance in imbalance, the richness of the contrasts, and the composition give an impression of openness and unique depth."", ""og:image"": ""http://digitalcollections.aucegypt.edu/iiif/2/p15795coll40:29/full/730,/0/default.jpg"", ""og:url"": ""https://digitalcollections.aucegypt.edu/digital/collection/p15795coll40/id/29/"", ""og:type"": ""website""}"
30,Unloading fodder,Margo Veillon,,Margo Veillon Art Collection,oil on canvas,oil paintings (visual works),paintings (visual works),"A very classical theme (divided into three thirds: land, sea, and sky), this painting acquires an extra dimension from the lines of the masts. The uniform background of the land makes the ‘walking bales of fodder’ stand out.","American University in Cairo, Egypt",https://digitalcollections.aucegypt.edu/digital/collection/p15795coll40/id/30/,"http://digitalcollections.aucegypt.edu/iiif/2/p15795coll40:30/full/730,/0/default.jpg",margo_data/images/0030.jpg,"{""title"": ""Unloading fodder"", ""titlea"": ""تفريغ العلف"", ""titleb"": ""Décharger le fourrage"", ""creata"": ""Margo Veillon"", ""creato"": ""Egyptian-Swiss"", ""descri"": ""A very classical theme (divided into three thirds: land, sea, and sky), this painting acquires an extra dimension from the lines of the masts. The uniform background of the land makes the ‘walking bales of fodder’ stand out."", ""descra"": ""Margo Veillon, 1994"", ""locati"": ""American University in Cairo, Egypt"", ""covera"": ""oil on canvas"", ""artwor"": ""105 cm x 79 cm"", ""medium"": ""paintings (visual works)"", ""type"": ""oil paintings (visual works)"", ""format"": ""Impressionist (style)"", ""collec"": ""Margo Veillon Art Collection"", ""source"": ""American University in Cairo"", ""licens"": ""Copyright the American University in Cairo"", ""rights"": ""To inquire about rights and permissions, contact the Rare Books and Special Collections Library, The American University in Cairo at +20.2.2615.3676 or rbscl-ref@aucegypt.edu."", ""google-site-verification"": ""UA-49762962-1"", ""viewport"": ""width=device-width, initial-scale=1.0"", ""og:title"": ""Unloading fodder"", ""og:description"": ""A very classical theme (divided into three thirds: land, sea, and sky), this painting acquires an extra dimension from the lines of the masts. The uniform background of the land makes the ‘walking bales of fodder’ stand out."", ""og:image"": ""http://digitalcollections.aucegypt.edu/iiif/2/p15795coll40:30/full/730,/0/default.jpg"", ""og:url"": ""https://digitalcollections.aucegypt.edu/digital/collection/p15795coll40/id/30/"", ""og:type"": ""website""}"
31,Women carrying water,Margo Veillon,,Margo Veillon Art Collection,oil on canvas,oil paintings (visual works),paintings (visual works),"This stylized picture, which appears unfinished, carries Margo Vellion’s signature. The artist has picked up, years later, a theme dear to her that she has drawn many times, here transforming the scene by reducing it to its essentials.","American University in Cairo, Egypt",https://digitalcollections.aucegypt.edu/digital/collection/p15795coll40/id/31/,"http://digitalcollections.aucegypt.edu/iiif/2/p15795coll40:31/full/730,/0/default.jpg",margo_data/images/0031.jpg,"{""title"": ""Women carrying water"", ""titlea"": ""نساء يحملن الماء"", ""titleb"": ""Femmes transportant de l'eau"", ""creata"": ""Margo Veillon"", ""creato"": ""Egyptian-Swiss"", ""descri"": ""This stylized picture, which appears unfinished, carries Margo Vellion’s signature. The artist has picked up, years later, a theme dear to her that she has drawn many times, here transforming the scene by reducing it to its essentials."", ""descra"": ""Margo Veillon, 1994"", ""locati"": ""American University in Cairo, Egypt"", ""covera"": ""oil on canvas"", ""artwor"": ""86 cm x 68 cm"", ""medium"": ""paintings (visual works)"", ""type"": ""oil paintings (visual works)"", ""format"": ""Impressionist (style)"", ""collec"": ""Margo Veillon Art Collection"", ""source"": ""American University in Cairo"", ""licens"": ""Copyright the American University in Cairo"", ""rights"": ""To inquire about rights and permissions, contact the Rare Books and Special Collections Library, The American University in Cairo at +20.2.2615.3676 or rbscl-ref@aucegypt.edu."", ""google-site-verification"": ""UA-49762962-1"", ""viewport"": ""width=device-width, initial-scale=1.0"", ""og:title"": ""Women carrying water"", ""og:description"": ""This stylized picture, which appears unfinished, carries Margo Vellion’s signature. The artist has picked up, years later, a theme dear to her that she has drawn many times, here transforming the scene by reducing it to its essentials."", ""og:image"": ""http://digitalcollections.aucegypt.edu/iiif/2/p15795coll40:31/full/730,/0/default.jpg"", ""og:url"": ""https://digitalcollections.aucegypt.edu/digital/collection/p15795coll40/id/31/"", ""og:type"": ""website""}"
32,Blackboard,Margo Veillon,,Margo Veillon Art Collection,oil on canvas,oil paintings (visual works),paintings (visual works),"One of the most enigmatic paintings of the series, showing another perspective. A black painting and a white painting occupy the center of the space and give an odd, almost fantastic atmosphere.","American University in Cairo, Egypt",https://digitalcollections.aucegypt.edu/digital/collection/p15795coll40/id/32/,"http://digitalcollections.aucegypt.edu/iiif/2/p15795coll40:32/full/730,/0/default.jpg",margo_data/images/0032.jpg,"{""title"": ""Blackboard"", ""titlea"": ""اللوحه السوداء"", ""titleb"": ""Tableau noir"", ""creata"": ""Margo Veillon"", ""creato"": ""Egyptian-Swiss"", ""descri"": ""One of the most enigmatic paintings of the series, showing another perspective. A black painting and a white painting occupy the center of the space and give an odd, almost fantastic atmosphere."", ""descra"": ""Margo Veillon, 1989"", ""locati"": ""American University in Cairo, Egypt"", ""covera"": ""oil on canvas"", ""artwor"": ""139 cm x 110 cm"", ""medium"": ""paintings (visual works)"", ""type"": ""oil paintings (visual works)"", ""format"": ""Impressionist (style)"", ""collec"": ""Margo Veillon Art Collection"", ""source"": ""American University in Cairo"", ""licens"": ""Copyright the American University in Cairo"", ""rights"": ""To inquire about rights and permissions, contact the Rare Books and Special Collections Library, The American University in Cairo at +20.2.2615.3676 or rbscl-ref@aucegypt.edu."", ""google-site-verification"": ""UA-49762962-1"", ""viewport"": ""width=device-width, initial-scale=1.0"", ""og:title"": ""Blackboard"", ""og:description"": ""One of the most enigmatic paintings of the series, showing another perspective. A black painting and a white painting occupy the center of the space and give an odd, almost fantastic atmosphere."", ""og:image"": ""http://digitalcollections.aucegypt.edu/iiif/2/p15795coll40:32/full/730,/0/default.jpg"", ""og:url"": ""https://digitalcollections.aucegypt.edu/digital/collection/p15795coll40/id/32/"", ""og:type"": ""website""}"
33,Destiny,Margo Veillon,,Margo Veillon Art Collection,Tempera on canvas/oil on canvas,tempera paintings,paintings (visual works),At least two torn figures hang on to each other desperately. The profiles are entangled and repeated. It is the time of the fall and the endless vortex of a world where everything becomes muddled.,"American University in Cairo, Egypt",https://digitalcollections.aucegypt.edu/digital/collection/p15795coll40/id/33/,"http://digitalcollections.aucegypt.edu/iiif/2/p15795coll40:33/full/730,/0/default.jpg",margo_data/images/0033.jpg,"{""title"": ""Destiny"", ""titlea"": ""القدر"", ""titleb"": ""Le destin"", ""creata"": ""Margo Veillon"", ""creato"": ""Egyptian-Swiss"", ""descri"": ""At least two torn figures hang on to each other desperately. The profiles are entangled and repeated. It is the time of the fall and the endless vortex of a world where everything becomes muddled."", ""descra"": ""Margo Veillon, 1964"", ""locati"": ""American University in Cairo, Egypt"", ""covera"": ""Tempera on canvas/oil on canvas"", ""artwor"": ""60 cm x 47 cm"", ""medium"": ""paintings (visual works)"", ""type"": ""tempera paintings"", ""format"": ""Surrealist"", ""collec"": ""Margo Veillon Art Collection"", ""source"": ""American University in Cairo"", ""licens"": ""Copyright the American University in Cairo"", ""rights"": ""To inquire about rights and permissions, contact the Rare Books and Special Collections Library, The American University in Cairo at +20.2.2615.3676 or rbscl-ref@aucegypt.edu."", ""google-site-verification"": ""UA-49762962-1"", ""viewport"": ""width=device-width, initial-scale=1.0"", ""og:title"": ""Destiny"", ""og:description"": ""At least two torn figures hang on to each other desperately. The profiles are entangled and repeated. It is the time of the fall and the endless vortex of a world where everything becomes muddled."", ""og:image"": ""http://digitalcollections.aucegypt.edu/iiif/2/p15795coll40:33/full/730,/0/default.jpg"", ""og:url"": ""https://digitalcollections.aucegypt.edu/digital/collection/p15795coll40/id/33/"", ""og:type"": ""website""}"
34,Perspective and green chair,Margo Veillon,,Margo Veillon Art Collection,oil on canvas,oil paintings (visual works),paintings (visual works),"One of the smallest in the series, and one of the last three oils of Margo Veillon. All seems to have found its place, and the brown hue gives the scene a quiet character","American University in Cairo, Egypt",https://digitalcollections.aucegypt.edu/digital/collection/p15795coll40/id/34/,"http://digitalcollections.aucegypt.edu/iiif/2/p15795coll40:34/full/730,/0/default.jpg",margo_data/images/0034.jpg,"{""title"": ""Perspective and green chair"", ""titlea"": ""منظور وكرسي أخضر"", ""titleb"": ""Perspective et chaise verte"", ""creata"": ""Margo Veillon"", ""creato"": ""Egyptian-Swiss"", ""descri"": ""One of the smallest in the series, and one of the last three oils of Margo Veillon. All seems to have found its place, and the brown hue gives the scene a quiet character"", ""descra"": ""Margo Veillon, 1998"", ""locati"": ""American University in Cairo, Egypt"", ""covera"": ""oil on canvas"", ""artwor"": ""77 cm x 67 cm"", ""medium"": ""paintings (visual works)"", ""type"": ""oil paintings (visual works)"", ""format"": ""Impressionist (style)"", ""collec"": ""Margo Veillon Art Collection"", ""source"": ""American University in Cairo"", ""licens"": ""Copyright the American University in Cairo"", ""rights"": ""To inquire about rights and permissions, contact the Rare Books and Special Collections Library, The American University in Cairo at +20.2.2615.3676 or rbscl-ref@aucegypt.edu."", ""google-site-verification"": ""UA-49762962-1"", ""viewport"": ""width=device-width, initial-scale=1.0"", ""og:title"": ""Perspective and green chair"", ""og:description"": ""One of the smallest in the series, and one of the last three oils of Margo Veillon. All seems to have found its place, and the brown hue gives the scene a quiet character"", ""og:image"": ""http://digitalcollections.aucegypt.edu/iiif/2/p15795coll40:34/full/730,/0/default.jpg"", ""og:url"": ""https://digitalcollections.aucegypt.edu/digital/collection/p15795coll40/id/34/"", ""og:type"": ""website""}"
35,Perspective and orange curtain,Margo Veillon,,Margo Veillon Art Collection,oil on canvas,oil paintings (visual works),paintings (visual works),"Speaking of the Perspectives, Margo Veillon recalls """"the rapidness of the stroke and the concentration on true sensation."""" This painting is a good illustration of that. It goes straight for the essential and seems to be drawn in one line.","American University in Cairo, Egypt",https://digitalcollections.aucegypt.edu/digital/collection/p15795coll40/id/35/,"http://digitalcollections.aucegypt.edu/iiif/2/p15795coll40:35/full/730,/0/default.jpg",margo_data/images/0035.jpg,"{""title"": ""Perspective and orange curtain"", ""titlea"": ""منظور وستارة برتقالية"", ""titleb"": ""Perspective et rideau orange"", ""creata"": ""Margo Veillon"", ""creato"": ""Egyptian-Swiss"", ""descri"": ""Speaking of the Perspectives, Margo Veillon recalls \""\""the rapidness of the stroke and the concentration on true sensation.\""\"" This painting is a good illustration of that. It goes straight for the essential and seems to be drawn in one line."", ""descra"": ""Margo Veillon, 1998"", ""locati"": ""American University in Cairo, Egypt"", ""covera"": ""oil on canvas"", ""artwor"": ""100 cm x 80 cm"", ""medium"": ""paintings (visual works)"", ""type"": ""oil paintings (visual works)"", ""format"": ""Impressionist (style)"", ""collec"": ""Margo Veillon Art Collection"", ""source"": ""American University in Cairo"", ""licens"": ""Copyright the American University in Cairo"", ""rights"": ""To inquire about rights and permissions, contact the Rare Books and Special Collections Library, The American University in Cairo at +20.2.2615.3676 or rbscl-ref@aucegypt.edu."", ""google-site-verification"": ""UA-49762962-1"", ""viewport"": ""width=device-width, initial-scale=1.0"", ""og:title"": ""Perspective and orange curtain"", ""og:description"": ""Speaking of the Perspectives, Margo Veillon recalls \""\""the rapidness of the stroke and the concentration on true sensation.\""\"" This painting is a good illustration of that. It goes straight for the essential and seems to be drawn in one line."", ""og:image"": ""http://digitalcollections.aucegypt.edu/iiif/2/p15795coll40:35/full/730,/0/default.jpg"", ""og:url"": ""https://digitalcollections.aucegypt.edu/digital/collection/p15795coll40/id/35/"", ""og:type"": ""website""}"
36,All-encompassing perspective with mirror,Margo Veillon,,Margo Veillon Art Collection,oil on canvas,oil paintings (visual works),paintings (visual works),"The whole project of the perspectives is found here. The artist appears in the center, in the mirror between the window and her drawing. The game of duplication shows in the artist and in the window, of which the mirror is a miniature.","American University in Cairo, Egypt",https://digitalcollections.aucegypt.edu/digital/collection/p15795coll40/id/36/,"http://digitalcollections.aucegypt.edu/iiif/2/p15795coll40:36/full/730,/0/default.jpg",margo_data/images/0036.jpg,"{""title"": ""All-encompassing perspective with mirror"", ""titlea"": ""منظور شامل مع المراه"", ""titleb"": ""Perspective globale avec miroir"", ""creata"": ""Margo Veillon"", ""creato"": ""Egyptian-Swiss"", ""descri"": ""The whole project of the perspectives is found here. The artist appears in the center, in the mirror between the window and her drawing. The game of duplication shows in the artist and in the window, of which the mirror is a miniature."", ""descra"": ""Margo Veillon, 1986"", ""locati"": ""American University in Cairo, Egypt"", ""covera"": ""oil on canvas"", ""artwor"": ""68 cm x 99 cm"", ""medium"": ""paintings (visual works)"", ""type"": ""oil paintings (visual works)"", ""format"": ""Impressionist (style)"", ""collec"": ""Margo Veillon Art Collection"", ""source"": ""American University in Cairo"", ""licens"": ""Copyright the American University in Cairo"", ""rights"": ""To inquire about rights and permissions, contact the Rare Books and Special Collections Library, The American University in Cairo at +20.2.2615.3676 or rbscl-ref@aucegypt.edu."", ""google-site-verification"": ""UA-49762962-1"", ""viewport"": ""width=device-width, initial-scale=1.0"", ""og:title"": ""All-encompassing perspective with mirror"", ""og:description"": ""The whole project of the perspectives is found here. The artist appears in the center, in the mirror between the window and her drawing. The game of duplication shows in the artist and in the window, of which the mirror is a miniature."", ""og:image"": ""http://digitalcollections.aucegypt.edu/iiif/2/p15795coll40:36/full/730,/0/default.jpg"", ""og:url"": ""https://digitalcollections.aucegypt.edu/digital/collection/p15795coll40/id/36/"", ""og:type"": ""website""}"
37,All-encompassing perspective of the workshop,Margo Veillon,,Margo Veillon Art Collection,oil on canvas,oil paintings (visual works),paintings (visual works),"Once more, there are two representations of the painter, the one from the front, more or less realistic, and the other from the back, openly abstract. Here is another picture, placed on an easel, that is the center of the painting.","American University in Cairo, Egypt",https://digitalcollections.aucegypt.edu/digital/collection/p15795coll40/id/37/,"http://digitalcollections.aucegypt.edu/iiif/2/p15795coll40:37/full/730,/0/default.jpg",margo_data/images/0037.jpg,"{""title"": ""All-encompassing perspective of the workshop"", ""titlea"": ""منظور شامل لورشه العمل"", ""titleb"": ""Une vision englobante de l'atelier"", ""creata"": ""Margo Veillon"", ""creato"": ""Egyptian-Swiss"", ""descri"": ""Once more, there are two representations of the painter, the one from the front, more or less realistic, and the other from the back, openly abstract. Here is another picture, placed on an easel, that is the center of the painting."", ""descra"": ""Margo Veillon, 1986"", ""locati"": ""American University in Cairo, Egypt"", ""covera"": ""oil on canvas"", ""artwor"": ""127 cm x 87 cm"", ""medium"": ""paintings (visual works)"", ""type"": ""oil paintings (visual works)"", ""format"": ""Impressionist (style)"", ""collec"": ""Margo Veillon Art Collection"", ""source"": ""American University in Cairo"", ""licens"": ""Copyright the American University in Cairo"", ""rights"": ""To inquire about rights and permissions, contact the Rare Books and Special Collections Library, The American University in Cairo at +20.2.2615.3676 or rbscl-ref@aucegypt.edu."", ""google-site-verification"": ""UA-49762962-1"", ""viewport"": ""width=device-width, initial-scale=1.0"", ""og:title"": ""All-encompassing perspective of the workshop"", ""og:description"": ""Once more, there are two representations of the painter, the one from the front, more or less realistic, and the other from the back, openly abstract. Here is another picture, placed on an easel, that is the center of the painting."", ""og:image"": ""http://digitalcollections.aucegypt.edu/iiif/2/p15795coll40:37/full/730,/0/default.jpg"", ""og:url"": ""https://digitalcollections.aucegypt.edu/digital/collection/p15795coll40/id/37/"", ""og:type"": ""website""}"
38,Kharga oasis,Margo Veillon,,Margo Veillon Art Collection,oil on canvas,oil paintings (visual works),paintings (visual works),"This painting was made on-site, using pigments from the Kharga Oasis in the Western Desert, which explains the strength of the ochre from which several patches of lively colors, defining figures in the foreground, stand out.","American University in Cairo, Egypt",https://digitalcollections.aucegypt.edu/digital/collection/p15795coll40/id/38/,"http://digitalcollections.aucegypt.edu/iiif/2/p15795coll40:38/full/730,/0/default.jpg",margo_data/images/0038.jpg,"{""title"": ""Kharga oasis"", ""titlea"": ""واحه الخارجه"", ""titleb"": ""Oasis de Kharga"", ""creata"": ""Margo Veillon"", ""creato"": ""Egyptian-Swiss"", ""descri"": ""This painting was made on-site, using pigments from the Kharga Oasis in the Western Desert, which explains the strength of the ochre from which several patches of lively colors, defining figures in the foreground, stand out."", ""descra"": ""Margo Veillon, 1948"", ""locati"": ""American University in Cairo, Egypt"", ""covera"": ""oil on canvas"", ""artwor"": ""34 cm x 28 cm"", ""medium"": ""paintings (visual works)"", ""type"": ""oil paintings (visual works)"", ""format"": ""Impressionist (style)"", ""collec"": ""Margo Veillon Art Collection"", ""source"": ""American University in Cairo"", ""licens"": ""Copyright the American University in Cairo"", ""rights"": ""To inquire about rights and permissions, contact the Rare Books and Special Collections Library, The American University in Cairo at +20.2.2615.3676 or rbscl-ref@aucegypt.edu."", ""google-site-verification"": ""UA-49762962-1"", ""viewport"": ""width=device-width, initial-scale=1.0"", ""og:title"": ""Kharga oasis"", ""og:description"": ""This painting was made on-site, using pigments from the Kharga Oasis in the Western Desert, which explains the strength of the ochre from which several patches of lively colors, defining figures in the foreground, stand out."", ""og:image"": ""http://digitalcollections.aucegypt.edu/iiif/2/p15795coll40:38/full/730,/0/default.jpg"", ""og:url"": ""https://digitalcollections.aucegypt.edu/digital/collection/p15795coll40/id/38/"", ""og:type"": ""website""}"
39,Gebel yahmum and bright blue sky,Margo Veillon,,Margo Veillon Art Collection,oil on canvas,oil paintings (visual works),paintings (visual works),This series of three paintings in the same format of an identical landscape seeks to capture and reproduce the light in all its nuances and especially its transient side. Light changes and the painter tries to fix it.,"American University in Cairo, Egypt",https://digitalcollections.aucegypt.edu/digital/collection/p15795coll40/id/39/,"http://digitalcollections.aucegypt.edu/iiif/2/p15795coll40:39/full/730,/0/default.jpg",margo_data/images/0039.jpg,"{""title"": ""Gebel yahmum and bright blue sky"", ""titlea"": ""جبل يحموم و السماء الزرقاء"", ""titleb"": ""Gebel Yahmum et ciel bleu vif"", ""creata"": ""Margo Veillon"", ""creato"": ""Egyptian-Swiss"", ""descri"": ""This series of three paintings in the same format of an identical landscape seeks to capture and reproduce the light in all its nuances and especially its transient side. Light changes and the painter tries to fix it."", ""descra"": ""Margo Veillon, 1950"", ""locati"": ""American University in Cairo, Egypt"", ""covera"": ""oil on canvas"", ""artwor"": ""40 cm x 32 cm"", ""medium"": ""paintings (visual works)"", ""type"": ""oil paintings (visual works)"", ""format"": ""Impressionist (style)"", ""collec"": ""Margo Veillon Art Collection"", ""source"": ""American University in Cairo"", ""licens"": ""Copyright the American University in Cairo"", ""rights"": ""To inquire about rights and permissions, contact the Rare Books and Special Collections Library, The American University in Cairo at +20.2.2615.3676 or rbscl-ref@aucegypt.edu."", ""google-site-verification"": ""UA-49762962-1"", ""viewport"": ""width=device-width, initial-scale=1.0"", ""og:title"": ""Gebel yahmum and bright blue sky"", ""og:description"": ""This series of three paintings in the same format of an identical landscape seeks to capture and reproduce the light in all its nuances and especially its transient side. Light changes and the painter tries to fix it."", ""og:image"": ""http://digitalcollections.aucegypt.edu/iiif/2/p15795coll40:39/full/730,/0/default.jpg"", ""og:url"": ""https://digitalcollections.aucegypt.edu/digital/collection/p15795coll40/id/39/"", ""og:type"": ""website""}"
40,Self-portrait and tree,Margo Veillon,,Margo Veillon Art Collection,oil on canvas,oil paintings (visual works),paintings (visual works),The artist's hand and its double detached from her body (on the right) visually counterbalance the broad landscape that we are presented with through the window; between the two is the body of the mediating artist.,"American University in Cairo, Egypt",https://digitalcollections.aucegypt.edu/digital/collection/p15795coll40/id/40/,"http://digitalcollections.aucegypt.edu/iiif/2/p15795coll40:40/full/730,/0/default.jpg",margo_data/images/0040.jpg,"{""title"": ""Self-portrait and tree"", ""titlea"": ""الصورة الذاتية والشجرة"", ""titleb"": ""Autoportrait et l'arbre"", ""creata"": ""Margo Veillon"", ""creato"": ""Egyptian-Swiss"", ""descri"": ""The artist's hand and its double detached from her body (on the right) visually counterbalance the broad landscape that we are presented with through the window; between the two is the body of the mediating artist."", ""descra"": ""Margo Veillon, 1987"", ""locati"": ""American University in Cairo, Egypt"", ""covera"": ""oil on canvas"", ""artwor"": ""106 cm x 86 cm"", ""medium"": ""paintings (visual works)"", ""type"": ""oil paintings (visual works)"", ""format"": ""Expressionist (style)"", ""collec"": ""Margo Veillon Art Collection"", ""source"": ""American University in Cairo"", ""licens"": ""Copyright the American University in Cairo"", ""rights"": ""To inquire about rights and permissions, contact the Rare Books and Special Collections Library, The American University in Cairo at +20.2.2615.3676 or rbscl-ref@aucegypt.edu."", ""google-site-verification"": ""UA-49762962-1"", ""viewport"": ""width=device-width, initial-scale=1.0"", ""og:title"": ""Self-portrait and tree"", ""og:description"": ""The artist's hand and its double detached from her body (on the right) visually counterbalance the broad landscape that we are presented with through the window; between the two is the body of the mediating artist."", ""og:image"": ""http://digitalcollections.aucegypt.edu/iiif/2/p15795coll40:40/full/730,/0/default.jpg"", ""og:url"": ""https://digitalcollections.aucegypt.edu/digital/collection/p15795coll40/id/40/"", ""og:type"": ""website""}"
41,Workshop,Margo Veillon,,Margo Veillon Art Collection,oil on canvas,oil paintings (visual works),paintings (visual works),"This painting is a much more stylized reworking of no. 46. The light and the contrast are much more intense. The landscape here, through its lines and its lively colors, takes its rightful and strong place in the picture.","American University in Cairo, Egypt",https://digitalcollections.aucegypt.edu/digital/collection/p15795coll40/id/41/,"http://digitalcollections.aucegypt.edu/iiif/2/p15795coll40:41/full/730,/0/default.jpg",margo_data/images/0041.jpg,"{""title"": ""Workshop"", ""titlea"": ""ورشه العمل"", ""titleb"": ""Atelier"", ""creata"": ""Margo Veillon"", ""creato"": ""Egyptian-Swiss"", ""descri"": ""This painting is a much more stylized reworking of no. 46. The light and the contrast are much more intense. The landscape here, through its lines and its lively colors, takes its rightful and strong place in the picture."", ""descra"": ""Margo Veillon, 1997"", ""locati"": ""American University in Cairo, Egypt"", ""covera"": ""oil on canvas"", ""artwor"": ""126 cm x 90 cm"", ""medium"": ""paintings (visual works)"", ""type"": ""oil paintings (visual works)"", ""format"": ""Impressionist (style)"", ""collec"": ""Margo Veillon Art Collection"", ""source"": ""American University in Cairo"", ""licens"": ""Copyright the American University in Cairo"", ""rights"": ""To inquire about rights and permissions, contact the Rare Books and Special Collections Library, The American University in Cairo at +20.2.2615.3676 or rbscl-ref@aucegypt.edu."", ""google-site-verification"": ""UA-49762962-1"", ""viewport"": ""width=device-width, initial-scale=1.0"", ""og:title"": ""Workshop"", ""og:description"": ""This painting is a much more stylized reworking of no. 46. The light and the contrast are much more intense. The landscape here, through its lines and its lively colors, takes its rightful and strong place in the picture."", ""og:image"": ""http://digitalcollections.aucegypt.edu/iiif/2/p15795coll40:41/full/730,/0/default.jpg"", ""og:url"": ""https://digitalcollections.aucegypt.edu/digital/collection/p15795coll40/id/41/"", ""og:type"": ""website""}"
42,Making butter,Margo Veillon,,Margo Veillon Art Collection,oil on canvas,oil paintings (visual works),paintings (visual works),"This one tends toward abstraction. Other canvases of this period are of the same craftsmanship, often worked over many times to achieve the right balance.","American University in Cairo, Egypt",https://digitalcollections.aucegypt.edu/digital/collection/p15795coll40/id/42/,"http://digitalcollections.aucegypt.edu/iiif/2/p15795coll40:42/full/730,/0/default.jpg",margo_data/images/0042.jpg,"{""title"": ""Making butter"", ""titlea"": ""صنع الزبده"", ""titleb"": ""Faire du beurre"", ""creata"": ""Margo Veillon"", ""creato"": ""Egyptian-Swiss"", ""descri"": ""This one tends toward abstraction. Other canvases of this period are of the same craftsmanship, often worked over many times to achieve the right balance."", ""descra"": ""Margo Veillon, 1993"", ""locati"": ""American University in Cairo, Egypt"", ""covera"": ""oil on canvas"", ""artwor"": ""115 cm x 75 cm"", ""medium"": ""paintings (visual works)"", ""type"": ""oil paintings (visual works)"", ""format"": ""Impressionist (style)"", ""collec"": ""Margo Veillon Art Collection"", ""source"": ""American University in Cairo"", ""licens"": ""Copyright the American University in Cairo"", ""rights"": ""To inquire about rights and permissions, contact the Rare Books and Special Collections Library, The American University in Cairo at +20.2.2615.3676 or rbscl-ref@aucegypt.edu."", ""google-site-verification"": ""UA-49762962-1"", ""viewport"": ""width=device-width, initial-scale=1.0"", ""og:title"": ""Making butter"", ""og:description"": ""This one tends toward abstraction. Other canvases of this period are of the same craftsmanship, often worked over many times to achieve the right balance."", ""og:image"": ""http://digitalcollections.aucegypt.edu/iiif/2/p15795coll40:42/full/730,/0/default.jpg"", ""og:url"": ""https://digitalcollections.aucegypt.edu/digital/collection/p15795coll40/id/42/"", ""og:type"": ""website""}"
43,Harvest during flood,Margo Veillon,,Margo Veillon Art Collection,oil on canvas,oil paintings (visual works),paintings (visual works),"The figure on the right has been reworked several times. The picture carries a fine movement, with the gestures of the peasants, the branches, and the clouds. The color and the solidity of the earth stand in marked contrast.","American University in Cairo, Egypt",https://digitalcollections.aucegypt.edu/digital/collection/p15795coll40/id/43/,"http://digitalcollections.aucegypt.edu/iiif/2/p15795coll40:43/full/730,/0/default.jpg",margo_data/images/0043.jpg,"{""title"": ""Harvest during flood"", ""titlea"": ""الحصاد اثناء الفيضان"", ""titleb"": ""Récolter pendant le déluge"", ""creata"": ""Margo Veillon"", ""creato"": ""Egyptian-Swiss"", ""descri"": ""The figure on the right has been reworked several times. The picture carries a fine movement, with the gestures of the peasants, the branches, and the clouds. The color and the solidity of the earth stand in marked contrast."", ""descra"": ""Margo Veillon, 1967-90"", ""locati"": ""American University in Cairo, Egypt"", ""covera"": ""oil on canvas"", ""artwor"": ""118 cm x 82 cm"", ""medium"": ""paintings (visual works)"", ""type"": ""oil paintings (visual works)"", ""format"": ""Impressionist (style)"", ""collec"": ""Margo Veillon Art Collection"", ""source"": ""American University in Cairo"", ""licens"": ""Copyright the American University in Cairo"", ""rights"": ""To inquire about rights and permissions, contact the Rare Books and Special Collections Library, The American University in Cairo at +20.2.2615.3676 or rbscl-ref@aucegypt.edu."", ""google-site-verification"": ""UA-49762962-1"", ""viewport"": ""width=device-width, initial-scale=1.0"", ""og:title"": ""Harvest during flood"", ""og:description"": ""The figure on the right has been reworked several times. The picture carries a fine movement, with the gestures of the peasants, the branches, and the clouds. The color and the solidity of the earth stand in marked contrast."", ""og:image"": ""http://digitalcollections.aucegypt.edu/iiif/2/p15795coll40:43/full/730,/0/default.jpg"", ""og:url"": ""https://digitalcollections.aucegypt.edu/digital/collection/p15795coll40/id/43/"", ""og:type"": ""website""}"
44,Lentil eaters,Margo Veillon,,Margo Veillon Art Collection,oil on canvas,oil paintings (visual works),paintings (visual works),Here is another scene of the everyday life of women drawn forty years before and worked again with a fine mastery in the art of composition.,"American University in Cairo, Egypt",https://digitalcollections.aucegypt.edu/digital/collection/p15795coll40/id/44/,"http://digitalcollections.aucegypt.edu/iiif/2/p15795coll40:44/full/730,/0/default.jpg",margo_data/images/0044.jpg,"{""title"": ""Lentil eaters"", ""titlea"": ""اكله العدس"", ""titleb"": ""Les mangeurs de lentilles"", ""creata"": ""Margo Veillon"", ""creato"": ""Egyptian-Swiss"", ""descri"": ""Here is another scene of the everyday life of women drawn forty years before and worked again with a fine mastery in the art of composition."", ""descra"": ""Margo Veillon, 1992"", ""locati"": ""American University in Cairo, Egypt"", ""covera"": ""oil on canvas"", ""artwor"": ""120 cm x 75 cm"", ""medium"": ""paintings (visual works)"", ""type"": ""oil paintings (visual works)"", ""format"": ""Impressionist (style)"", ""collec"": ""Margo Veillon Art Collection"", ""source"": ""American University in Cairo"", ""licens"": ""Copyright the American University in Cairo"", ""rights"": ""To inquire about rights and permissions, contact the Rare Books and Special Collections Library, The American University in Cairo at +20.2.2615.3676 or rbscl-ref@aucegypt.edu."", ""google-site-verification"": ""UA-49762962-1"", ""viewport"": ""width=device-width, initial-scale=1.0"", ""og:title"": ""Lentil eaters"", ""og:description"": ""Here is another scene of the everyday life of women drawn forty years before and worked again with a fine mastery in the art of composition."", ""og:image"": ""http://digitalcollections.aucegypt.edu/iiif/2/p15795coll40:44/full/730,/0/default.jpg"", ""og:url"": ""https://digitalcollections.aucegypt.edu/digital/collection/p15795coll40/id/44/"", ""og:type"": ""website""}"
45,Merry-go-round,Margo Veillon,,Margo Veillon Art Collection,oil on canvas,oil paintings (visual works),paintings (visual works),"The many scenes represented are framed and linked by the round shapes of the background. Everything turns and dances, including the little girl with her ball in the center of the picture.","American University in Cairo, Egypt",https://digitalcollections.aucegypt.edu/digital/collection/p15795coll40/id/45/,"http://digitalcollections.aucegypt.edu/iiif/2/p15795coll40:45/full/730,/0/default.jpg",margo_data/images/0045.jpg,"{""title"": ""Merry-go-round"", ""titlea"": ""جوله المرح"", ""titleb"": ""Manège"", ""creata"": ""Margo Veillon"", ""creato"": ""Egyptian-Swiss"", ""descri"": ""The many scenes represented are framed and linked by the round shapes of the background. Everything turns and dances, including the little girl with her ball in the center of the picture."", ""descra"": ""Margo Veillon, 1955"", ""locati"": ""American University in Cairo, Egypt"", ""covera"": ""oil on canvas"", ""artwor"": ""112 cm x 80 cm"", ""medium"": ""paintings (visual works)"", ""type"": ""oil paintings (visual works)"", ""format"": ""Impressionist (style)"", ""collec"": ""Margo Veillon Art Collection"", ""source"": ""American University in Cairo"", ""licens"": ""Copyright the American University in Cairo"", ""rights"": ""To inquire about rights and permissions, contact the Rare Books and Special Collections Library, The American University in Cairo at +20.2.2615.3676 or rbscl-ref@aucegypt.edu."", ""google-site-verification"": ""UA-49762962-1"", ""viewport"": ""width=device-width, initial-scale=1.0"", ""og:title"": ""Merry-go-round"", ""og:description"": ""The many scenes represented are framed and linked by the round shapes of the background. Everything turns and dances, including the little girl with her ball in the center of the picture."", ""og:image"": ""http://digitalcollections.aucegypt.edu/iiif/2/p15795coll40:45/full/730,/0/default.jpg"", ""og:url"": ""https://digitalcollections.aucegypt.edu/digital/collection/p15795coll40/id/45/"", ""og:type"": ""website""}"
46,Gebel yahmum in dark colors,Margo Veillon,,Margo Veillon Art Collection,oil on canvas,oil paintings (visual works),paintings (visual works),"Painted on the spot, these three canvases witness a race between the light of the world and the hand of the artist. In order not to lose, the artist invents this repetition of an identical landscape in a thousand colors.","American University in Cairo, Egypt",https://digitalcollections.aucegypt.edu/digital/collection/p15795coll40/id/46/,"http://digitalcollections.aucegypt.edu/iiif/2/p15795coll40:46/full/730,/0/default.jpg",margo_data/images/0046.jpg,"{""title"": ""Gebel yahmum in dark colors"", ""titlea"": ""جبل يحموم بألوان داكنة"", ""titleb"": ""Gebel Yahmum dans des couleurs sombres"", ""creata"": ""Margo Veillon"", ""creato"": ""Egyptian-Swiss"", ""descri"": ""Painted on the spot, these three canvases witness a race between the light of the world and the hand of the artist. In order not to lose, the artist invents this repetition of an identical landscape in a thousand colors."", ""descra"": ""Margo Veillon, 1950"", ""locati"": ""American University in Cairo, Egypt"", ""covera"": ""oil on canvas"", ""artwor"": ""40 cm x 32 cm"", ""medium"": ""paintings (visual works)"", ""type"": ""oil paintings (visual works)"", ""format"": ""Impressionist (style)"", ""collec"": ""Margo Veillon Art Collection"", ""source"": ""American University in Cairo"", ""licens"": ""Copyright the American University in Cairo"", ""rights"": ""To inquire about rights and permissions, contact the Rare Books and Special Collections Library, The American University in Cairo at +20.2.2615.3676 or rbscl-ref@aucegypt.edu."", ""google-site-verification"": ""UA-49762962-1"", ""viewport"": ""width=device-width, initial-scale=1.0"", ""og:title"": ""Gebel yahmum in dark colors"", ""og:description"": ""Painted on the spot, these three canvases witness a race between the light of the world and the hand of the artist. In order not to lose, the artist invents this repetition of an identical landscape in a thousand colors."", ""og:image"": ""http://digitalcollections.aucegypt.edu/iiif/2/p15795coll40:46/full/730,/0/default.jpg"", ""og:url"": ""https://digitalcollections.aucegypt.edu/digital/collection/p15795coll40/id/46/"", ""og:type"": ""website""}"
47,Zikr,Margo Veillon,,Margo Veillon Art Collection,oil on canvas,oil paintings (visual works),paintings (visual works),"At first glance, this canvas may appear unfinished. It has the aspect of a miniature. The foreground is defined by the vibrant colors but also by the second row of dancers, who underline the movement of the bodies.","American University in Cairo, Egypt",https://digitalcollections.aucegypt.edu/digital/collection/p15795coll40/id/47/,"http://digitalcollections.aucegypt.edu/iiif/2/p15795coll40:47/full/730,/0/default.jpg",margo_data/images/0047.jpg,"{""title"": ""Zikr"", ""titlea"": ""ذكر"", ""titleb"": ""Zikr"", ""creata"": ""Margo Veillon"", ""creato"": ""Egyptian-Swiss"", ""descri"": ""At first glance, this canvas may appear unfinished. It has the aspect of a miniature. The foreground is defined by the vibrant colors but also by the second row of dancers, who underline the movement of the bodies."", ""descra"": ""Margo Veillon, 1951"", ""locati"": ""American University in Cairo, Egypt"", ""covera"": ""oil on canvas"", ""artwor"": ""66 cm x 43 cm"", ""medium"": ""paintings (visual works)"", ""type"": ""oil paintings (visual works)"", ""format"": ""Impressionist (style)"", ""collec"": ""Margo Veillon Art Collection"", ""source"": ""American University in Cairo"", ""licens"": ""Copyright the American University in Cairo"", ""rights"": ""To inquire about rights and permissions, contact the Rare Books and Special Collections Library, The American University in Cairo at +20.2.2615.3676 or rbscl-ref@aucegypt.edu."", ""google-site-verification"": ""UA-49762962-1"", ""viewport"": ""width=device-width, initial-scale=1.0"", ""og:title"": ""Zikr"", ""og:description"": ""At first glance, this canvas may appear unfinished. It has the aspect of a miniature. The foreground is defined by the vibrant colors but also by the second row of dancers, who underline the movement of the bodies."", ""og:image"": ""http://digitalcollections.aucegypt.edu/iiif/2/p15795coll40:47/full/730,/0/default.jpg"", ""og:url"": ""https://digitalcollections.aucegypt.edu/digital/collection/p15795coll40/id/47/"", ""og:type"": ""website""}"
48,Ewer encompassing perspective,Margo Veillon,,Margo Veillon Art Collection,oil on canvas,oil paintings (visual works),paintings (visual works),One of the artist’s favorite aspects of the perspective. This treatment is at the edge of abstraction: to the trio of artist/object/shadow are added several paintings that serve as openings in place of the studio window.,"American University in Cairo, Egypt",https://digitalcollections.aucegypt.edu/digital/collection/p15795coll40/id/48/,"http://digitalcollections.aucegypt.edu/iiif/2/p15795coll40:48/full/730,/0/default.jpg",margo_data/images/0048.jpg,"{""title"": ""Ewer encompassing perspective"", ""titlea"": ""منظور يشمل الإبريق"", ""titleb"": ""Perspective englobante à l'aiguière"", ""creata"": ""Margo Veillon"", ""creato"": ""Egyptian-Swiss"", ""descri"": ""One of the artist’s favorite aspects of the perspective. This treatment is at the edge of abstraction: to the trio of artist/object/shadow are added several paintings that serve as openings in place of the studio window."", ""descra"": ""Margo Veillon, 1987"", ""locati"": ""American University in Cairo, Egypt"", ""covera"": ""oil on canvas"", ""artwor"": ""70 cm x 90 cm"", ""medium"": ""paintings (visual works)"", ""type"": ""oil paintings (visual works)"", ""format"": ""Impressionist (style)"", ""collec"": ""Margo Veillon Art Collection"", ""source"": ""American University in Cairo"", ""licens"": ""Copyright the American University in Cairo"", ""rights"": ""To inquire about rights and permissions, contact the Rare Books and Special Collections Library, The American University in Cairo at +20.2.2615.3676 or rbscl-ref@aucegypt.edu."", ""google-site-verification"": ""UA-49762962-1"", ""viewport"": ""width=device-width, initial-scale=1.0"", ""og:title"": ""Ewer encompassing perspective"", ""og:description"": ""One of the artist’s favorite aspects of the perspective. This treatment is at the edge of abstraction: to the trio of artist/object/shadow are added several paintings that serve as openings in place of the studio window."", ""og:image"": ""http://digitalcollections.aucegypt.edu/iiif/2/p15795coll40:48/full/730,/0/default.jpg"", ""og:url"": ""https://digitalcollections.aucegypt.edu/digital/collection/p15795coll40/id/48/"", ""og:type"": ""website""}"
49,Wash,Margo Veillon,,Margo Veillon Art Collection,oil on canvas,oil paintings (visual works),paintings (visual works),"A beautiful harmony comes out of this canvas, which was lengthily prepared with numerous drawings. The four women in different colors and positions are nevertheless narrowly united by the rhythm that emerges from the composition.","American University in Cairo, Egypt",https://digitalcollections.aucegypt.edu/digital/collection/p15795coll40/id/49/,"http://digitalcollections.aucegypt.edu/iiif/2/p15795coll40:49/full/730,/0/default.jpg",margo_data/images/0049.jpg,"{""title"": ""Wash"", ""titlea"": ""الاستحمام"", ""titleb"": ""Laver"", ""creata"": ""Margo Veillon"", ""creato"": ""Egyptian-Swiss"", ""descri"": ""A beautiful harmony comes out of this canvas, which was lengthily prepared with numerous drawings. The four women in different colors and positions are nevertheless narrowly united by the rhythm that emerges from the composition."", ""descra"": ""Margo Veillon, 1993"", ""locati"": ""American University in Cairo, Egypt"", ""covera"": ""oil on canvas"", ""artwor"": ""125 cm x90 cm"", ""medium"": ""paintings (visual works)"", ""type"": ""oil paintings (visual works)"", ""format"": ""Impressionist (style)"", ""collec"": ""Margo Veillon Art Collection"", ""source"": ""American University in Cairo"", ""licens"": ""Copyright the American University in Cairo"", ""rights"": ""To inquire about rights and permissions, contact the Rare Books and Special Collections Library, The American University in Cairo at +20.2.2615.3676 or rbscl-ref@aucegypt.edu."", ""google-site-verification"": ""UA-49762962-1"", ""viewport"": ""width=device-width, initial-scale=1.0"", ""og:title"": ""Wash"", ""og:description"": ""A beautiful harmony comes out of this canvas, which was lengthily prepared with numerous drawings. The four women in different colors and positions are nevertheless narrowly united by the rhythm that emerges from the composition."", ""og:image"": ""http://digitalcollections.aucegypt.edu/iiif/2/p15795coll40:49/full/730,/0/default.jpg"", ""og:url"": ""https://digitalcollections.aucegypt.edu/digital/collection/p15795coll40/id/49/"", ""og:type"": ""website""}"
50,Three peasants,Margo Veillon,,Margo Veillon Art Collection,oil on canvas,oil paintings (visual works),paintings (visual works),This painting took a long time to prepare but at the same time has an utter simplicity that takes nothing from the depth of description of three very different characters.,"American University in Cairo, Egypt",https://digitalcollections.aucegypt.edu/digital/collection/p15795coll40/id/50/,"http://digitalcollections.aucegypt.edu/iiif/2/p15795coll40:50/full/730,/0/default.jpg",margo_data/images/0050.jpg,"{""title"": ""Three peasants"", ""titlea"": ""الفلاحون الثلاثه"", ""titleb"": ""Trois paysans"", ""creata"": ""Margo Veillon"", ""creato"": ""Egyptian-Swiss"", ""descri"": ""This painting took a long time to prepare but at the same time has an utter simplicity that takes nothing from the depth of description of three very different characters."", ""descra"": ""Margo Veillon, 1971"", ""locati"": ""American University in Cairo, Egypt"", ""covera"": ""oil on canvas"", ""artwor"": ""120 cm x 65 cm"", ""medium"": ""paintings (visual works)"", ""type"": ""oil paintings (visual works)"", ""format"": ""Expressionist (style)"", ""collec"": ""Margo Veillon Art Collection"", ""source"": ""American University in Cairo"", ""licens"": ""Copyright the American University in Cairo"", ""rights"": ""To inquire about rights and permissions, contact the Rare Books and Special Collections Library, The American University in Cairo at +20.2.2615.3676 or rbscl-ref@aucegypt.edu."", ""google-site-verification"": ""UA-49762962-1"", ""viewport"": ""width=device-width, initial-scale=1.0"", ""og:title"": ""Three peasants"", ""og:description"": ""This painting took a long time to prepare but at the same time has an utter simplicity that takes nothing from the depth of description of three very different characters."", ""og:image"": ""http://digitalcollections.aucegypt.edu/iiif/2/p15795coll40:50/full/730,/0/default.jpg"", ""og:url"": ""https://digitalcollections.aucegypt.edu/digital/collection/p15795coll40/id/50/"", ""og:type"": ""website""}"
51,Dealer in shoes,Margo Veillon,,Margo Veillon Art Collection,oil on cardboard,oil paintings (visual works),paintings (visual works),It is an allegory for everything the artist’s work would be: untiring labor on the form. There is much humor in these imaginary objects.,"American University in Cairo, Egypt",https://digitalcollections.aucegypt.edu/digital/collection/p15795coll40/id/51/,"http://digitalcollections.aucegypt.edu/iiif/2/p15795coll40:51/full/730,/0/default.jpg",margo_data/images/0051.jpg,"{""title"": ""Dealer in shoes"", ""titlea"": ""التاجر في اشكال"", ""titleb"": ""Marchand de formes"", ""creata"": ""Margo Veillon"", ""creato"": ""Egyptian-Swiss"", ""descri"": ""It is an allegory for everything the artist’s work would be: untiring labor on the form. There is much humor in these imaginary objects."", ""descra"": ""Margo Veillon, 1929"", ""locati"": ""American University in Cairo, Egypt"", ""covera"": ""oil on cardboard"", ""artwor"": ""34 cm x 26 cm"", ""medium"": ""paintings (visual works)"", ""type"": ""oil paintings (visual works)"", ""format"": ""Surrealist"", ""collec"": ""Margo Veillon Art Collection"", ""source"": ""American University in Cairo"", ""licens"": ""Copyright the American University in Cairo"", ""rights"": ""To inquire about rights and permissions, contact the Rare Books and Special Collections Library, The American University in Cairo at +20.2.2615.3676 or rbscl-ref@aucegypt.edu."", ""google-site-verification"": ""UA-49762962-1"", ""viewport"": ""width=device-width, initial-scale=1.0"", ""og:title"": ""Dealer in shoes"", ""og:description"": ""It is an allegory for everything the artist’s work would be: untiring labor on the form. There is much humor in these imaginary objects."", ""og:image"": ""http://digitalcollections.aucegypt.edu/iiif/2/p15795coll40:51/full/730,/0/default.jpg"", ""og:url"": ""https://digitalcollections.aucegypt.edu/digital/collection/p15795coll40/id/51/"", ""og:type"": ""website""}"
52,Herd of goats on yahmum hills,Margo Veillon,,Margo Veillon Art Collection,oil on canvas,oil paintings (visual works),paintings (visual works),This series of seven paintings were made on site in the desert to lose none of the luminous intensity of the moment. Quiet is the dominant characteristic of this landscape that is luminous in every respect.,"American University in Cairo, Egypt",https://digitalcollections.aucegypt.edu/digital/collection/p15795coll40/id/52/,"http://digitalcollections.aucegypt.edu/iiif/2/p15795coll40:52/full/730,/0/default.jpg",margo_data/images/0052.jpg,"{""title"": ""Herd of goats on yahmum hills"", ""titlea"": ""قطيع من الماعز على تلال يحموم"", ""titleb"": ""Troupeau de chèvres sur les collines de Yahmum"", ""creata"": ""Margo Veillon"", ""creato"": ""Egyptian-Swiss"", ""descri"": ""This series of seven paintings were made on site in the desert to lose none of the luminous intensity of the moment. Quiet is the dominant characteristic of this landscape that is luminous in every respect."", ""descra"": ""Margo Veillon"", ""locati"": ""American University in Cairo, Egypt"", ""covera"": ""oil on canvas"", ""artwor"": ""33 cm x 28 cm"", ""medium"": ""paintings (visual works)"", ""type"": ""oil paintings (visual works)"", ""format"": ""Impressionist (style)"", ""collec"": ""Margo Veillon Art Collection"", ""source"": ""American University in Cairo"", ""licens"": ""Copyright the American University in Cairo"", ""rights"": ""To inquire about rights and permissions, contact the Rare Books and Special Collections Library, The American University in Cairo at +20.2.2615.3676 or rbscl-ref@aucegypt.edu."", ""google-site-verification"": ""UA-49762962-1"", ""viewport"": ""width=device-width, initial-scale=1.0"", ""og:title"": ""Herd of goats on yahmum hills"", ""og:description"": ""This series of seven paintings were made on site in the desert to lose none of the luminous intensity of the moment. Quiet is the dominant characteristic of this landscape that is luminous in every respect."", ""og:image"": ""http://digitalcollections.aucegypt.edu/iiif/2/p15795coll40:52/full/730,/0/default.jpg"", ""og:url"": ""https://digitalcollections.aucegypt.edu/digital/collection/p15795coll40/id/52/"", ""og:type"": ""website""}"
53,Wide-eyed woman,Margo Veillon,,Margo Veillon Art Collection,charcoal on paper,charcoal drawings,drawings (visual works),"A charcoal portrait of a young woman with wide and dark eyes. The sketch is from the shoulders upwards. She has short hair and is turned towards the left but her eyes are facing forward. Her eyes are very large and darker than the rest of the sketch, and more detailed. It almost seems as if she is w","American University in Cairo, Egypt",https://digitalcollections.aucegypt.edu/digital/collection/p15795coll40/id/53/,"http://digitalcollections.aucegypt.edu/iiif/2/p15795coll40:53/full/730,/0/default.jpg",margo_data/images/0053.jpg,"{""title"": ""Wide-eyed woman"", ""titlea"": ""امرأة واسعة العين"", ""titleb"": ""Femme aux grands yeux"", ""creata"": ""Margo Veillon"", ""creato"": ""Egyptian-Swiss"", ""descri"": ""A charcoal portrait of a young woman with wide and dark eyes. The sketch is from the shoulders upwards. She has short hair and is turned towards the left but her eyes are facing forward. Her eyes are very large and darker than the rest of the sketch, and more detailed. It almost seems as if she is wearing heavy makeup around her eyes. Her eyebrows are also dark. Her hair is messy and parted on the right side. She looks almost tearful, but other than the eyes her expression is blank. She has a small round head and blurred lips."", ""descra"": ""Margo Veillon"", ""locati"": ""American University in Cairo, Egypt"", ""covera"": ""charcoal on paper"", ""artwor"": ""29.7 cm x 45 cm"", ""medium"": ""drawings (visual works)"", ""type"": ""charcoal drawings"", ""format"": ""Expressionist (style)"", ""collec"": ""Margo Veillon Art Collection"", ""source"": ""American University in Cairo"", ""licens"": ""Copyright the American University in Cairo"", ""rights"": ""To inquire about rights and permissions, contact the Rare Books and Special Collections Library, The American University in Cairo at +20.2.2615.3676 or rbscl-ref@aucegypt.edu."", ""google-site-verification"": ""UA-49762962-1"", ""viewport"": ""width=device-width, initial-scale=1.0"", ""og:title"": ""Wide-eyed woman"", ""og:description"": ""A charcoal portrait of a young woman with wide and dark eyes. The sketch is from the shoulders upwards. She has short hair and is turned towards the left but her eyes are facing forward. Her eyes are very large and darker than the rest of the sketch, and more detailed. It almost seems as if she is wearing heavy makeup around her eyes. Her eyebrows are also dark. Her hair is messy and parted on the right side. She looks almost tearful, but other than the eyes her expression is blank. She has a small round head and blurred lips."", ""og:image"": ""http://digitalcollections.aucegypt.edu/iiif/2/p15795coll40:53/full/730,/0/default.jpg"", ""og:url"": ""https://digitalcollections.aucegypt.edu/digital/collection/p15795coll40/id/53/"", ""og:type"": ""website""}"
54,Woman with round earring,Margo Veillon,,Margo Veillon Art Collection,charcoal on paper,charcoal drawings,drawings (visual works),"A charcoal portrait from the collar bone upwards. The woman has a long neck and a long face and nose. She is slightly facing the right but her eyes are facing the left. Her lips are pressed together and relaxed in a neutral way. Her hair is parted slightly on the right, her bangs covering her ear. A","American University in Cairo, Egypt",https://digitalcollections.aucegypt.edu/digital/collection/p15795coll40/id/54/,"http://digitalcollections.aucegypt.edu/iiif/2/p15795coll40:54/full/730,/0/default.jpg",margo_data/images/0054.jpg,"{""title"": ""Woman with round earring"", ""titlea"": ""امرأة مع حلق دائري"", ""titleb"": ""Femme avec une gorge circulaire"", ""creata"": ""Margo Veillon"", ""creato"": ""Egyptian-Swiss"", ""descri"": ""A charcoal portrait from the collar bone upwards. The woman has a long neck and a long face and nose. She is slightly facing the right but her eyes are facing the left. Her lips are pressed together and relaxed in a neutral way. Her hair is parted slightly on the right, her bangs covering her ear. A large circular earring hangs from her earlobe that is visible through her hair. She has thin eyebrows and high cheekbones."", ""descra"": ""Margo Veillon"", ""locati"": ""American University in Cairo, Egypt"", ""covera"": ""charcoal on paper"", ""artwor"": ""30.3 cm x 44.5 cm"", ""medium"": ""drawings (visual works)"", ""type"": ""charcoal drawings"", ""format"": ""Expressionist (style)"", ""collec"": ""Margo Veillon Art Collection"", ""source"": ""American University in Cairo"", ""licens"": ""Copyright the American University in Cairo"", ""rights"": ""To inquire about rights and permissions, contact the Rare Books and Special Collections Library, The American University in Cairo at +20.2.2615.3676 or rbscl-ref@aucegypt.edu."", ""google-site-verification"": ""UA-49762962-1"", ""viewport"": ""width=device-width, initial-scale=1.0"", ""og:title"": ""Woman with round earring"", ""og:description"": ""A charcoal portrait from the collar bone upwards. The woman has a long neck and a long face and nose. She is slightly facing the right but her eyes are facing the left. Her lips are pressed together and relaxed in a neutral way. Her hair is parted slightly on the right, her bangs covering her ear. A large circular earring hangs from her earlobe that is visible through her hair. She has thin eyebrows and high cheekbones."", ""og:image"": ""http://digitalcollections.aucegypt.edu/iiif/2/p15795coll40:54/full/730,/0/default.jpg"", ""og:url"": ""https://digitalcollections.aucegypt.edu/digital/collection/p15795coll40/id/54/"", ""og:type"": ""website""}"
55,Reading book,Margo Veillon,,Margo Veillon Art Collection,charcoal on paper,charcoal drawings,drawings (visual works),"Portrait of an elegant middle aged woman, dressed smartly in a striped blazer and skirt, sitting in a chair, he left leg crossed over her right, reading a book. She has short, fluffy hair, and is wearing makeup and jewelry. She is smiling slightly as she reads, her eyebrow arched.","American University in Cairo, Egypt",https://digitalcollections.aucegypt.edu/digital/collection/p15795coll40/id/55/,"http://digitalcollections.aucegypt.edu/iiif/2/p15795coll40:55/full/730,/0/default.jpg",margo_data/images/0055.jpg,"{""title"": ""Reading book"", ""titlea"": ""قراءة كتاب"", ""titleb"": ""Lire un livre"", ""creata"": ""Margo Veillon"", ""creato"": ""Egyptian-Swiss"", ""descri"": ""Portrait of an elegant middle aged woman, dressed smartly in a striped blazer and skirt, sitting in a chair, he left leg crossed over her right, reading a book. She has short, fluffy hair, and is wearing makeup and jewelry. She is smiling slightly as she reads, her eyebrow arched."", ""descra"": ""1977, Margo Veillon"", ""locati"": ""American University in Cairo, Egypt"", ""covera"": ""charcoal on paper"", ""artwor"": ""40.5 cm x 59.2 cm"", ""medium"": ""drawings (visual works)"", ""type"": ""charcoal drawings"", ""format"": ""Expressionist (style)"", ""collec"": ""Margo Veillon Art Collection"", ""source"": ""American University in Cairo"", ""licens"": ""Copyright the American University in Cairo"", ""rights"": ""To inquire about rights and permissions, contact the Rare Books and Special Collections Library, The American University in Cairo at +20.2.2615.3676 or rbscl-ref@aucegypt.edu."", ""google-site-verification"": ""UA-49762962-1"", ""viewport"": ""width=device-width, initial-scale=1.0"", ""og:title"": ""Reading book"", ""og:description"": ""Portrait of an elegant middle aged woman, dressed smartly in a striped blazer and skirt, sitting in a chair, he left leg crossed over her right, reading a book. She has short, fluffy hair, and is wearing makeup and jewelry. She is smiling slightly as she reads, her eyebrow arched."", ""og:image"": ""http://digitalcollections.aucegypt.edu/iiif/2/p15795coll40:55/full/730,/0/default.jpg"", ""og:url"": ""https://digitalcollections.aucegypt.edu/digital/collection/p15795coll40/id/55/"", ""og:type"": ""website""}"
56,Sharp man,Margo Veillon,,Margo Veillon Art Collection,charcoal on paper,charcoal drawings,drawings (visual works),"Another portrait of the same man, this time looking to the left of the portrait. He has a thin, elongated face, with a sharp jaw. His hair is curly, and he has thick, dark eyebrows and slightly dazed eyes. He has a long, sharp nose, and his lips protrude outwards, showing his front teeth. He has a l","American University in Cairo, Egypt",https://digitalcollections.aucegypt.edu/digital/collection/p15795coll40/id/56/,"http://digitalcollections.aucegypt.edu/iiif/2/p15795coll40:56/full/730,/0/default.jpg",margo_data/images/0056.jpg,"{""title"": ""Sharp man"", ""titlea"": ""رجل حاد"", ""titleb"": ""Homme pointu"", ""creata"": ""Margo Veillon"", ""creato"": ""Egyptian-Swiss"", ""descri"": ""Another portrait of the same man, this time looking to the left of the portrait. He has a thin, elongated face, with a sharp jaw. His hair is curly, and he has thick, dark eyebrows and slightly dazed eyes. He has a long, sharp nose, and his lips protrude outwards, showing his front teeth. He has a long neck."", ""locati"": ""American University in Cairo, Egypt"", ""covera"": ""charcoal on paper"", ""artwor"": ""35.4 cm x 54 cm"", ""medium"": ""drawings (visual works)"", ""type"": ""charcoal drawings"", ""format"": ""Expressionist (style)"", ""collec"": ""Margo Veillon Art Collection"", ""source"": ""American University in Cairo"", ""licens"": ""Copyright the American University in Cairo"", ""rights"": ""To inquire about rights and permissions, contact the Rare Books and Special Collections Library, The American University in Cairo at +20.2.2615.3676 or rbscl-ref@aucegypt.edu."", ""google-site-verification"": ""UA-49762962-1"", ""viewport"": ""width=device-width, initial-scale=1.0"", ""og:title"": ""Sharp man"", ""og:description"": ""Another portrait of the same man, this time looking to the left of the portrait. He has a thin, elongated face, with a sharp jaw. His hair is curly, and he has thick, dark eyebrows and slightly dazed eyes. He has a long, sharp nose, and his lips protrude outwards, showing his front teeth. He has a long neck."", ""og:image"": ""http://digitalcollections.aucegypt.edu/iiif/2/p15795coll40:56/full/730,/0/default.jpg"", ""og:url"": ""https://digitalcollections.aucegypt.edu/digital/collection/p15795coll40/id/56/"", ""og:type"": ""website""}"
57,Curly hair man,Margo Veillon,,Margo Veillon Art Collection,charcoal on paper,charcoal drawings,drawings (visual works),"Very stylized portrait of a man looking to the right of the portrait. He has very curly hair, and thick, dark eyebrows. His eyes are large, looking above. He has a long, sharp nose, and his lips jut out to the front, showing his front teeth. He has a sharp, thin, pronounced jaw, and a long neck.","American University in Cairo, Egypt",https://digitalcollections.aucegypt.edu/digital/collection/p15795coll40/id/57/,"http://digitalcollections.aucegypt.edu/iiif/2/p15795coll40:57/full/730,/0/default.jpg",margo_data/images/0057.jpg,"{""title"": ""Curly hair man"", ""titlea"": ""رجل بشعر مجعد"", ""titleb"": ""Homme aux cheveux bouclés"", ""creata"": ""Margo Veillon"", ""creato"": ""Egyptian-Swiss"", ""descri"": ""Very stylized portrait of a man looking to the right of the portrait. He has very curly hair, and thick, dark eyebrows. His eyes are large, looking above. He has a long, sharp nose, and his lips jut out to the front, showing his front teeth. He has a sharp, thin, pronounced jaw, and a long neck."", ""descra"": ""Margo Veillon"", ""locati"": ""American University in Cairo, Egypt"", ""covera"": ""charcoal on paper"", ""artwor"": ""33.2 cm x 50.5 cm"", ""medium"": ""drawings (visual works)"", ""type"": ""charcoal drawings"", ""format"": ""Expressionist (style)"", ""collec"": ""Margo Veillon Art Collection"", ""source"": ""American University in Cairo"", ""licens"": ""Copyright the American University in Cairo"", ""rights"": ""To inquire about rights and permissions, contact the Rare Books and Special Collections Library, The American University in Cairo at +20.2.2615.3676 or rbscl-ref@aucegypt.edu."", ""google-site-verification"": ""UA-49762962-1"", ""viewport"": ""width=device-width, initial-scale=1.0"", ""og:title"": ""Curly hair man"", ""og:description"": ""Very stylized portrait of a man looking to the right of the portrait. He has very curly hair, and thick, dark eyebrows. His eyes are large, looking above. He has a long, sharp nose, and his lips jut out to the front, showing his front teeth. He has a sharp, thin, pronounced jaw, and a long neck."", ""og:image"": ""http://digitalcollections.aucegypt.edu/iiif/2/p15795coll40:57/full/730,/0/default.jpg"", ""og:url"": ""https://digitalcollections.aucegypt.edu/digital/collection/p15795coll40/id/57/"", ""og:type"": ""website""}"
58,Study of man,Margo Veillon,,Margo Veillon Art Collection,charcoal on paper,charcoal drawings,drawings (visual works),"Very rough sketch of a middle aged man looking beyond the viewer. He has wide-set, small eyes, and a long, broad nose, and he is frowning. He has some slight facial hair and his hair is combed to his left. This portrait is done in pencil.","American University in Cairo, Egypt",https://digitalcollections.aucegypt.edu/digital/collection/p15795coll40/id/58/,"http://digitalcollections.aucegypt.edu/iiif/2/p15795coll40:58/full/730,/0/default.jpg",margo_data/images/0058.jpg,"{""title"": ""Study of man"", ""titlea"": ""دراسة وجهه الرجل"", ""titleb"": ""Étude d'un homme"", ""creata"": ""Margo Veillon"", ""creato"": ""Egyptian-Swiss"", ""descri"": ""Very rough sketch of a middle aged man looking beyond the viewer. He has wide-set, small eyes, and a long, broad nose, and he is frowning. He has some slight facial hair and his hair is combed to his left. This portrait is done in pencil."", ""locati"": ""American University in Cairo, Egypt"", ""covera"": ""charcoal on paper"", ""artwor"": ""25 cm x 33 cm"", ""medium"": ""drawings (visual works)"", ""type"": ""charcoal drawings"", ""format"": ""Expressionist (style)"", ""collec"": ""Margo Veillon Art Collection"", ""source"": ""American University in Cairo"", ""licens"": ""Copyright the American University in Cairo"", ""rights"": ""To inquire about rights and permissions, contact the Rare Books and Special Collections Library, The American University in Cairo at +20.2.2615.3676 or rbscl-ref@aucegypt.edu."", ""google-site-verification"": ""UA-49762962-1"", ""viewport"": ""width=device-width, initial-scale=1.0"", ""og:title"": ""Study of man"", ""og:description"": ""Very rough sketch of a middle aged man looking beyond the viewer. He has wide-set, small eyes, and a long, broad nose, and he is frowning. He has some slight facial hair and his hair is combed to his left. This portrait is done in pencil."", ""og:image"": ""http://digitalcollections.aucegypt.edu/iiif/2/p15795coll40:58/full/730,/0/default.jpg"", ""og:url"": ""https://digitalcollections.aucegypt.edu/digital/collection/p15795coll40/id/58/"", ""og:type"": ""website""}"
59,Woman wearing glasses,Margo Veillon,,Margo Veillon Art Collection,charcoal on paper,charcoal drawings,drawings (visual works),"Portrait of a middle aged woman looking to the left of the portrait. Her hair is in a bird's nest. She is wearing glasses, behind which a very small part of her eye is visible. She has a straight Roman nose. Her right hand is holding the side of her chin and she is wearing a turtleneck. She seems to","American University in Cairo, Egypt",https://digitalcollections.aucegypt.edu/digital/collection/p15795coll40/id/59/,"http://digitalcollections.aucegypt.edu/iiif/2/p15795coll40:59/full/730,/0/default.jpg",margo_data/images/0059.jpg,"{""title"": ""Woman wearing glasses"", ""titlea"": ""امرأة ترتدي النظارات"", ""titleb"": ""Femme portant des lunettes"", ""creata"": ""Margo Veillon"", ""creato"": ""Egyptian-Swiss"", ""descri"": ""Portrait of a middle aged woman looking to the left of the portrait. Her hair is in a bird's nest. She is wearing glasses, behind which a very small part of her eye is visible. She has a straight Roman nose. Her right hand is holding the side of her chin and she is wearing a turtleneck. She seems to be lost in thought."", ""locati"": ""American University in Cairo, Egypt"", ""covera"": ""charcoal on paper"", ""artwor"": ""53.5 cm x 38.7 cm"", ""medium"": ""drawings (visual works)"", ""type"": ""charcoal drawings"", ""format"": ""Expressionist (style)"", ""collec"": ""Margo Veillon Art Collection"", ""source"": ""American University in Cairo"", ""licens"": ""Copyright the American University in Cairo"", ""rights"": ""To inquire about rights and permissions, contact the Rare Books and Special Collections Library, The American University in Cairo at +20.2.2615.3676 or rbscl-ref@aucegypt.edu."", ""google-site-verification"": ""UA-49762962-1"", ""viewport"": ""width=device-width, initial-scale=1.0"", ""og:title"": ""Woman wearing glasses"", ""og:description"": ""Portrait of a middle aged woman looking to the left of the portrait. Her hair is in a bird's nest. She is wearing glasses, behind which a very small part of her eye is visible. She has a straight Roman nose. Her right hand is holding the side of her chin and she is wearing a turtleneck. She seems to be lost in thought."", ""og:image"": ""http://digitalcollections.aucegypt.edu/iiif/2/p15795coll40:59/full/730,/0/default.jpg"", ""og:url"": ""https://digitalcollections.aucegypt.edu/digital/collection/p15795coll40/id/59/"", ""og:type"": ""website""}"
60,Thinking sadly,Margo Veillon,,Margo Veillon Art Collection,charcoal on paper,charcoal drawings,drawings (visual works),"Portrait of a young woman, looking at a point to the right of the portrait with a sad or thoughtful expression. She has long, straight, dark hair, and very large, expressive eyes, a broad, short nose, and round, thick lips. Her hand is curled next to her chin. This is a charcoal portrait.","American University in Cairo, Egypt",https://digitalcollections.aucegypt.edu/digital/collection/p15795coll40/id/60/,"http://digitalcollections.aucegypt.edu/iiif/2/p15795coll40:60/full/730,/0/default.jpg",margo_data/images/0060.jpg,"{""title"": ""Thinking sadly"", ""titlea"": ""التفكير بحزن"", ""titleb"": ""Penser tristement"", ""creata"": ""Margo Veillon"", ""creato"": ""Egyptian-Swiss"", ""descri"": ""Portrait of a young woman, looking at a point to the right of the portrait with a sad or thoughtful expression. She has long, straight, dark hair, and very large, expressive eyes, a broad, short nose, and round, thick lips. Her hand is curled next to her chin. This is a charcoal portrait."", ""descra"": ""1981, Margo Veillon"", ""locati"": ""American University in Cairo, Egypt"", ""covera"": ""charcoal on paper"", ""artwor"": ""51.2cm x 39.8 cm"", ""medium"": ""drawings (visual works)"", ""type"": ""charcoal drawings"", ""format"": ""Expressionist (style)"", ""collec"": ""Margo Veillon Art Collection"", ""source"": ""American University in Cairo"", ""licens"": ""Copyright the American University in Cairo"", ""rights"": ""To inquire about rights and permissions, contact the Rare Books and Special Collections Library, The American University in Cairo at +20.2.2615.3676 or rbscl-ref@aucegypt.edu."", ""google-site-verification"": ""UA-49762962-1"", ""viewport"": ""width=device-width, initial-scale=1.0"", ""og:title"": ""Thinking sadly"", ""og:description"": ""Portrait of a young woman, looking at a point to the right of the portrait with a sad or thoughtful expression. She has long, straight, dark hair, and very large, expressive eyes, a broad, short nose, and round, thick lips. Her hand is curled next to her chin. This is a charcoal portrait."", ""og:image"": ""http://digitalcollections.aucegypt.edu/iiif/2/p15795coll40:60/full/730,/0/default.jpg"", ""og:url"": ""https://digitalcollections.aucegypt.edu/digital/collection/p15795coll40/id/60/"", ""og:type"": ""website""}"
61,Thoughtful old woman,Margo Veillon,,Margo Veillon Art Collection,charcoal on paper,charcoal drawings,drawings (visual works),"Portrait of an elderly woman, looking relaxed and thoughtful, as she rests her chin on her left hand. Her eyes are large with bags beneath them, and she has a long, slightly bumpy nose with large nostrils and large lips. She has shoulder-length, curly white hair that is not bound, and her face is wr","American University in Cairo, Egypt",https://digitalcollections.aucegypt.edu/digital/collection/p15795coll40/id/61/,"http://digitalcollections.aucegypt.edu/iiif/2/p15795coll40:61/full/730,/0/default.jpg",margo_data/images/0061.jpg,"{""title"": ""Thoughtful old woman"", ""titlea"": ""امرأة عجوز تفكر"", ""titleb"": ""Vieille femme réfléchie"", ""creata"": ""Margo Veillon"", ""creato"": ""Egyptian-Swiss"", ""descri"": ""Portrait of an elderly woman, looking relaxed and thoughtful, as she rests her chin on her left hand. Her eyes are large with bags beneath them, and she has a long, slightly bumpy nose with large nostrils and large lips. She has shoulder-length, curly white hair that is not bound, and her face is wrinkled."", ""descra"": ""1979, Margo Veillon"", ""locati"": ""American University in Cairo, Egypt"", ""covera"": ""charcoal on paper"", ""artwor"": ""49.4 cm x 37.5 cm"", ""medium"": ""drawings (visual works)"", ""type"": ""charcoal drawings"", ""format"": ""Expressionist (style)"", ""collec"": ""Margo Veillon Art Collection"", ""source"": ""American University in Cairo"", ""licens"": ""Copyright the American University in Cairo"", ""rights"": ""To inquire about rights and permissions, contact the Rare Books and Special Collections Library, The American University in Cairo at +20.2.2615.3676 or rbscl-ref@aucegypt.edu."", ""google-site-verification"": ""UA-49762962-1"", ""viewport"": ""width=device-width, initial-scale=1.0"", ""og:title"": ""Thoughtful old woman"", ""og:description"": ""Portrait of an elderly woman, looking relaxed and thoughtful, as she rests her chin on her left hand. Her eyes are large with bags beneath them, and she has a long, slightly bumpy nose with large nostrils and large lips. She has shoulder-length, curly white hair that is not bound, and her face is wrinkled."", ""og:image"": ""http://digitalcollections.aucegypt.edu/iiif/2/p15795coll40:61/full/730,/0/default.jpg"", ""og:url"": ""https://digitalcollections.aucegypt.edu/digital/collection/p15795coll40/id/61/"", ""og:type"": ""website""}"
62,Twins,Margo Veillon,,Margo Veillon Art Collection,charcoal on paper,charcoal drawings,drawings (visual works),"Two portraits of a woman with a long neck and hair hatched and blended and pulled back, positioned to the right of the portrait but looking directly at the viewer. She has a slightly haughty expression, although the second portrait, in the back, seems to have her looking more nervous. She has a larg","American University in Cairo, Egypt",https://digitalcollections.aucegypt.edu/digital/collection/p15795coll40/id/62/,"http://digitalcollections.aucegypt.edu/iiif/2/p15795coll40:62/full/730,/0/default.jpg",margo_data/images/0062.jpg,"{""title"": ""Twins"", ""titlea"": ""التوأم"", ""titleb"": ""Le jumeau"", ""creata"": ""Margo Veillon"", ""creato"": ""Egyptian-Swiss"", ""descri"": ""Two portraits of a woman with a long neck and hair hatched and blended and pulled back, positioned to the right of the portrait but looking directly at the viewer. She has a slightly haughty expression, although the second portrait, in the back, seems to have her looking more nervous. She has a large, bumpy nose and thin, pursed lips, and dark, thin eyebrows."", ""descra"": ""Margo Veillon"", ""locati"": ""American University in Cairo, Egypt"", ""covera"": ""charcoal on paper"", ""artwor"": ""47.7 cm x 43 cm"", ""medium"": ""drawings (visual works)"", ""type"": ""charcoal drawings"", ""format"": ""Expressionist (style)"", ""collec"": ""Margo Veillon Art Collection"", ""source"": ""American University in Cairo"", ""licens"": ""Copyright the American University in Cairo"", ""rights"": ""To inquire about rights and permissions, contact the Rare Books and Special Collections Library, The American University in Cairo at +20.2.2615.3676 or rbscl-ref@aucegypt.edu."", ""google-site-verification"": ""UA-49762962-1"", ""viewport"": ""width=device-width, initial-scale=1.0"", ""og:title"": ""Twins"", ""og:description"": ""Two portraits of a woman with a long neck and hair hatched and blended and pulled back, positioned to the right of the portrait but looking directly at the viewer. She has a slightly haughty expression, although the second portrait, in the back, seems to have her looking more nervous. She has a large, bumpy nose and thin, pursed lips, and dark, thin eyebrows."", ""og:image"": ""http://digitalcollections.aucegypt.edu/iiif/2/p15795coll40:62/full/730,/0/default.jpg"", ""og:url"": ""https://digitalcollections.aucegypt.edu/digital/collection/p15795coll40/id/62/"", ""og:type"": ""website""}"
63,Old lady,Margo Veillon,,Margo Veillon Art Collection,charcoal on paper,charcoal drawings,drawings (visual works),"Portrait of an old or middle-aged woman looking to the left of the portrait, very alert. Her hair is tied back. She has very large, stylized, expressive eyes, a long beak-like nose, and large lips, with a round but pronounced chin.","American University in Cairo, Egypt",https://digitalcollections.aucegypt.edu/digital/collection/p15795coll40/id/63/,"http://digitalcollections.aucegypt.edu/iiif/2/p15795coll40:63/full/730,/0/default.jpg",margo_data/images/0063.jpg,"{""title"": ""Old lady"", ""titlea"": ""السيدة العجوز"", ""titleb"": ""Vieille dame"", ""creata"": ""Margo Veillon"", ""creato"": ""Egyptian-Swiss"", ""descri"": ""Portrait of an old or middle-aged woman looking to the left of the portrait, very alert. Her hair is tied back. She has very large, stylized, expressive eyes, a long beak-like nose, and large lips, with a round but pronounced chin."", ""locati"": ""American University in Cairo, Egypt"", ""covera"": ""charcoal on paper"", ""artwor"": ""48.8 cm x 39 cm"", ""medium"": ""drawings (visual works)"", ""type"": ""charcoal drawings"", ""format"": ""Expressionist (style)"", ""collec"": ""Margo Veillon Art Collection"", ""source"": ""American University in Cairo"", ""licens"": ""Copyright the American University in Cairo"", ""rights"": ""To inquire about rights and permissions, contact the Rare Books and Special Collections Library, The American University in Cairo at +20.2.2615.3676 or rbscl-ref@aucegypt.edu."", ""google-site-verification"": ""UA-49762962-1"", ""viewport"": ""width=device-width, initial-scale=1.0"", ""og:title"": ""Old lady"", ""og:description"": ""Portrait of an old or middle-aged woman looking to the left of the portrait, very alert. Her hair is tied back. She has very large, stylized, expressive eyes, a long beak-like nose, and large lips, with a round but pronounced chin."", ""og:image"": ""http://digitalcollections.aucegypt.edu/iiif/2/p15795coll40:63/full/730,/0/default.jpg"", ""og:url"": ""https://digitalcollections.aucegypt.edu/digital/collection/p15795coll40/id/63/"", ""og:type"": ""website""}"
64,Crystal eyes and crystal cup,Margo Veillon,,Margo Veillon Art Collection,charcoal on paper,charcoal drawings,drawings (visual works),A charcoal sketch of an older or middle-aged woman sipping from a cup. The sketch frames her from her breasts upwards. Her arm is visible. She is holding a glass against her lips and is looking curiously toward the left. She has wide curious eyes that are shaded to seem as though they sparkle. Her h,"American University in Cairo, Egypt",https://digitalcollections.aucegypt.edu/digital/collection/p15795coll40/id/64/,"http://digitalcollections.aucegypt.edu/iiif/2/p15795coll40:64/full/730,/0/default.jpg",margo_data/images/0064.jpg,"{""title"": ""Crystal eyes and crystal cup"", ""titlea"": ""عيون الكريستال وكأس الكريستال"", ""titleb"": ""Des yeux en cristal et une coupe en cristal"", ""creata"": ""Margo Veillon"", ""creato"": ""Egyptian-Swiss"", ""descri"": ""A charcoal sketch of an older or middle-aged woman sipping from a cup. The sketch frames her from her breasts upwards. Her arm is visible. She is holding a glass against her lips and is looking curiously toward the left. She has wide curious eyes that are shaded to seem as though they sparkle. Her hair is cut very short and curled. Her nose is small and pointed, and her eyebrows are arched and seem to be judging."", ""locati"": ""American University in Cairo, Egypt"", ""covera"": ""charcoal on paper"", ""artwor"": ""51.5 cm x 39.2 cm"", ""medium"": ""drawings (visual works)"", ""type"": ""charcoal drawings"", ""format"": ""Expressionist (style)"", ""collec"": ""Margo Veillon Art Collection"", ""source"": ""American University in Cairo"", ""licens"": ""Copyright the American University in Cairo"", ""rights"": ""To inquire about rights and permissions, contact the Rare Books and Special Collections Library, The American University in Cairo at +20.2.2615.3676 or rbscl-ref@aucegypt.edu."", ""google-site-verification"": ""UA-49762962-1"", ""viewport"": ""width=device-width, initial-scale=1.0"", ""og:title"": ""Crystal eyes and crystal cup"", ""og:description"": ""A charcoal sketch of an older or middle-aged woman sipping from a cup. The sketch frames her from her breasts upwards. Her arm is visible. She is holding a glass against her lips and is looking curiously toward the left. She has wide curious eyes that are shaded to seem as though they sparkle. Her hair is cut very short and curled. Her nose is small and pointed, and her eyebrows are arched and seem to be judging."", ""og:image"": ""http://digitalcollections.aucegypt.edu/iiif/2/p15795coll40:64/full/730,/0/default.jpg"", ""og:url"": ""https://digitalcollections.aucegypt.edu/digital/collection/p15795coll40/id/64/"", ""og:type"": ""website""}"
65,Woman with lipstick,Margo Veillon,,Margo Veillon Art Collection,pastels on cardboard,pastels (visual works),drawings (visual works),"Portrait of a woman looking to the bottom right of the portrait, her hair gathered in a bird's nest, with some strands hanging down. She is looking at something off-view with a pensive expression on her face. She has a short button nose and big, expressive eyes. Her lips are painted red, complimenti","American University in Cairo, Egypt",https://digitalcollections.aucegypt.edu/digital/collection/p15795coll40/id/65/,"http://digitalcollections.aucegypt.edu/iiif/2/p15795coll40:65/full/730,/0/default.jpg",margo_data/images/0065.jpg,"{""title"": ""Woman with lipstick"", ""titlea"": ""امرأة مع أحمر الشفاه"", ""titleb"": ""Femme avec rouge à lèvres"", ""creata"": ""Margo Veillon"", ""creato"": ""Egyptian-Swiss"", ""descri"": ""Portrait of a woman looking to the bottom right of the portrait, her hair gathered in a bird's nest, with some strands hanging down. She is looking at something off-view with a pensive expression on her face. She has a short button nose and big, expressive eyes. Her lips are painted red, complimenting a circle of red on her left breast. She is also wearing a red blouse."", ""descra"": ""Margo Veillon"", ""locati"": ""American University in Cairo, Egypt"", ""covera"": ""pastels on cardboard"", ""artwor"": ""37.7 cm x 51 cm"", ""medium"": ""drawings (visual works)"", ""type"": ""pastels (visual works)"", ""format"": ""Expressionist (style)"", ""collec"": ""Margo Veillon Art Collection"", ""source"": ""American University in Cairo"", ""licens"": ""Copyright the American University in Cairo"", ""rights"": ""To inquire about rights and permissions, contact the Rare Books and Special Collections Library, The American University in Cairo at +20.2.2615.3676 or rbscl-ref@aucegypt.edu."", ""google-site-verification"": ""UA-49762962-1"", ""viewport"": ""width=device-width, initial-scale=1.0"", ""og:title"": ""Woman with lipstick"", ""og:description"": ""Portrait of a woman looking to the bottom right of the portrait, her hair gathered in a bird's nest, with some strands hanging down. She is looking at something off-view with a pensive expression on her face. She has a short button nose and big, expressive eyes. Her lips are painted red, complimenting a circle of red on her left breast. She is also wearing a red blouse."", ""og:image"": ""http://digitalcollections.aucegypt.edu/iiif/2/p15795coll40:65/full/730,/0/default.jpg"", ""og:url"": ""https://digitalcollections.aucegypt.edu/digital/collection/p15795coll40/id/65/"", ""og:type"": ""website""}"
66,Look at sky,Margo Veillon,,Margo Veillon Art Collection,charcoal on paper,charcoal drawings,drawings (visual works),"A charcoal sketch of a middle aged woman's side profile starring into the distance. She is facing the right. Her arms are crossed resting on her knees, the rest of her body isn't visible. She has a visible jawline, and a large circular earring. She is looking slightly above the horizon, lost in thou","American University in Cairo, Egypt",https://digitalcollections.aucegypt.edu/digital/collection/p15795coll40/id/66/,"http://digitalcollections.aucegypt.edu/iiif/2/p15795coll40:66/full/730,/0/default.jpg",margo_data/images/0066.jpg,"{""title"": ""Look at sky"", ""titlea"": ""انظر الى السماء"", ""titleb"": ""Regarde le ciel"", ""creata"": ""Margo Veillon"", ""creato"": ""Egyptian-Swiss"", ""descri"": ""A charcoal sketch of a middle aged woman's side profile starring into the distance. She is facing the right. Her arms are crossed resting on her knees, the rest of her body isn't visible. She has a visible jawline, and a large circular earring. She is looking slightly above the horizon, lost in thought. her eyebrow is arche in a worried way and her mouth is a sad frown. She has a tight slick bun in the back of her head. She seems as though she is missing someone."", ""descra"": ""1981, Margo Veillon, V"", ""locati"": ""American University in Cairo, Egypt"", ""covera"": ""charcoal on paper"", ""artwor"": ""49.9 cm x 69.7 cm"", ""medium"": ""drawings (visual works)"", ""type"": ""charcoal drawings"", ""format"": ""Expressionist (style)"", ""collec"": ""Margo Veillon Art Collection"", ""source"": ""American University in Cairo"", ""licens"": ""Copyright the American University in Cairo"", ""rights"": ""To inquire about rights and permissions, contact the Rare Books and Special Collections Library, The American University in Cairo at +20.2.2615.3676 or rbscl-ref@aucegypt.edu."", ""google-site-verification"": ""UA-49762962-1"", ""viewport"": ""width=device-width, initial-scale=1.0"", ""og:title"": ""Look at sky"", ""og:description"": ""A charcoal sketch of a middle aged woman's side profile starring into the distance. She is facing the right. Her arms are crossed resting on her knees, the rest of her body isn't visible. She has a visible jawline, and a large circular earring. She is looking slightly above the horizon, lost in thought. her eyebrow is arche in a worried way and her mouth is a sad frown. She has a tight slick bun in the back of her head. She seems as though she is missing someone."", ""og:image"": ""http://digitalcollections.aucegypt.edu/iiif/2/p15795coll40:66/full/730,/0/default.jpg"", ""og:url"": ""https://digitalcollections.aucegypt.edu/digital/collection/p15795coll40/id/66/"", ""og:type"": ""website""}"
67,Smile or grimace,Margo Veillon,,Margo Veillon Art Collection,charcoal and pastels on paper,charcoal drawings,mixed media works,"Charcoal and oil pastel side profile portrait of a man in his twenties or thirties looking to the right of the composition, his small mouth curving in a smile. He has short-cropped brown hair, and small, beady eyes with straight, thin eyebrows, and a very long, slightly bent nose. There are crow's f","American University in Cairo, Egypt",https://digitalcollections.aucegypt.edu/digital/collection/p15795coll40/id/67/,"http://digitalcollections.aucegypt.edu/iiif/2/p15795coll40:67/full/730,/0/default.jpg",margo_data/images/0067.jpg,"{""title"": ""Smile or grimace"", ""titlea"": ""ابتسم أو كشر"", ""titleb"": ""Sourire ou Grimace"", ""creata"": ""Margo Veillon"", ""creato"": ""Egyptian-Swiss"", ""descri"": ""Charcoal and oil pastel side profile portrait of a man in his twenties or thirties looking to the right of the composition, his small mouth curving in a smile. He has short-cropped brown hair, and small, beady eyes with straight, thin eyebrows, and a very long, slightly bent nose. There are crow's feet at the corners of his eyes."", ""locati"": ""American University in Cairo, Egypt"", ""covera"": ""charcoal and pastels on paper"", ""artwor"": ""66.3 cm x 50 cm"", ""medium"": ""mixed media works"", ""type"": ""charcoal drawings"", ""format"": ""Expressionist (style)"", ""collec"": ""Margo Veillon Art Collection"", ""source"": ""American University in Cairo"", ""licens"": ""Copyright the American University in Cairo"", ""rights"": ""To inquire about rights and permissions, contact the Rare Books and Special Collections Library, The American University in Cairo at +20.2.2615.3676 or rbscl-ref@aucegypt.edu."", ""google-site-verification"": ""UA-49762962-1"", ""viewport"": ""width=device-width, initial-scale=1.0"", ""og:title"": ""Smile or grimace"", ""og:description"": ""Charcoal and oil pastel side profile portrait of a man in his twenties or thirties looking to the right of the composition, his small mouth curving in a smile. He has short-cropped brown hair, and small, beady eyes with straight, thin eyebrows, and a very long, slightly bent nose. There are crow's feet at the corners of his eyes."", ""og:image"": ""http://digitalcollections.aucegypt.edu/iiif/2/p15795coll40:67/full/730,/0/default.jpg"", ""og:url"": ""https://digitalcollections.aucegypt.edu/digital/collection/p15795coll40/id/67/"", ""og:type"": ""website""}"
68,Woman sitting on chair,Margo Veillon,,Margo Veillon Art Collection,charcoal on paper,charcoal drawings,drawings (visual works),"Charcoal sketch of woman sitting in an armchair. The chair is facing the right, and the woman has her legs crossed. Her calf is exposed, as she is wearing a simple skirt that ends right below her knee. She is also wearing pointed high heels, and a button down shirt that us not buttoned all the way u","American University in Cairo, Egypt",https://digitalcollections.aucegypt.edu/digital/collection/p15795coll40/id/68/,"http://digitalcollections.aucegypt.edu/iiif/2/p15795coll40:68/full/730,/0/default.jpg",margo_data/images/0068.jpg,"{""title"": ""Woman sitting on chair"", ""titlea"": ""امرأة تجلس على كرسي"", ""titleb"": ""Femme assise sur une chaise"", ""creata"": ""Margo Veillon"", ""creato"": ""Egyptian-Swiss"", ""descri"": ""Charcoal sketch of woman sitting in an armchair. The chair is facing the right, and the woman has her legs crossed. Her calf is exposed, as she is wearing a simple skirt that ends right below her knee. She is also wearing pointed high heels, and a button down shirt that us not buttoned all the way up. it hands on her right shoulder right above her breast. The woman has a slight smile and her hair is done in an updo."", ""descra"": ""Margo Veillon"", ""locati"": ""American University in Cairo, Egypt"", ""covera"": ""charcoal on paper"", ""artwor"": ""43.7 cm x 65.2 cm"", ""medium"": ""drawings (visual works)"", ""type"": ""charcoal drawings"", ""format"": ""Expressionist (style)"", ""collec"": ""Margo Veillon Art Collection"", ""source"": ""American University in Cairo"", ""licens"": ""Copyright the American University in Cairo"", ""rights"": ""To inquire about rights and permissions, contact the Rare Books and Special Collections Library, The American University in Cairo at +20.2.2615.3676 or rbscl-ref@aucegypt.edu."", ""google-site-verification"": ""UA-49762962-1"", ""viewport"": ""width=device-width, initial-scale=1.0"", ""og:title"": ""Woman sitting on chair"", ""og:description"": ""Charcoal sketch of woman sitting in an armchair. The chair is facing the right, and the woman has her legs crossed. Her calf is exposed, as she is wearing a simple skirt that ends right below her knee. She is also wearing pointed high heels, and a button down shirt that us not buttoned all the way up. it hands on her right shoulder right above her breast. The woman has a slight smile and her hair is done in an updo."", ""og:image"": ""http://digitalcollections.aucegypt.edu/iiif/2/p15795coll40:68/full/730,/0/default.jpg"", ""og:url"": ""https://digitalcollections.aucegypt.edu/digital/collection/p15795coll40/id/68/"", ""og:type"": ""website""}"
69,Exhaustion,Margo Veillon,,Margo Veillon Art Collection,charcoal on paper,charcoal drawings,drawings (visual works),"Charcoal portrait of a woman sitting on one chair while her feet are propped up on a chair opposite her. She is leaning forward, asleep, as her arms hang by her sides. Her left foot is crossed over her right ankle. She has a full body and is wearing a tight white nightgown. She has short, dark hair ","American University in Cairo, Egypt",https://digitalcollections.aucegypt.edu/digital/collection/p15795coll40/id/69/,"http://digitalcollections.aucegypt.edu/iiif/2/p15795coll40:69/full/730,/0/default.jpg",margo_data/images/0069.jpg,"{""title"": ""Exhaustion"", ""titlea"": ""إنهاك"", ""titleb"": ""Epuisement"", ""creata"": ""Margo Veillon"", ""creato"": ""Egyptian-Swiss"", ""descri"": ""Charcoal portrait of a woman sitting on one chair while her feet are propped up on a chair opposite her. She is leaning forward, asleep, as her arms hang by her sides. Her left foot is crossed over her right ankle. She has a full body and is wearing a tight white nightgown. She has short, dark hair and a round face."", ""locati"": ""American University in Cairo, Egypt"", ""covera"": ""charcoal on paper"", ""artwor"": ""50.2 cm x 69.5 cm"", ""medium"": ""drawings (visual works)"", ""type"": ""charcoal drawings"", ""format"": ""Expressionist (style)"", ""collec"": ""Margo Veillon Art Collection"", ""source"": ""American University in Cairo"", ""licens"": ""Copyright the American University in Cairo"", ""rights"": ""To inquire about rights and permissions, contact the Rare Books and Special Collections Library, The American University in Cairo at +20.2.2615.3676 or rbscl-ref@aucegypt.edu."", ""google-site-verification"": ""UA-49762962-1"", ""viewport"": ""width=device-width, initial-scale=1.0"", ""og:title"": ""Exhaustion"", ""og:description"": ""Charcoal portrait of a woman sitting on one chair while her feet are propped up on a chair opposite her. She is leaning forward, asleep, as her arms hang by her sides. Her left foot is crossed over her right ankle. She has a full body and is wearing a tight white nightgown. She has short, dark hair and a round face."", ""og:image"": ""http://digitalcollections.aucegypt.edu/iiif/2/p15795coll40:69/full/730,/0/default.jpg"", ""og:url"": ""https://digitalcollections.aucegypt.edu/digital/collection/p15795coll40/id/69/"", ""og:type"": ""website""}"
70,Artist at work,Margo Veillon,,Margo Veillon Art Collection,charcoal on paper,charcoal drawings,drawings (visual works),"Rough charcoal sketch of an artist standing before an easel and drawing on it. She is wearing a white shirt and wide-flared pants, and black loafers. She has long fair hair and a long, oval-shaped face, but her facial features are unclear. Next to the easel is a box of art supplies or paints.","American University in Cairo, Egypt",https://digitalcollections.aucegypt.edu/digital/collection/p15795coll40/id/70/,"http://digitalcollections.aucegypt.edu/iiif/2/p15795coll40:70/full/730,/0/default.jpg",margo_data/images/0070.jpg,"{""title"": ""Artist at work"", ""titlea"": ""فنان في العمل"", ""titleb"": ""Artiste au travail"", ""creata"": ""Margo Veillon"", ""creato"": ""Egyptian-Swiss"", ""descri"": ""Rough charcoal sketch of an artist standing before an easel and drawing on it. She is wearing a white shirt and wide-flared pants, and black loafers. She has long fair hair and a long, oval-shaped face, but her facial features are unclear. Next to the easel is a box of art supplies or paints."", ""descra"": ""1977, III, Margo Veillon"", ""locati"": ""American University in Cairo, Egypt"", ""covera"": ""charcoal on paper"", ""artwor"": ""46 cm x 67.6 cm"", ""medium"": ""drawings (visual works)"", ""type"": ""charcoal drawings"", ""format"": ""Impressionist (style)"", ""collec"": ""Margo Veillon Art Collection"", ""source"": ""American University in Cairo"", ""licens"": ""Copyright the American University in Cairo"", ""rights"": ""To inquire about rights and permissions, contact the Rare Books and Special Collections Library, The American University in Cairo at +20.2.2615.3676 or rbscl-ref@aucegypt.edu."", ""google-site-verification"": ""UA-49762962-1"", ""viewport"": ""width=device-width, initial-scale=1.0"", ""og:title"": ""Artist at work"", ""og:description"": ""Rough charcoal sketch of an artist standing before an easel and drawing on it. She is wearing a white shirt and wide-flared pants, and black loafers. She has long fair hair and a long, oval-shaped face, but her facial features are unclear. Next to the easel is a box of art supplies or paints."", ""og:image"": ""http://digitalcollections.aucegypt.edu/iiif/2/p15795coll40:70/full/730,/0/default.jpg"", ""og:url"": ""https://digitalcollections.aucegypt.edu/digital/collection/p15795coll40/id/70/"", ""og:type"": ""website""}"
71,Bellbotttoms in studio,Margo Veillon,,Margo Veillon Art Collection,charcoal on paper,charcoal drawings,drawings (visual works),"Rough charcoal sketch of an artist standing before an easel and extending his right hand to draw on it. Her head is slightly bent forward, pensive. She has neck-length fair hair that is swept back from her forehead. Her posture is slightly S-shaped. She is wearing a white dress shirt and wide, flare","American University in Cairo, Egypt",https://digitalcollections.aucegypt.edu/digital/collection/p15795coll40/id/71/,"http://digitalcollections.aucegypt.edu/iiif/2/p15795coll40:71/full/730,/0/default.jpg",margo_data/images/0071.jpg,"{""title"": ""Bellbotttoms in studio"", ""titlea"": ""بيلبوتومس في الاستوديو"", ""titleb"": ""Bellbottoms dans le studio"", ""creata"": ""Margo Veillon"", ""creato"": ""Egyptian-Swiss"", ""descri"": ""Rough charcoal sketch of an artist standing before an easel and extending his right hand to draw on it. Her head is slightly bent forward, pensive. She has neck-length fair hair that is swept back from her forehead. Her posture is slightly S-shaped. She is wearing a white dress shirt and wide, flared pants. It is implied that behind her, the studio is crowded and cluttered."", ""descra"": ""1977, III, Margo Veillon"", ""locati"": ""American University in Cairo, Egypt"", ""covera"": ""charcoal on paper"", ""artwor"": ""43.5 cm x 68.8 cm"", ""medium"": ""drawings (visual works)"", ""type"": ""charcoal drawings"", ""format"": ""Impressionist (style)"", ""collec"": ""Margo Veillon Art Collection"", ""source"": ""American University in Cairo"", ""licens"": ""Copyright the American University in Cairo"", ""rights"": ""To inquire about rights and permissions, contact the Rare Books and Special Collections Library, The American University in Cairo at +20.2.2615.3676 or rbscl-ref@aucegypt.edu."", ""google-site-verification"": ""UA-49762962-1"", ""viewport"": ""width=device-width, initial-scale=1.0"", ""og:title"": ""Bellbotttoms in studio"", ""og:description"": ""Rough charcoal sketch of an artist standing before an easel and extending his right hand to draw on it. Her head is slightly bent forward, pensive. She has neck-length fair hair that is swept back from her forehead. Her posture is slightly S-shaped. She is wearing a white dress shirt and wide, flared pants. It is implied that behind her, the studio is crowded and cluttered."", ""og:image"": ""http://digitalcollections.aucegypt.edu/iiif/2/p15795coll40:71/full/730,/0/default.jpg"", ""og:url"": ""https://digitalcollections.aucegypt.edu/digital/collection/p15795coll40/id/71/"", ""og:type"": ""website""}"
72,Small drawings,Margo Veillon,,Margo Veillon Art Collection,pastels on paper,pastels (visual works),drawings (visual works),"Some abstract sketches of compositions, are likely guides for further illustrations. One of them, bottom right, shows a stick figure atop a horse. The one above it shows a man sitting on a horse as well, from another angle, as well as the other two. They seem to be quick sketches of a single scene o","American University in Cairo, Egypt",https://digitalcollections.aucegypt.edu/digital/collection/p15795coll40/id/72/,"http://digitalcollections.aucegypt.edu/iiif/2/p15795coll40:72/full/730,/0/default.jpg",margo_data/images/0072.jpg,"{""title"": ""Small drawings"", ""titlea"": ""رسومات صغيرة"", ""titleb"": ""Petits dessins"", ""creata"": ""Margo Veillon"", ""creato"": ""Egyptian-Swiss"", ""descri"": ""Some abstract sketches of compositions, are likely guides for further illustrations. One of them, bottom right, shows a stick figure atop a horse. The one above it shows a man sitting on a horse as well, from another angle, as well as the other two. They seem to be quick sketches of a single scene of action, with lots of notes from Margo."", ""locati"": ""American University in Cairo, Egypt"", ""covera"": ""pastels on paper"", ""artwor"": ""21.2 cm x 30.3 cm"", ""medium"": ""drawings (visual works)"", ""type"": ""pastels (visual works)"", ""format"": ""Impressionist (style)"", ""collec"": ""Margo Veillon Art Collection"", ""source"": ""American University in Cairo"", ""licens"": ""Copyright the American University in Cairo"", ""rights"": ""To inquire about rights and permissions, contact the Rare Books and Special Collections Library, The American University in Cairo at +20.2.2615.3676 or rbscl-ref@aucegypt.edu."", ""google-site-verification"": ""UA-49762962-1"", ""viewport"": ""width=device-width, initial-scale=1.0"", ""og:title"": ""Small drawings"", ""og:description"": ""Some abstract sketches of compositions, are likely guides for further illustrations. One of them, bottom right, shows a stick figure atop a horse. The one above it shows a man sitting on a horse as well, from another angle, as well as the other two. They seem to be quick sketches of a single scene of action, with lots of notes from Margo."", ""og:image"": ""http://digitalcollections.aucegypt.edu/iiif/2/p15795coll40:72/full/730,/0/default.jpg"", ""og:url"": ""https://digitalcollections.aucegypt.edu/digital/collection/p15795coll40/id/72/"", ""og:type"": ""website""}"
73,Angel,Margo Veillon,,Margo Veillon Art Collection,charcoal on paper,charcoal drawings,paintings (visual works),A charcoal and pencil sketch of a woman with flowing hair facing forward. She has a long face and an innocent facial expression. She has very high cheekbones and thin eyebrows. She has a pointed chin and a pointed nose. Her ears are hidden beneath all her hair. There are shades and shapes behind her,"American University in Cairo, Egypt",https://digitalcollections.aucegypt.edu/digital/collection/p15795coll40/id/73/,"http://digitalcollections.aucegypt.edu/iiif/2/p15795coll40:73/full/730,/0/default.jpg",margo_data/images/0073.jpg,"{""title"": ""Angel"", ""titlea"": ""الملاك"", ""titleb"": ""L'ange"", ""creata"": ""Margo Veillon"", ""creato"": ""Egyptian-Swiss"", ""descri"": ""A charcoal and pencil sketch of a woman with flowing hair facing forward. She has a long face and an innocent facial expression. She has very high cheekbones and thin eyebrows. She has a pointed chin and a pointed nose. Her ears are hidden beneath all her hair. There are shades and shapes behind her. She has an angelic daze and a tilt toward the right that adds to her innocence."", ""descra"": ""1983, Margo Veillon"", ""locati"": ""American University in Cairo, Egypt"", ""covera"": ""charcoal on paper"", ""artwor"": ""62.2 cm x 43.5 cm"", ""medium"": ""paintings (visual works)"", ""type"": ""charcoal drawings"", ""format"": ""Expressionist (style)"", ""collec"": ""Margo Veillon Art Collection"", ""source"": ""American University in Cairo"", ""licens"": ""Copyright the American University in Cairo"", ""rights"": ""To inquire about rights and permissions, contact the Rare Books and Special Collections Library, The American University in Cairo at +20.2.2615.3676 or rbscl-ref@aucegypt.edu."", ""google-site-verification"": ""UA-49762962-1"", ""viewport"": ""width=device-width, initial-scale=1.0"", ""og:title"": ""Angel"", ""og:description"": ""A charcoal and pencil sketch of a woman with flowing hair facing forward. She has a long face and an innocent facial expression. She has very high cheekbones and thin eyebrows. She has a pointed chin and a pointed nose. Her ears are hidden beneath all her hair. There are shades and shapes behind her. She has an angelic daze and a tilt toward the right that adds to her innocence."", ""og:image"": ""http://digitalcollections.aucegypt.edu/iiif/2/p15795coll40:73/full/730,/0/default.jpg"", ""og:url"": ""https://digitalcollections.aucegypt.edu/digital/collection/p15795coll40/id/73/"", ""og:type"": ""website""}"
74,Lady looking left,Margo Veillon,,Margo Veillon Art Collection,pastels on cardboard,charcoal drawings,paintings (visual works),"Roughly sketched portrait of a woman with somewhat cartoonishly exaggerated facial features looking to the left of the portrait. Her posture is very alert, and she seems to be paying attention to something out of view. She has a pronounced Roman nose and large, light eyes, and large lips as well. Sh","American University in Cairo, Egypt",https://digitalcollections.aucegypt.edu/digital/collection/p15795coll40/id/74/,"http://digitalcollections.aucegypt.edu/iiif/2/p15795coll40:74/full/730,/0/default.jpg",margo_data/images/0074.jpg,"{""title"": ""Lady looking left"", ""titlea"": ""سيدة تنظر إلى اليسار"", ""titleb"": ""Femme regardant à gauche"", ""creata"": ""Margo Veillon"", ""creato"": ""Egyptian-Swiss"", ""descri"": ""Roughly sketched portrait of a woman with somewhat cartoonishly exaggerated facial features looking to the left of the portrait. Her posture is very alert, and she seems to be paying attention to something out of view. She has a pronounced Roman nose and large, light eyes, and large lips as well. She is wearing earrings and a collared blouse. Her hair is gathered into a bird's nest at the top of her head."", ""descra"": ""1983, Margo Veillon"", ""locati"": ""American University in Cairo, Egypt"", ""covera"": ""pastels on cardboard"", ""artwor"": ""55.5 cm x 41 cm"", ""medium"": ""paintings (visual works)"", ""type"": ""charcoal drawings"", ""format"": ""Expressionist (style)"", ""collec"": ""Margo Veillon Art Collection"", ""source"": ""American University in Cairo"", ""licens"": ""Copyright the American University in Cairo"", ""rights"": ""To inquire about rights and permissions, contact the Rare Books and Special Collections Library, The American University in Cairo at +20.2.2615.3676 or rbscl-ref@aucegypt.edu."", ""google-site-verification"": ""UA-49762962-1"", ""viewport"": ""width=device-width, initial-scale=1.0"", ""og:title"": ""Lady looking left"", ""og:description"": ""Roughly sketched portrait of a woman with somewhat cartoonishly exaggerated facial features looking to the left of the portrait. Her posture is very alert, and she seems to be paying attention to something out of view. She has a pronounced Roman nose and large, light eyes, and large lips as well. She is wearing earrings and a collared blouse. Her hair is gathered into a bird's nest at the top of her head."", ""og:image"": ""http://digitalcollections.aucegypt.edu/iiif/2/p15795coll40:74/full/730,/0/default.jpg"", ""og:url"": ""https://digitalcollections.aucegypt.edu/digital/collection/p15795coll40/id/74/"", ""og:type"": ""website""}"
75,Straight ahead,Margo Veillon,,Margo Veillon Art Collection,pastels on paper,pastels (visual works),drawings (visual works),"Oil pastels portrait of a man with a long, rectangular face, large, unfocused eyes, a strong nose, and a mouth that is slightly open to show some slightly crooked teeth. His eyebrows are heavy. He has slightly long, wavy hair. He is wearing a dress shirt with an open collar.","American University in Cairo, Egypt",https://digitalcollections.aucegypt.edu/digital/collection/p15795coll40/id/75/,"http://digitalcollections.aucegypt.edu/iiif/2/p15795coll40:75/full/730,/0/default.jpg",margo_data/images/0075.jpg,"{""title"": ""Straight ahead"", ""titlea"": ""إلى الأمام مباشرة"", ""titleb"": ""Tout droit"", ""creata"": ""Margo Veillon"", ""creato"": ""Egyptian-Swiss"", ""descri"": ""Oil pastels portrait of a man with a long, rectangular face, large, unfocused eyes, a strong nose, and a mouth that is slightly open to show some slightly crooked teeth. His eyebrows are heavy. He has slightly long, wavy hair. He is wearing a dress shirt with an open collar."", ""descra"": ""Margo Veillon"", ""locati"": ""American University in Cairo, Egypt"", ""covera"": ""pastels on paper"", ""artwor"": ""63.5 cm x 36.8 cm"", ""medium"": ""drawings (visual works)"", ""type"": ""pastels (visual works)"", ""format"": ""Expressionist (style)"", ""collec"": ""Margo Veillon Art Collection"", ""source"": ""American University in Cairo"", ""licens"": ""Copyright the American University in Cairo"", ""rights"": ""To inquire about rights and permissions, contact the Rare Books and Special Collections Library, The American University in Cairo at +20.2.2615.3676 or rbscl-ref@aucegypt.edu."", ""google-site-verification"": ""UA-49762962-1"", ""viewport"": ""width=device-width, initial-scale=1.0"", ""og:title"": ""Straight ahead"", ""og:description"": ""Oil pastels portrait of a man with a long, rectangular face, large, unfocused eyes, a strong nose, and a mouth that is slightly open to show some slightly crooked teeth. His eyebrows are heavy. He has slightly long, wavy hair. He is wearing a dress shirt with an open collar."", ""og:image"": ""http://digitalcollections.aucegypt.edu/iiif/2/p15795coll40:75/full/730,/0/default.jpg"", ""og:url"": ""https://digitalcollections.aucegypt.edu/digital/collection/p15795coll40/id/75/"", ""og:type"": ""website""}"
76,Smiling lady,Margo Veillon,,Margo Veillon Art Collection,charcoal on paper,charcoal drawings,drawings (visual works),"Pencil sketch portrait of a middle-aged woman sitting across from the viewer, leaning her elbows on the table and clasping her hands in front of her face. She has an absent look on her face and is not looking directly at the viewer. She is smiling slightly. Her face is round, and her hair is cut sho","American University in Cairo, Egypt",https://digitalcollections.aucegypt.edu/digital/collection/p15795coll40/id/76/,"http://digitalcollections.aucegypt.edu/iiif/2/p15795coll40:76/full/730,/0/default.jpg",margo_data/images/0076.jpg,"{""title"": ""Smiling lady"", ""titlea"": ""سيدة مبتسمة"", ""titleb"": ""Dame souriante"", ""creata"": ""Margo Veillon"", ""creato"": ""Egyptian-Swiss"", ""descri"": ""Pencil sketch portrait of a middle-aged woman sitting across from the viewer, leaning her elbows on the table and clasping her hands in front of her face. She has an absent look on her face and is not looking directly at the viewer. She is smiling slightly. Her face is round, and her hair is cut short. She has a large, flat nose and large lips, and heavy-lidded eyes. There is a cup of tea on a saucer in front her."", ""locati"": ""American University in Cairo, Egypt"", ""covera"": ""charcoal on paper"", ""artwor"": ""52.4 cm x 43 cm"", ""medium"": ""drawings (visual works)"", ""type"": ""charcoal drawings"", ""format"": ""Expressionist (style)"", ""collec"": ""Margo Veillon Art Collection"", ""source"": ""American University in Cairo"", ""licens"": ""Copyright the American University in Cairo"", ""rights"": ""To inquire about rights and permissions, contact the Rare Books and Special Collections Library, The American University in Cairo at +20.2.2615.3676 or rbscl-ref@aucegypt.edu."", ""google-site-verification"": ""UA-49762962-1"", ""viewport"": ""width=device-width, initial-scale=1.0"", ""og:title"": ""Smiling lady"", ""og:description"": ""Pencil sketch portrait of a middle-aged woman sitting across from the viewer, leaning her elbows on the table and clasping her hands in front of her face. She has an absent look on her face and is not looking directly at the viewer. She is smiling slightly. Her face is round, and her hair is cut short. She has a large, flat nose and large lips, and heavy-lidded eyes. There is a cup of tea on a saucer in front her."", ""og:image"": ""http://digitalcollections.aucegypt.edu/iiif/2/p15795coll40:76/full/730,/0/default.jpg"", ""og:url"": ""https://digitalcollections.aucegypt.edu/digital/collection/p15795coll40/id/76/"", ""og:type"": ""website""}"
77,Thoughtful,Margo Veillon,,Margo Veillon Art Collection,pastels on paper,pastels (visual works),paintings (visual works),"A sketchy portrait of a woman with long, slightly wavy, lightly shaded hair, her face resting on her two palms, gazing off into the distance. She has an absent-minded expression. She has a long, Roman nose. There is some heavy black and gray rough shading at the bottom of the drawing.","American University in Cairo, Egypt",https://digitalcollections.aucegypt.edu/digital/collection/p15795coll40/id/77/,"http://digitalcollections.aucegypt.edu/iiif/2/p15795coll40:77/full/730,/0/default.jpg",margo_data/images/0077.jpg,"{""title"": ""Thoughtful"", ""titlea"": ""وقور"", ""titleb"": ""Réfléchie"", ""creata"": ""Margo Veillon"", ""creato"": ""Egyptian-Swiss"", ""descri"": ""A sketchy portrait of a woman with long, slightly wavy, lightly shaded hair, her face resting on her two palms, gazing off into the distance. She has an absent-minded expression. She has a long, Roman nose. There is some heavy black and gray rough shading at the bottom of the drawing."", ""descra"": ""1992, Margo Veillon"", ""locati"": ""American University in Cairo, Egypt"", ""covera"": ""pastels on paper"", ""artwor"": ""40.6 cm x 62.5 cm"", ""medium"": ""paintings (visual works)"", ""type"": ""pastels (visual works)"", ""format"": ""Expressionist (style)"", ""collec"": ""Margo Veillon Art Collection"", ""source"": ""American University in Cairo"", ""licens"": ""Copyright the American University in Cairo"", ""rights"": ""To inquire about rights and permissions, contact the Rare Books and Special Collections Library, The American University in Cairo at +20.2.2615.3676 or rbscl-ref@aucegypt.edu."", ""google-site-verification"": ""UA-49762962-1"", ""viewport"": ""width=device-width, initial-scale=1.0"", ""og:title"": ""Thoughtful"", ""og:description"": ""A sketchy portrait of a woman with long, slightly wavy, lightly shaded hair, her face resting on her two palms, gazing off into the distance. She has an absent-minded expression. She has a long, Roman nose. There is some heavy black and gray rough shading at the bottom of the drawing."", ""og:image"": ""http://digitalcollections.aucegypt.edu/iiif/2/p15795coll40:77/full/730,/0/default.jpg"", ""og:url"": ""https://digitalcollections.aucegypt.edu/digital/collection/p15795coll40/id/77/"", ""og:type"": ""website""}"
78,Arm chair,Margo Veillon,,Margo Veillon Art Collection,charcoal on paper,charcoal drawings,drawings (visual works),"A charcoal sketch of an antique armchair. It is wide and detailed. The cushion is shaded to seem very poofy. There is wooden detail all around the chair. The top detail is almost like a crown, the wooden structure has large circular details. There is a barely stuffed pillow resting on the right arm ","American University in Cairo, Egypt",https://digitalcollections.aucegypt.edu/digital/collection/p15795coll40/id/78/,"http://digitalcollections.aucegypt.edu/iiif/2/p15795coll40:78/full/730,/0/default.jpg",margo_data/images/0078.jpg,"{""title"": ""Arm chair"", ""titlea"": ""الكرسي"", ""titleb"": ""Le fauteuil"", ""creata"": ""Margo Veillon"", ""creato"": ""Egyptian-Swiss"", ""descri"": ""A charcoal sketch of an antique armchair. It is wide and detailed. The cushion is shaded to seem very poofy. There is wooden detail all around the chair. The top detail is almost like a crown, the wooden structure has large circular details. There is a barely stuffed pillow resting on the right arm of the chair and over it. A tassel hands from it."", ""descra"": ""1977, Margo Veillon"", ""locati"": ""American University in Cairo, Egypt"", ""covera"": ""charcoal on paper"", ""artwor"": ""61.2 cm x 46 cm"", ""medium"": ""drawings (visual works)"", ""type"": ""charcoal drawings"", ""format"": ""Impressionist (style)"", ""collec"": ""Margo Veillon Art Collection"", ""source"": ""American University in Cairo"", ""licens"": ""Copyright the American University in Cairo"", ""rights"": ""To inquire about rights and permissions, contact the Rare Books and Special Collections Library, The American University in Cairo at +20.2.2615.3676 or rbscl-ref@aucegypt.edu."", ""google-site-verification"": ""UA-49762962-1"", ""viewport"": ""width=device-width, initial-scale=1.0"", ""og:title"": ""Arm chair"", ""og:description"": ""A charcoal sketch of an antique armchair. It is wide and detailed. The cushion is shaded to seem very poofy. There is wooden detail all around the chair. The top detail is almost like a crown, the wooden structure has large circular details. There is a barely stuffed pillow resting on the right arm of the chair and over it. A tassel hands from it."", ""og:image"": ""http://digitalcollections.aucegypt.edu/iiif/2/p15795coll40:78/full/730,/0/default.jpg"", ""og:url"": ""https://digitalcollections.aucegypt.edu/digital/collection/p15795coll40/id/78/"", ""og:type"": ""website""}"
79,Man reading book,Margo Veillon,,Margo Veillon Art Collection,charcoal on paper,charcoal drawings,paintings (visual works),"Rough sketch of a balding man slouched in an ornate chair. The man seems to be reading a book, his left arm on the armrest and his right resting on his right leg, which is crossed over his left leg. The drawing is in pencil, using hatching but also blending techniques.","American University in Cairo, Egypt",https://digitalcollections.aucegypt.edu/digital/collection/p15795coll40/id/79/,"http://digitalcollections.aucegypt.edu/iiif/2/p15795coll40:79/full/730,/0/default.jpg",margo_data/images/0079.jpg,"{""title"": ""Man reading book"", ""titlea"": ""رجل يقرأ كتابًا"", ""titleb"": ""Homme lisant un livre"", ""creata"": ""Margo Veillon"", ""creato"": ""Egyptian-Swiss"", ""descri"": ""Rough sketch of a balding man slouched in an ornate chair. The man seems to be reading a book, his left arm on the armrest and his right resting on his right leg, which is crossed over his left leg. The drawing is in pencil, using hatching but also blending techniques."", ""descra"": ""Margo Veillon"", ""locati"": ""American University in Cairo, Egypt"", ""covera"": ""charcoal on paper"", ""artwor"": ""45 cm x 60 cm"", ""medium"": ""paintings (visual works)"", ""type"": ""charcoal drawings"", ""format"": ""Impressionist (style)"", ""collec"": ""Margo Veillon Art Collection"", ""source"": ""American University in Cairo"", ""licens"": ""Copyright the American University in Cairo"", ""rights"": ""To inquire about rights and permissions, contact the Rare Books and Special Collections Library, The American University in Cairo at +20.2.2615.3676 or rbscl-ref@aucegypt.edu."", ""google-site-verification"": ""UA-49762962-1"", ""viewport"": ""width=device-width, initial-scale=1.0"", ""og:title"": ""Man reading book"", ""og:description"": ""Rough sketch of a balding man slouched in an ornate chair. The man seems to be reading a book, his left arm on the armrest and his right resting on his right leg, which is crossed over his left leg. The drawing is in pencil, using hatching but also blending techniques."", ""og:image"": ""http://digitalcollections.aucegypt.edu/iiif/2/p15795coll40:79/full/730,/0/default.jpg"", ""og:url"": ""https://digitalcollections.aucegypt.edu/digital/collection/p15795coll40/id/79/"", ""og:type"": ""website""}"
80,Profile from above,Margo Veillon,,Margo Veillon Art Collection,charcoal on paper,charcoal drawings,drawings (visual works),"Charcoal portrait of an older curvy woman from above. Her face is turned to the side, and she has a serious, pensive look on her face. Her hands are crossed at her chest. She has short curly hair.","American University in Cairo, Egypt",https://digitalcollections.aucegypt.edu/digital/collection/p15795coll40/id/80/,"http://digitalcollections.aucegypt.edu/iiif/2/p15795coll40:80/full/730,/0/default.jpg",margo_data/images/0080.jpg,"{""title"": ""Profile from above"", ""titlea"": ""الملف الشخصي من أعلى"", ""titleb"": ""Profil d'en haut"", ""creata"": ""Margo Veillon"", ""creato"": ""Egyptian-Swiss"", ""descri"": ""Charcoal portrait of an older curvy woman from above. Her face is turned to the side, and she has a serious, pensive look on her face. Her hands are crossed at her chest. She has short curly hair."", ""locati"": ""American University in Cairo, Egypt"", ""covera"": ""charcoal on paper"", ""artwor"": ""61 cm x 45.5 cm"", ""medium"": ""drawings (visual works)"", ""type"": ""charcoal drawings"", ""format"": ""Expressionist (style)"", ""collec"": ""Margo Veillon Art Collection"", ""source"": ""American University in Cairo"", ""licens"": ""Copyright the American University in Cairo"", ""rights"": ""To inquire about rights and permissions, contact the Rare Books and Special Collections Library, The American University in Cairo at +20.2.2615.3676 or rbscl-ref@aucegypt.edu."", ""google-site-verification"": ""UA-49762962-1"", ""viewport"": ""width=device-width, initial-scale=1.0"", ""og:title"": ""Profile from above"", ""og:description"": ""Charcoal portrait of an older curvy woman from above. Her face is turned to the side, and she has a serious, pensive look on her face. Her hands are crossed at her chest. She has short curly hair."", ""og:image"": ""http://digitalcollections.aucegypt.edu/iiif/2/p15795coll40:80/full/730,/0/default.jpg"", ""og:url"": ""https://digitalcollections.aucegypt.edu/digital/collection/p15795coll40/id/80/"", ""og:type"": ""website""}"
81,Ginger portrait,Margo Veillon,,Margo Veillon Art Collection,pastels on paper,pastels (visual works),drawings (visual works),"Stylized oil pastel portrait of a young man with a long, angular face, and a long, elegant neck. He is looking to the right of the composition. He has a serious expression on his face. His facial features are drawn simply and without detail.","American University in Cairo, Egypt",https://digitalcollections.aucegypt.edu/digital/collection/p15795coll40/id/81/,"http://digitalcollections.aucegypt.edu/iiif/2/p15795coll40:81/full/730,/0/default.jpg",margo_data/images/0081.jpg,"{""title"": ""Ginger portrait"", ""titlea"": ""صورة الزنجبيل"", ""titleb"": ""Portrait de gingembre"", ""creata"": ""Margo Veillon"", ""creato"": ""Egyptian-Swiss"", ""descri"": ""Stylized oil pastel portrait of a young man with a long, angular face, and a long, elegant neck. He is looking to the right of the composition. He has a serious expression on his face. His facial features are drawn simply and without detail."", ""descra"": ""1982, Margo Veillon"", ""locati"": ""American University in Cairo, Egypt"", ""covera"": ""pastels on paper"", ""artwor"": ""66.8 cm x 48.5 cm"", ""medium"": ""drawings (visual works)"", ""type"": ""pastels (visual works)"", ""format"": ""Expressionist (style)"", ""collec"": ""Margo Veillon Art Collection"", ""source"": ""American University in Cairo"", ""licens"": ""Copyright the American University in Cairo"", ""rights"": ""To inquire about rights and permissions, contact the Rare Books and Special Collections Library, The American University in Cairo at +20.2.2615.3676 or rbscl-ref@aucegypt.edu."", ""google-site-verification"": ""UA-49762962-1"", ""viewport"": ""width=device-width, initial-scale=1.0"", ""og:title"": ""Ginger portrait"", ""og:description"": ""Stylized oil pastel portrait of a young man with a long, angular face, and a long, elegant neck. He is looking to the right of the composition. He has a serious expression on his face. His facial features are drawn simply and without detail."", ""og:image"": ""http://digitalcollections.aucegypt.edu/iiif/2/p15795coll40:81/full/730,/0/default.jpg"", ""og:url"": ""https://digitalcollections.aucegypt.edu/digital/collection/p15795coll40/id/81/"", ""og:type"": ""website""}"
82,Doe eyes,Margo Veillon,,Margo Veillon Art Collection,charcoal on paper,charcoal drawings,drawings (visual works),"A charcoal sketch of a woman with wide shoulders resting her head on the palm of her hand and looking lovingly to her left. She is wearing a garment that only covers on shoulder, and the arm that is held up to rest her face has two circular bracelets. She has long hair that flows along her back and ","American University in Cairo, Egypt",https://digitalcollections.aucegypt.edu/digital/collection/p15795coll40/id/82/,"http://digitalcollections.aucegypt.edu/iiif/2/p15795coll40:82/full/730,/0/default.jpg",margo_data/images/0082.jpg,"{""title"": ""Doe eyes"", ""titlea"": ""عيون الغزال"", ""titleb"": ""Les yeux du cerf"", ""creata"": ""Margo Veillon"", ""creato"": ""Egyptian-Swiss"", ""descri"": ""A charcoal sketch of a woman with wide shoulders resting her head on the palm of her hand and looking lovingly to her left. She is wearing a garment that only covers on shoulder, and the arm that is held up to rest her face has two circular bracelets. She has long hair that flows along her back and a wide mouth. Her nose is pointed slightly downwards, and her eyebrows are a thin thick line. She is beautiful."", ""descra"": ""1981, Margo Veillon V"", ""locati"": ""American University in Cairo, Egypt"", ""covera"": ""charcoal on paper"", ""artwor"": ""45.7 cm x 61.2 cm"", ""medium"": ""drawings (visual works)"", ""type"": ""charcoal drawings"", ""format"": ""Expressionist (style)"", ""collec"": ""Margo Veillon Art Collection"", ""source"": ""American University in Cairo"", ""licens"": ""Copyright the American University in Cairo"", ""rights"": ""To inquire about rights and permissions, contact the Rare Books and Special Collections Library, The American University in Cairo at +20.2.2615.3676 or rbscl-ref@aucegypt.edu."", ""google-site-verification"": ""UA-49762962-1"", ""viewport"": ""width=device-width, initial-scale=1.0"", ""og:title"": ""Doe eyes"", ""og:description"": ""A charcoal sketch of a woman with wide shoulders resting her head on the palm of her hand and looking lovingly to her left. She is wearing a garment that only covers on shoulder, and the arm that is held up to rest her face has two circular bracelets. She has long hair that flows along her back and a wide mouth. Her nose is pointed slightly downwards, and her eyebrows are a thin thick line. She is beautiful."", ""og:image"": ""http://digitalcollections.aucegypt.edu/iiif/2/p15795coll40:82/full/730,/0/default.jpg"", ""og:url"": ""https://digitalcollections.aucegypt.edu/digital/collection/p15795coll40/id/82/"", ""og:type"": ""website""}"
83,Newspaper,Margo Veillon,,Margo Veillon Art Collection,charcoal on paper,charcoal drawings,drawings (visual works),"A charcoal sketch of a woman lounging on what seems to be a couch reading a newspaper. The woman is laying with a pillow in her armpit. She is holding two pages of the newspaper before her. she has thick lips and short hair, and her body is muscular; her arms thick and her shoulders wide. She is wea","American University in Cairo, Egypt",https://digitalcollections.aucegypt.edu/digital/collection/p15795coll40/id/83/,"http://digitalcollections.aucegypt.edu/iiif/2/p15795coll40:83/full/730,/0/default.jpg",margo_data/images/0083.jpg,"{""title"": ""Newspaper"", ""titlea"": ""الجريدة"", ""titleb"": ""Un journal"", ""creata"": ""Margo Veillon"", ""creato"": ""Egyptian-Swiss"", ""descri"": ""A charcoal sketch of a woman lounging on what seems to be a couch reading a newspaper. The woman is laying with a pillow in her armpit. She is holding two pages of the newspaper before her. she has thick lips and short hair, and her body is muscular; her arms thick and her shoulders wide. She is wearing glasses to big for her face. She has short hair and thick arched eyebrows, as though she is unsatisfied with the news."", ""descra"": ""1979, Margo Veillon"", ""locati"": ""American University in Cairo, Egypt"", ""covera"": ""charcoal on paper"", ""artwor"": ""46.6 cm x 64.5 cm"", ""medium"": ""drawings (visual works)"", ""type"": ""charcoal drawings"", ""format"": ""Expressionist (style)"", ""collec"": ""Margo Veillon Art Collection"", ""source"": ""American University in Cairo"", ""licens"": ""Copyright the American University in Cairo"", ""rights"": ""To inquire about rights and permissions, contact the Rare Books and Special Collections Library, The American University in Cairo at +20.2.2615.3676 or rbscl-ref@aucegypt.edu."", ""google-site-verification"": ""UA-49762962-1"", ""viewport"": ""width=device-width, initial-scale=1.0"", ""og:title"": ""Newspaper"", ""og:description"": ""A charcoal sketch of a woman lounging on what seems to be a couch reading a newspaper. The woman is laying with a pillow in her armpit. She is holding two pages of the newspaper before her. she has thick lips and short hair, and her body is muscular; her arms thick and her shoulders wide. She is wearing glasses to big for her face. She has short hair and thick arched eyebrows, as though she is unsatisfied with the news."", ""og:image"": ""http://digitalcollections.aucegypt.edu/iiif/2/p15795coll40:83/full/730,/0/default.jpg"", ""og:url"": ""https://digitalcollections.aucegypt.edu/digital/collection/p15795coll40/id/83/"", ""og:type"": ""website""}"
84,Fur diva,Margo Veillon,,Margo Veillon Art Collection,charcoal on paper,charcoal drawings,drawings (visual works),Charcoal sketch of a woman wearing a fur-collared coat. She has her eyes closed and is turned towards the right though her body is facing forward. She has short brown hair and a dark-colored earring. She has big oversized glasses that sit on her small pointed nose. She has an arrogant look on her fa,"American University in Cairo, Egypt",https://digitalcollections.aucegypt.edu/digital/collection/p15795coll40/id/84/,"http://digitalcollections.aucegypt.edu/iiif/2/p15795coll40:84/full/730,/0/default.jpg",margo_data/images/0084.jpg,"{""title"": ""Fur diva"", ""titlea"": ""مغنية الفراء"", ""titleb"": ""Fourrure Diva"", ""creata"": ""Margo Veillon"", ""creato"": ""Egyptian-Swiss"", ""descri"": ""Charcoal sketch of a woman wearing a fur-collared coat. She has her eyes closed and is turned towards the right though her body is facing forward. She has short brown hair and a dark-colored earring. She has big oversized glasses that sit on her small pointed nose. She has an arrogant look on her face though her eyes are closed. Her lips are frowned carelessly."", ""locati"": ""American University in Cairo, Egypt"", ""covera"": ""charcoal on paper"", ""artwor"": ""44.5 cm x 65.1 cm"", ""medium"": ""drawings (visual works)"", ""type"": ""charcoal drawings"", ""format"": ""Expressionist (style)"", ""collec"": ""Margo Veillon Art Collection"", ""source"": ""American University in Cairo"", ""licens"": ""Copyright the American University in Cairo"", ""rights"": ""To inquire about rights and permissions, contact the Rare Books and Special Collections Library, The American University in Cairo at +20.2.2615.3676 or rbscl-ref@aucegypt.edu."", ""google-site-verification"": ""UA-49762962-1"", ""viewport"": ""width=device-width, initial-scale=1.0"", ""og:title"": ""Fur diva"", ""og:description"": ""Charcoal sketch of a woman wearing a fur-collared coat. She has her eyes closed and is turned towards the right though her body is facing forward. She has short brown hair and a dark-colored earring. She has big oversized glasses that sit on her small pointed nose. She has an arrogant look on her face though her eyes are closed. Her lips are frowned carelessly."", ""og:image"": ""http://digitalcollections.aucegypt.edu/iiif/2/p15795coll40:84/full/730,/0/default.jpg"", ""og:url"": ""https://digitalcollections.aucegypt.edu/digital/collection/p15795coll40/id/84/"", ""og:type"": ""website""}"
85,Round earring,Margo Veillon,,Margo Veillon Art Collection,charcoal on paper,charcoal drawings,drawings (visual works),"Detailed charcoal portrait of a woman in a single-sleeve dark top, her dark hair in a tight bun. She is looking to the right of the portrait. She is wearing a large hoop earring. She has large eyes, an elegant, curved nose, and pursed, dark lips. She has pronounced cheekbones, and is very alert, lik","American University in Cairo, Egypt",https://digitalcollections.aucegypt.edu/digital/collection/p15795coll40/id/85/,"http://digitalcollections.aucegypt.edu/iiif/2/p15795coll40:85/full/730,/0/default.jpg",margo_data/images/0085.jpg,"{""title"": ""Round earring"", ""titlea"": ""الحلق المستدير"", ""titleb"": ""La boucle d'oreille ronde"", ""creata"": ""Margo Veillon"", ""creato"": ""Egyptian-Swiss"", ""descri"": ""Detailed charcoal portrait of a woman in a single-sleeve dark top, her dark hair in a tight bun. She is looking to the right of the portrait. She is wearing a large hoop earring. She has large eyes, an elegant, curved nose, and pursed, dark lips. She has pronounced cheekbones, and is very alert, like she is listening to something important. She is also wearing a small necklace."", ""descra"": ""1981, Margo Veillon"", ""locati"": ""American University in Cairo, Egypt"", ""covera"": ""charcoal on paper"", ""artwor"": ""69.6 cm x 49.8 cm"", ""medium"": ""drawings (visual works)"", ""type"": ""charcoal drawings"", ""format"": ""Expressionist (style)"", ""collec"": ""Margo Veillon Art Collection"", ""source"": ""American University in Cairo"", ""licens"": ""Copyright the American University in Cairo"", ""rights"": ""To inquire about rights and permissions, contact the Rare Books and Special Collections Library, The American University in Cairo at +20.2.2615.3676 or rbscl-ref@aucegypt.edu."", ""google-site-verification"": ""UA-49762962-1"", ""viewport"": ""width=device-width, initial-scale=1.0"", ""og:title"": ""Round earring"", ""og:description"": ""Detailed charcoal portrait of a woman in a single-sleeve dark top, her dark hair in a tight bun. She is looking to the right of the portrait. She is wearing a large hoop earring. She has large eyes, an elegant, curved nose, and pursed, dark lips. She has pronounced cheekbones, and is very alert, like she is listening to something important. She is also wearing a small necklace."", ""og:image"": ""http://digitalcollections.aucegypt.edu/iiif/2/p15795coll40:85/full/730,/0/default.jpg"", ""og:url"": ""https://digitalcollections.aucegypt.edu/digital/collection/p15795coll40/id/85/"", ""og:type"": ""website""}"
86,Guitar,Margo Veillon,,Margo Veillon Art Collection,mixed media on paper,watercolors (paintings),mixed media works,"A pastel drawing of a woman playing a guitar on a blue chair. She is wearing a short dress and facing away, only her dark hair in a bun is visible. She is wearing an orange and brown dress that is collared. Her hand is strumming the guitar while her other is holding the last string on the fingerboar","American University in Cairo, Egypt",https://digitalcollections.aucegypt.edu/digital/collection/p15795coll40/id/86/,"http://digitalcollections.aucegypt.edu/iiif/2/p15795coll40:86/full/730,/0/default.jpg",margo_data/images/0086.jpg,"{""title"": ""Guitar"", ""titlea"": ""الجيتار"", ""titleb"": ""La guitare"", ""creata"": ""Margo Veillon"", ""creato"": ""Egyptian-Swiss"", ""descri"": ""A pastel drawing of a woman playing a guitar on a blue chair. She is wearing a short dress and facing away, only her dark hair in a bun is visible. She is wearing an orange and brown dress that is collared. Her hand is strumming the guitar while her other is holding the last string on the fingerboard."", ""locati"": ""American University in Cairo, Egypt"", ""covera"": ""mixed media on paper"", ""artwor"": ""59.4 cm x 45 cm"", ""medium"": ""mixed media works"", ""type"": ""watercolors (paintings)"", ""format"": ""Expressionist (style)"", ""collec"": ""Margo Veillon Art Collection"", ""source"": ""American University in Cairo"", ""licens"": ""Copyright the American University in Cairo"", ""rights"": ""To inquire about rights and permissions, contact the Rare Books and Special Collections Library, The American University in Cairo at +20.2.2615.3676 or rbscl-ref@aucegypt.edu."", ""google-site-verification"": ""UA-49762962-1"", ""viewport"": ""width=device-width, initial-scale=1.0"", ""og:title"": ""Guitar"", ""og:description"": ""A pastel drawing of a woman playing a guitar on a blue chair. She is wearing a short dress and facing away, only her dark hair in a bun is visible. She is wearing an orange and brown dress that is collared. Her hand is strumming the guitar while her other is holding the last string on the fingerboard."", ""og:image"": ""http://digitalcollections.aucegypt.edu/iiif/2/p15795coll40:86/full/730,/0/default.jpg"", ""og:url"": ""https://digitalcollections.aucegypt.edu/digital/collection/p15795coll40/id/86/"", ""og:type"": ""website""}"
87,Perched,Margo Veillon,,Margo Veillon Art Collection,pastels and charcoal on paper,pastels (visual works),mixed media works,"Oil pastel and charcoal portrait of a woman cheekily perched on a black stool, her legs crossed beneath her, one arm resting in her lap while the other is hanging on her knee. She has short orange hair and a confident expression on her face. She is wearing an open blouse and black pants. There is a ","American University in Cairo, Egypt",https://digitalcollections.aucegypt.edu/digital/collection/p15795coll40/id/87/,"http://digitalcollections.aucegypt.edu/iiif/2/p15795coll40:87/full/730,/0/default.jpg",margo_data/images/0087.jpg,"{""title"": ""Perched"", ""titlea"": ""جاثما"", ""titleb"": ""Perché"", ""creata"": ""Margo Veillon"", ""creato"": ""Egyptian-Swiss"", ""descri"": ""Oil pastel and charcoal portrait of a woman cheekily perched on a black stool, her legs crossed beneath her, one arm resting in her lap while the other is hanging on her knee. She has short orange hair and a confident expression on her face. She is wearing an open blouse and black pants. There is a gray background behind her."", ""locati"": ""American University in Cairo, Egypt"", ""covera"": ""pastels and charcoal on paper"", ""artwor"": ""86.3 cm x 61.7 cm"", ""medium"": ""mixed media works"", ""type"": ""pastels (visual works)"", ""format"": ""Expressionist (style)"", ""collec"": ""Margo Veillon Art Collection"", ""source"": ""American University in Cairo"", ""licens"": ""Copyright the American University in Cairo"", ""rights"": ""To inquire about rights and permissions, contact the Rare Books and Special Collections Library, The American University in Cairo at +20.2.2615.3676 or rbscl-ref@aucegypt.edu."", ""google-site-verification"": ""UA-49762962-1"", ""viewport"": ""width=device-width, initial-scale=1.0"", ""og:title"": ""Perched"", ""og:description"": ""Oil pastel and charcoal portrait of a woman cheekily perched on a black stool, her legs crossed beneath her, one arm resting in her lap while the other is hanging on her knee. She has short orange hair and a confident expression on her face. She is wearing an open blouse and black pants. There is a gray background behind her."", ""og:image"": ""http://digitalcollections.aucegypt.edu/iiif/2/p15795coll40:87/full/730,/0/default.jpg"", ""og:url"": ""https://digitalcollections.aucegypt.edu/digital/collection/p15795coll40/id/87/"", ""og:type"": ""website""}"
88,Curly haired smile,Margo Veillon,,Margo Veillon Art Collection,charcoal on paper,charcoal drawings,drawings (visual works),"Charcoal portrait of a smiling woman with short, curly hair, and large glasses over small, almond-shaped eyes. She has a wide, flat nose and is smiling pleasantly. She is leaning over, slouched, and is wearing a sleeveless black blouse or dress.","American University in Cairo, Egypt",https://digitalcollections.aucegypt.edu/digital/collection/p15795coll40/id/88/,"http://digitalcollections.aucegypt.edu/iiif/2/p15795coll40:88/full/730,/0/default.jpg",margo_data/images/0088.jpg,"{""title"": ""Curly haired smile"", ""titlea"": ""ابتسامة مجعد الشعر"", ""titleb"": ""Sourire cheveux bouclés"", ""creata"": ""Margo Veillon"", ""creato"": ""Egyptian-Swiss"", ""descri"": ""Charcoal portrait of a smiling woman with short, curly hair, and large glasses over small, almond-shaped eyes. She has a wide, flat nose and is smiling pleasantly. She is leaning over, slouched, and is wearing a sleeveless black blouse or dress."", ""descra"": ""1985, Margo Veillon"", ""locati"": ""American University in Cairo, Egypt"", ""covera"": ""charcoal on paper"", ""artwor"": ""82.5 cm x 54 cm"", ""medium"": ""drawings (visual works)"", ""type"": ""charcoal drawings"", ""format"": ""Expressionist (style)"", ""collec"": ""Margo Veillon Art Collection"", ""source"": ""American University in Cairo"", ""licens"": ""Copyright the American University in Cairo"", ""rights"": ""To inquire about rights and permissions, contact the Rare Books and Special Collections Library, The American University in Cairo at +20.2.2615.3676 or rbscl-ref@aucegypt.edu."", ""google-site-verification"": ""UA-49762962-1"", ""viewport"": ""width=device-width, initial-scale=1.0"", ""og:title"": ""Curly haired smile"", ""og:description"": ""Charcoal portrait of a smiling woman with short, curly hair, and large glasses over small, almond-shaped eyes. She has a wide, flat nose and is smiling pleasantly. She is leaning over, slouched, and is wearing a sleeveless black blouse or dress."", ""og:image"": ""http://digitalcollections.aucegypt.edu/iiif/2/p15795coll40:88/full/730,/0/default.jpg"", ""og:url"": ""https://digitalcollections.aucegypt.edu/digital/collection/p15795coll40/id/88/"", ""og:type"": ""website""}"
89,Nighttime conversation,Margo Veillon,,Margo Veillon Art Collection,charcoal on paper,charcoal drawings,drawings (visual works),"Pencil life drawing of a woman with short hair lounging on her side in bed, dressed in a nightgown, barefoot. She seems tired but happy and is engaged in a conversation with the viewer.","American University in Cairo, Egypt",https://digitalcollections.aucegypt.edu/digital/collection/p15795coll40/id/89/,"http://digitalcollections.aucegypt.edu/iiif/2/p15795coll40:89/full/730,/0/default.jpg",margo_data/images/0089.jpg,"{""title"": ""Nighttime conversation"", ""titlea"": ""محادثة ليلية"", ""titleb"": ""Conversation de nuit"", ""creata"": ""Margo Veillon"", ""creato"": ""Egyptian-Swiss"", ""descri"": ""Pencil life drawing of a woman with short hair lounging on her side in bed, dressed in a nightgown, barefoot. She seems tired but happy and is engaged in a conversation with the viewer."", ""locati"": ""American University in Cairo, Egypt"", ""covera"": ""charcoal on paper"", ""artwor"": ""49 cm x 90 cm"", ""medium"": ""drawings (visual works)"", ""type"": ""charcoal drawings"", ""format"": ""Expressionist (style)"", ""collec"": ""Margo Veillon Art Collection"", ""source"": ""American University in Cairo"", ""licens"": ""Copyright the American University in Cairo"", ""rights"": ""To inquire about rights and permissions, contact the Rare Books and Special Collections Library, The American University in Cairo at +20.2.2615.3676 or rbscl-ref@aucegypt.edu."", ""google-site-verification"": ""UA-49762962-1"", ""viewport"": ""width=device-width, initial-scale=1.0"", ""og:title"": ""Nighttime conversation"", ""og:description"": ""Pencil life drawing of a woman with short hair lounging on her side in bed, dressed in a nightgown, barefoot. She seems tired but happy and is engaged in a conversation with the viewer."", ""og:image"": ""http://digitalcollections.aucegypt.edu/iiif/2/p15795coll40:89/full/730,/0/default.jpg"", ""og:url"": ""https://digitalcollections.aucegypt.edu/digital/collection/p15795coll40/id/89/"", ""og:type"": ""website""}"
90,Yellow dress,Margo Veillon,,Margo Veillon Art Collection,charcoal and pastels on cardboard,charcoal drawings,mixed media works,"Oil pastel drawing of a woman sitting down, her right hand holding her dress against her chest, and her right hand on the floor. Her legs are crossed. She is wearing a strapless yellow dress. She has short brown hair. She seems uncomfortable, looking around like she is startled by something.","American University in Cairo, Egypt",https://digitalcollections.aucegypt.edu/digital/collection/p15795coll40/id/90/,"http://digitalcollections.aucegypt.edu/iiif/2/p15795coll40:90/full/730,/0/default.jpg",margo_data/images/0090.jpg,"{""title"": ""Yellow dress"", ""titlea"": ""ثوب اصفر"", ""titleb"": ""Robe jaune"", ""creata"": ""Margo Veillon"", ""creato"": ""Egyptian-Swiss"", ""descri"": ""Oil pastel drawing of a woman sitting down, her right hand holding her dress against her chest, and her right hand on the floor. Her legs are crossed. She is wearing a strapless yellow dress. She has short brown hair. She seems uncomfortable, looking around like she is startled by something."", ""locati"": ""American University in Cairo, Egypt"", ""covera"": ""charcoal and pastels on cardboard"", ""artwor"": ""55 cm x 65 cm"", ""medium"": ""mixed media works"", ""type"": ""charcoal drawings"", ""format"": ""Expressionist (style)"", ""collec"": ""Margo Veillon Art Collection"", ""source"": ""American University in Cairo"", ""licens"": ""Copyright the American University in Cairo"", ""rights"": ""To inquire about rights and permissions, contact the Rare Books and Special Collections Library, The American University in Cairo at +20.2.2615.3676 or rbscl-ref@aucegypt.edu."", ""google-site-verification"": ""UA-49762962-1"", ""viewport"": ""width=device-width, initial-scale=1.0"", ""og:title"": ""Yellow dress"", ""og:description"": ""Oil pastel drawing of a woman sitting down, her right hand holding her dress against her chest, and her right hand on the floor. Her legs are crossed. She is wearing a strapless yellow dress. She has short brown hair. She seems uncomfortable, looking around like she is startled by something."", ""og:image"": ""http://digitalcollections.aucegypt.edu/iiif/2/p15795coll40:90/full/730,/0/default.jpg"", ""og:url"": ""https://digitalcollections.aucegypt.edu/digital/collection/p15795coll40/id/90/"", ""og:type"": ""website""}"
91,Lying among rocks,Margo Veillon,,Margo Veillon Art Collection,pastels and watercolors on paper,watercolors (paintings),mixed media works,"Watercolor drawing of a large woman lying on her side next to some rocks and boulders. Her right arm is splayed out next to her, but her left is hanging above her face, shading it from the sun. The woman is wearing a white turban, and a blue jumpsuit, with brown boots. She looks tired.","American University in Cairo, Egypt",https://digitalcollections.aucegypt.edu/digital/collection/p15795coll40/id/91/,"http://digitalcollections.aucegypt.edu/iiif/2/p15795coll40:91/full/730,/0/default.jpg",margo_data/images/0091.jpg,"{""title"": ""Lying among rocks"", ""titlea"": ""الاستلقاء بين الصخور"", ""titleb"": ""Allongé parmi les rochers"", ""creata"": ""Margo Veillon"", ""creato"": ""Egyptian-Swiss"", ""descri"": ""Watercolor drawing of a large woman lying on her side next to some rocks and boulders. Her right arm is splayed out next to her, but her left is hanging above her face, shading it from the sun. The woman is wearing a white turban, and a blue jumpsuit, with brown boots. She looks tired."", ""descra"": ""1979, Margo Veillon"", ""locati"": ""American University in Cairo, Egypt"", ""covera"": ""pastels and watercolors on paper"", ""artwor"": ""49.7 cm x 69.5 cm"", ""medium"": ""mixed media works"", ""type"": ""watercolors (paintings)"", ""format"": ""Expressionist (style)"", ""collec"": ""Margo Veillon Art Collection"", ""source"": ""American University in Cairo"", ""licens"": ""Copyright the American University in Cairo"", ""rights"": ""To inquire about rights and permissions, contact the Rare Books and Special Collections Library, The American University in Cairo at +20.2.2615.3676 or rbscl-ref@aucegypt.edu."", ""google-site-verification"": ""UA-49762962-1"", ""viewport"": ""width=device-width, initial-scale=1.0"", ""og:title"": ""Lying among rocks"", ""og:description"": ""Watercolor drawing of a large woman lying on her side next to some rocks and boulders. Her right arm is splayed out next to her, but her left is hanging above her face, shading it from the sun. The woman is wearing a white turban, and a blue jumpsuit, with brown boots. She looks tired."", ""og:image"": ""http://digitalcollections.aucegypt.edu/iiif/2/p15795coll40:91/full/730,/0/default.jpg"", ""og:url"": ""https://digitalcollections.aucegypt.edu/digital/collection/p15795coll40/id/91/"", ""og:type"": ""website""}"
92,Smoking with headband,Margo Veillon,,Margo Veillon Art Collection,charcoal and pastels on cardboard,charcoal drawings,mixed media works,"Charcoal portrait of a curvy, voluptuous woman sitting directly across from the viewer, her right leg brought in front of her, with her left leg bent underneath her. She is wearing a skimpy black nightgown. She is holding a cigarette loosely in her right hand, and her left arm is hanging loosely nex","American University in Cairo, Egypt",https://digitalcollections.aucegypt.edu/digital/collection/p15795coll40/id/92/,"http://digitalcollections.aucegypt.edu/iiif/2/p15795coll40:92/full/730,/0/default.jpg",margo_data/images/0092.jpg,"{""title"": ""Smoking with headband"", ""titlea"": ""التدخين برباط الرأس"", ""titleb"": ""Fumer avec un bandeau"", ""creata"": ""Margo Veillon"", ""creato"": ""Egyptian-Swiss"", ""descri"": ""Charcoal portrait of a curvy, voluptuous woman sitting directly across from the viewer, her right leg brought in front of her, with her left leg bent underneath her. She is wearing a skimpy black nightgown. She is holding a cigarette loosely in her right hand, and her left arm is hanging loosely next to her. Her long straight hair is held away from her face using a large headband. She is also wearing a small headband."", ""locati"": ""American University in Cairo, Egypt"", ""covera"": ""charcoal and pastels on cardboard"", ""artwor"": ""58.5 cm x 77.8 cm"", ""medium"": ""mixed media works"", ""type"": ""charcoal drawings"", ""format"": ""Expressionist (style)"", ""collec"": ""Margo Veillon Art Collection"", ""source"": ""American University in Cairo"", ""licens"": ""Copyright the American University in Cairo"", ""rights"": ""To inquire about rights and permissions, contact the Rare Books and Special Collections Library, The American University in Cairo at +20.2.2615.3676 or rbscl-ref@aucegypt.edu."", ""google-site-verification"": ""UA-49762962-1"", ""viewport"": ""width=device-width, initial-scale=1.0"", ""og:title"": ""Smoking with headband"", ""og:description"": ""Charcoal portrait of a curvy, voluptuous woman sitting directly across from the viewer, her right leg brought in front of her, with her left leg bent underneath her. She is wearing a skimpy black nightgown. She is holding a cigarette loosely in her right hand, and her left arm is hanging loosely next to her. Her long straight hair is held away from her face using a large headband. She is also wearing a small headband."", ""og:image"": ""http://digitalcollections.aucegypt.edu/iiif/2/p15795coll40:92/full/730,/0/default.jpg"", ""og:url"": ""https://digitalcollections.aucegypt.edu/digital/collection/p15795coll40/id/92/"", ""og:type"": ""website""}"
93,Woman in bra,Margo Veillon,,Margo Veillon Art Collection,pencil on paper,pencil drawings,drawings (visual works),"Pencil and charcoal life drawing of a curvy woman standing with one hand on her hip, her hair loose behind a white bandana. She is looking to her left, distracted. She is wearing black underwear.","American University in Cairo, Egypt",https://digitalcollections.aucegypt.edu/digital/collection/p15795coll40/id/93/,"http://digitalcollections.aucegypt.edu/iiif/2/p15795coll40:93/full/730,/0/default.jpg",margo_data/images/0093.jpg,"{""title"": ""Woman in bra"", ""titlea"": ""امرأة في حمالة الصدر"", ""titleb"": ""Femme en soutien-gorge"", ""creata"": ""Margo Veillon"", ""creato"": ""Egyptian-Swiss"", ""descri"": ""Pencil and charcoal life drawing of a curvy woman standing with one hand on her hip, her hair loose behind a white bandana. She is looking to her left, distracted. She is wearing black underwear."", ""locati"": ""American University in Cairo, Egypt"", ""covera"": ""pencil on paper"", ""artwor"": ""77.7cm x 58.6 cm"", ""medium"": ""drawings (visual works)"", ""type"": ""pencil drawings"", ""format"": ""Expressionist (style)"", ""collec"": ""Margo Veillon Art Collection"", ""source"": ""American University in Cairo"", ""licens"": ""Copyright the American University in Cairo"", ""rights"": ""To inquire about rights and permissions, contact the Rare Books and Special Collections Library, The American University in Cairo at +20.2.2615.3676 or rbscl-ref@aucegypt.edu."", ""google-site-verification"": ""UA-49762962-1"", ""viewport"": ""width=device-width, initial-scale=1.0"", ""og:title"": ""Woman in bra"", ""og:description"": ""Pencil and charcoal life drawing of a curvy woman standing with one hand on her hip, her hair loose behind a white bandana. She is looking to her left, distracted. She is wearing black underwear."", ""og:image"": ""http://digitalcollections.aucegypt.edu/iiif/2/p15795coll40:93/full/730,/0/default.jpg"", ""og:url"": ""https://digitalcollections.aucegypt.edu/digital/collection/p15795coll40/id/93/"", ""og:type"": ""website""}"
94,Smoking in bed,Margo Veillon,,Margo Veillon Art Collection,charcoal on paper,charcoal drawings,drawings (visual works),"A rather intimate pencil portrait of a woman with large, round features lounging on her elbow, in a bed, dressed in a loose white dress shirt, and lazily holding a cigarette in her right hand. She is smiling slightly, looking very relaxed.","American University in Cairo, Egypt",https://digitalcollections.aucegypt.edu/digital/collection/p15795coll40/id/94/,"http://digitalcollections.aucegypt.edu/iiif/2/p15795coll40:94/full/730,/0/default.jpg",margo_data/images/0094.jpg,"{""title"": ""Smoking in bed"", ""titlea"": ""التدخين في السرير"", ""titleb"": ""Fumer au lit"", ""creata"": ""Margo Veillon"", ""creato"": ""Egyptian-Swiss"", ""descri"": ""A rather intimate pencil portrait of a woman with large, round features lounging on her elbow, in a bed, dressed in a loose white dress shirt, and lazily holding a cigarette in her right hand. She is smiling slightly, looking very relaxed."", ""locati"": ""American University in Cairo, Egypt"", ""covera"": ""charcoal on paper"", ""artwor"": ""57.4 cm x 79.7 cm"", ""medium"": ""drawings (visual works)"", ""type"": ""charcoal drawings"", ""format"": ""Expressionist (style)"", ""collec"": ""Margo Veillon Art Collection"", ""source"": ""American University in Cairo"", ""licens"": ""Copyright the American University in Cairo"", ""rights"": ""To inquire about rights and permissions, contact the Rare Books and Special Collections Library, The American University in Cairo at +20.2.2615.3676 or rbscl-ref@aucegypt.edu."", ""google-site-verification"": ""UA-49762962-1"", ""viewport"": ""width=device-width, initial-scale=1.0"", ""og:title"": ""Smoking in bed"", ""og:description"": ""A rather intimate pencil portrait of a woman with large, round features lounging on her elbow, in a bed, dressed in a loose white dress shirt, and lazily holding a cigarette in her right hand. She is smiling slightly, looking very relaxed."", ""og:image"": ""http://digitalcollections.aucegypt.edu/iiif/2/p15795coll40:94/full/730,/0/default.jpg"", ""og:url"": ""https://digitalcollections.aucegypt.edu/digital/collection/p15795coll40/id/94/"", ""og:type"": ""website""}"
95,Daydreaming,Margo Veillon,,Margo Veillon Art Collection,charcoal on paper,charcoal drawings,drawings (visual works),"Charcoal drawing of a woman lying on her front on a bed. Her legs are up in the air, and she is sitting up, propped up on her right palm. Her left hand is holding her right elbow. She has short, dark hair and big, baleful eyes. She has a bored expression on her face.","American University in Cairo, Egypt",https://digitalcollections.aucegypt.edu/digital/collection/p15795coll40/id/95/,"http://digitalcollections.aucegypt.edu/iiif/2/p15795coll40:95/full/730,/0/default.jpg",margo_data/images/0095.jpg,"{""title"": ""Daydreaming"", ""titlea"": ""احلام اليقظة"", ""titleb"": ""Rêverie"", ""creata"": ""Margo Veillon"", ""creato"": ""Egyptian-Swiss"", ""descri"": ""Charcoal drawing of a woman lying on her front on a bed. Her legs are up in the air, and she is sitting up, propped up on her right palm. Her left hand is holding her right elbow. She has short, dark hair and big, baleful eyes. She has a bored expression on her face."", ""descra"": ""1979"", ""locati"": ""American University in Cairo, Egypt"", ""covera"": ""charcoal on paper"", ""artwor"": ""52 cm x 79.8 cm"", ""medium"": ""drawings (visual works)"", ""type"": ""charcoal drawings"", ""format"": ""Expressionist (style)"", ""collec"": ""Margo Veillon Art Collection"", ""source"": ""American University in Cairo"", ""licens"": ""Copyright the American University in Cairo"", ""rights"": ""To inquire about rights and permissions, contact the Rare Books and Special Collections Library, The American University in Cairo at +20.2.2615.3676 or rbscl-ref@aucegypt.edu."", ""google-site-verification"": ""UA-49762962-1"", ""viewport"": ""width=device-width, initial-scale=1.0"", ""og:title"": ""Daydreaming"", ""og:description"": ""Charcoal drawing of a woman lying on her front on a bed. Her legs are up in the air, and she is sitting up, propped up on her right palm. Her left hand is holding her right elbow. She has short, dark hair and big, baleful eyes. She has a bored expression on her face."", ""og:image"": ""http://digitalcollections.aucegypt.edu/iiif/2/p15795coll40:95/full/730,/0/default.jpg"", ""og:url"": ""https://digitalcollections.aucegypt.edu/digital/collection/p15795coll40/id/95/"", ""og:type"": ""website""}"
96,Abstract cassandra,Margo Veillon,,Margo Veillon Art Collection,charcoal on paper,charcoal drawings,drawings (visual works),"An extremely abstract pencil portrait, presumably of Cassandra, one of Margo's muses.","American University in Cairo, Egypt",https://digitalcollections.aucegypt.edu/digital/collection/p15795coll40/id/96/,"http://digitalcollections.aucegypt.edu/iiif/2/p15795coll40:96/full/730,/0/default.jpg",margo_data/images/0096.jpg,"{""title"": ""Abstract cassandra"", ""titlea"": ""كاساندرا مجردة"", ""titleb"": ""Cassandre abstraite"", ""creata"": ""Margo Veillon"", ""creato"": ""Egyptian-Swiss"", ""descri"": ""An extremely abstract pencil portrait, presumably of Cassandra, one of Margo's muses."", ""descra"": ""cassandra, 1977-1979, cassandra dessins 40"", ""locati"": ""American University in Cairo, Egypt"", ""covera"": ""charcoal on paper"", ""artwor"": ""99 cm x 69.3 cm"", ""medium"": ""drawings (visual works)"", ""type"": ""charcoal drawings"", ""format"": ""Abstract (modern European style)"", ""collec"": ""Margo Veillon Art Collection"", ""source"": ""American University in Cairo"", ""licens"": ""Copyright the American University in Cairo"", ""rights"": ""To inquire about rights and permissions, contact the Rare Books and Special Collections Library, The American University in Cairo at +20.2.2615.3676 or rbscl-ref@aucegypt.edu."", ""google-site-verification"": ""UA-49762962-1"", ""viewport"": ""width=device-width, initial-scale=1.0"", ""og:title"": ""Abstract cassandra"", ""og:description"": ""An extremely abstract pencil portrait, presumably of Cassandra, one of Margo's muses."", ""og:image"": ""http://digitalcollections.aucegypt.edu/iiif/2/p15795coll40:96/full/730,/0/default.jpg"", ""og:url"": ""https://digitalcollections.aucegypt.edu/digital/collection/p15795coll40/id/96/"", ""og:type"": ""website""}"
97,Red haired thinker,Margo Veillon,,Margo Veillon Art Collection,pastels on paper,pastels (visual works),drawings (visual works),"Very stylized oil pastel portrait of a young man with a long, thin, angular face, sitting in a yellow chair. He is twiddling his thumbs on his lap, and his legs are crossed, which makes him look a bit refined. He is wearing a gray sweater, brown slacks, and dark shoes. His cheekbones are quite prono","American University in Cairo, Egypt",https://digitalcollections.aucegypt.edu/digital/collection/p15795coll40/id/97/,"http://digitalcollections.aucegypt.edu/iiif/2/p15795coll40:97/full/730,/0/default.jpg",margo_data/images/0097.jpg,"{""title"": ""Red haired thinker"", ""titlea"": ""المفكر ذو الشعر الأحمر"", ""titleb"": ""Le penseur aux cheveux roux"", ""creata"": ""Margo Veillon"", ""creato"": ""Egyptian-Swiss"", ""descri"": ""Very stylized oil pastel portrait of a young man with a long, thin, angular face, sitting in a yellow chair. He is twiddling his thumbs on his lap, and his legs are crossed, which makes him look a bit refined. He is wearing a gray sweater, brown slacks, and dark shoes. His cheekbones are quite pronounced, and he has a cynical expression on his face. His hair is bright orange."", ""descra"": ""1982, Margo Veillon,"", ""locati"": ""American University in Cairo, Egypt"", ""covera"": ""pastels on paper"", ""artwor"": ""100 cm x 55.7 cm"", ""medium"": ""drawings (visual works)"", ""type"": ""pastels (visual works)"", ""format"": ""Expressionist (style)"", ""collec"": ""Margo Veillon Art Collection"", ""source"": ""American University in Cairo"", ""licens"": ""Copyright the American University in Cairo"", ""rights"": ""To inquire about rights and permissions, contact the Rare Books and Special Collections Library, The American University in Cairo at +20.2.2615.3676 or rbscl-ref@aucegypt.edu."", ""google-site-verification"": ""UA-49762962-1"", ""viewport"": ""width=device-width, initial-scale=1.0"", ""og:title"": ""Red haired thinker"", ""og:description"": ""Very stylized oil pastel portrait of a young man with a long, thin, angular face, sitting in a yellow chair. He is twiddling his thumbs on his lap, and his legs are crossed, which makes him look a bit refined. He is wearing a gray sweater, brown slacks, and dark shoes. His cheekbones are quite pronounced, and he has a cynical expression on his face. His hair is bright orange."", ""og:image"": ""http://digitalcollections.aucegypt.edu/iiif/2/p15795coll40:97/full/730,/0/default.jpg"", ""og:url"": ""https://digitalcollections.aucegypt.edu/digital/collection/p15795coll40/id/97/"", ""og:type"": ""website""}"
98,Cello player,Margo Veillon,,Margo Veillon Art Collection,charcoal on paper,charcoal drawings,drawings (visual works),"Rough charcoal sketch of a man sitting on a chair and engrossed in playing a cello. He seems to be middle-aged, with a receding hairline, wearing a long-sleeved shirt and pants.","American University in Cairo, Egypt",https://digitalcollections.aucegypt.edu/digital/collection/p15795coll40/id/98/,"http://digitalcollections.aucegypt.edu/iiif/2/p15795coll40:98/full/730,/0/default.jpg",margo_data/images/0098.jpg,"{""title"": ""Cello player"", ""titlea"": ""لاعب التشيلو"", ""titleb"": ""Violoncelliste"", ""creata"": ""Margo Veillon"", ""creato"": ""Egyptian-Swiss"", ""descri"": ""Rough charcoal sketch of a man sitting on a chair and engrossed in playing a cello. He seems to be middle-aged, with a receding hairline, wearing a long-sleeved shirt and pants."", ""descra"": ""1986, Margo Veillon"", ""locati"": ""American University in Cairo, Egypt"", ""covera"": ""charcoal on paper"", ""artwor"": ""96 cm x 63.7 cm"", ""medium"": ""drawings (visual works)"", ""type"": ""charcoal drawings"", ""format"": ""Expressionist (style)"", ""collec"": ""Margo Veillon Art Collection"", ""source"": ""American University in Cairo"", ""licens"": ""Copyright the American University in Cairo"", ""rights"": ""To inquire about rights and permissions, contact the Rare Books and Special Collections Library, The American University in Cairo at +20.2.2615.3676 or rbscl-ref@aucegypt.edu."", ""google-site-verification"": ""UA-49762962-1"", ""viewport"": ""width=device-width, initial-scale=1.0"", ""og:title"": ""Cello player"", ""og:description"": ""Rough charcoal sketch of a man sitting on a chair and engrossed in playing a cello. He seems to be middle-aged, with a receding hairline, wearing a long-sleeved shirt and pants."", ""og:image"": ""http://digitalcollections.aucegypt.edu/iiif/2/p15795coll40:98/full/730,/0/default.jpg"", ""og:url"": ""https://digitalcollections.aucegypt.edu/digital/collection/p15795coll40/id/98/"", ""og:type"": ""website""}"
99,Blas gimeno,Margo Veillon,,Margo Veillon Art Collection,charcoal and pastels on paper,pastels (visual works),mixed media works,"Life drawing sketch of a man in side profile, bending forward to paint on a canvas mounted on an easel opposite him. The style of the sketch is very rough. The man seems to be in his twenties or thirties, with short dark hair, wearing a long-sleeved beige shirt, a blue apron, and bright red pants. H","American University in Cairo, Egypt",https://digitalcollections.aucegypt.edu/digital/collection/p15795coll40/id/99/,"http://digitalcollections.aucegypt.edu/iiif/2/p15795coll40:99/full/730,/0/default.jpg",margo_data/images/0099.jpg,"{""title"": ""Blas gimeno"", ""titlea"": ""بلاس جيمينو"", ""titleb"": ""Blas Gimeno"", ""creata"": ""Margo Veillon"", ""creato"": ""Egyptian-Swiss"", ""descri"": ""Life drawing sketch of a man in side profile, bending forward to paint on a canvas mounted on an easel opposite him. The style of the sketch is very rough. The man seems to be in his twenties or thirties, with short dark hair, wearing a long-sleeved beige shirt, a blue apron, and bright red pants. He has a look of concentration on his face. There are some paintings and frames hung around him. Behind the easel, there is a yellow table, on top of which is a colorful drawing."", ""descra"": ""Margo Veillon"", ""locati"": ""American University in Cairo, Egypt"", ""covera"": ""charcoal and pastels on paper"", ""artwor"": ""100 cm x 69.4 cm"", ""medium"": ""mixed media works"", ""type"": ""pastels (visual works)"", ""format"": ""Expressionist (style)"", ""collec"": ""Margo Veillon Art Collection"", ""source"": ""American University in Cairo"", ""licens"": ""Copyright the American University in Cairo"", ""rights"": ""To inquire about rights and permissions, contact the Rare Books and Special Collections Library, The American University in Cairo at +20.2.2615.3676 or rbscl-ref@aucegypt.edu."", ""google-site-verification"": ""UA-49762962-1"", ""viewport"": ""width=device-width, initial-scale=1.0"", ""og:title"": ""Blas gimeno"", ""og:description"": ""Life drawing sketch of a man in side profile, bending forward to paint on a canvas mounted on an easel opposite him. The style of the sketch is very rough. The man seems to be in his twenties or thirties, with short dark hair, wearing a long-sleeved beige shirt, a blue apron, and bright red pants. He has a look of concentration on his face. There are some paintings and frames hung around him. Behind the easel, there is a yellow table, on top of which is a colorful drawing."", ""og:image"": ""http://digitalcollections.aucegypt.edu/iiif/2/p15795coll40:99/full/730,/0/default.jpg"", ""og:url"": ""https://digitalcollections.aucegypt.edu/digital/collection/p15795coll40/id/99/"", ""og:type"": ""website""}"
100,Patterned skirt woman,Margo Veillon,,Margo Veillon Art Collection,acrylic and pastels on paper,pastels (visual works),drawings (visual works),"Pencil and oil pastel portrait of a very voluptuous woman sitting with her legs crossed on a chair. Her hair is gathered up under a red headband or bonnet. She has a very thick, curvy body, and is dressed scantily in a black top and a red-and-blue striped skirt, and shoes with pointed toes. She is l","American University in Cairo, Egypt",https://digitalcollections.aucegypt.edu/digital/collection/p15795coll40/id/100/,"http://digitalcollections.aucegypt.edu/iiif/2/p15795coll40:100/full/730,/0/default.jpg",margo_data/images/0100.jpg,"{""title"": ""Patterned skirt woman"", ""titlea"": ""تنورة نسائية منقوشة"", ""titleb"": ""Jupe à motifs Femme"", ""creata"": ""Margo Veillon"", ""creato"": ""Egyptian-Swiss"", ""descri"": ""Pencil and oil pastel portrait of a very voluptuous woman sitting with her legs crossed on a chair. Her hair is gathered up under a red headband or bonnet. She has a very thick, curvy body, and is dressed scantily in a black top and a red-and-blue striped skirt, and shoes with pointed toes. She is leaning forward, with her hands braced on her thighs, looking to the right, and smiling, in the middle of a conversation, looking very relaxed."", ""descra"": ""Margo Veillon, 6T86"", ""locati"": ""American University in Cairo, Egypt"", ""covera"": ""acrylic and pastels on paper"", ""artwor"": ""48.2 cm x 100 cm"", ""medium"": ""drawings (visual works)"", ""type"": ""pastels (visual works)"", ""format"": ""Expressionist (style)"", ""collec"": ""Margo Veillon Art Collection"", ""source"": ""American University in Cairo"", ""licens"": ""Copyright the American University in Cairo"", ""rights"": ""To inquire about rights and permissions, contact the Rare Books and Special Collections Library, The American University in Cairo at +20.2.2615.3676 or rbscl-ref@aucegypt.edu."", ""google-site-verification"": ""UA-49762962-1"", ""viewport"": ""width=device-width, initial-scale=1.0"", ""og:title"": ""Patterned skirt woman"", ""og:description"": ""Pencil and oil pastel portrait of a very voluptuous woman sitting with her legs crossed on a chair. Her hair is gathered up under a red headband or bonnet. She has a very thick, curvy body, and is dressed scantily in a black top and a red-and-blue striped skirt, and shoes with pointed toes. She is leaning forward, with her hands braced on her thighs, looking to the right, and smiling, in the middle of a conversation, looking very relaxed."", ""og:image"": ""http://digitalcollections.aucegypt.edu/iiif/2/p15795coll40:100/full/730,/0/default.jpg"", ""og:url"": ""https://digitalcollections.aucegypt.edu/digital/collection/p15795coll40/id/100/"", ""og:type"": ""website""}"
101,Side view of yvonne,Margo Veillon,,Margo Veillon Art Collection,charcoal and pastels on paper,pastels (visual works),mixed media works,"Charcoal and oil pastel drawing of a middle-aged woman sitting on a stool clearly engrossed in conversation. She has her right hand leaning on her knees, but her left arm is raised, gesturing widely, the hand not pictured. She is wearing a sleeveless black top and a very colorful, red and blue patte","American University in Cairo, Egypt",https://digitalcollections.aucegypt.edu/digital/collection/p15795coll40/id/101/,"http://digitalcollections.aucegypt.edu/iiif/2/p15795coll40:101/full/730,/0/default.jpg",margo_data/images/0101.jpg,"{""title"": ""Side view of yvonne"", ""titlea"": ""منظر جانبي لإيفون"", ""titleb"": ""Vue latérale d'Yvonne"", ""creata"": ""Margo Veillon"", ""creato"": ""Egyptian-Swiss"", ""descri"": ""Charcoal and oil pastel drawing of a middle-aged woman sitting on a stool clearly engrossed in conversation. She has her right hand leaning on her knees, but her left arm is raised, gesturing widely, the hand not pictured. She is wearing a sleeveless black top and a very colorful, red and blue patterned skirt that reaches her knees. Her dark hair is in an updo. Her right foot is propped up on a stepping stool, and she is wearing black shoes."", ""descra"": ""1986, Margo Veillon V"", ""locati"": ""American University in Cairo, Egypt"", ""covera"": ""charcoal and pastels on paper"", ""artwor"": ""100 cm x 69.3 cm"", ""medium"": ""mixed media works"", ""type"": ""pastels (visual works)"", ""format"": ""Expressionist (style)"", ""collec"": ""Margo Veillon Art Collection"", ""source"": ""American University in Cairo"", ""licens"": ""Copyright the American University in Cairo"", ""rights"": ""To inquire about rights and permissions, contact the Rare Books and Special Collections Library, The American University in Cairo at +20.2.2615.3676 or rbscl-ref@aucegypt.edu."", ""google-site-verification"": ""UA-49762962-1"", ""viewport"": ""width=device-width, initial-scale=1.0"", ""og:title"": ""Side view of yvonne"", ""og:description"": ""Charcoal and oil pastel drawing of a middle-aged woman sitting on a stool clearly engrossed in conversation. She has her right hand leaning on her knees, but her left arm is raised, gesturing widely, the hand not pictured. She is wearing a sleeveless black top and a very colorful, red and blue patterned skirt that reaches her knees. Her dark hair is in an updo. Her right foot is propped up on a stepping stool, and she is wearing black shoes."", ""og:image"": ""http://digitalcollections.aucegypt.edu/iiif/2/p15795coll40:101/full/730,/0/default.jpg"", ""og:url"": ""https://digitalcollections.aucegypt.edu/digital/collection/p15795coll40/id/101/"", ""og:type"": ""website""}"
102,Yvonne smiling,Margo Veillon,,Margo Veillon Art Collection,pastels on paper,pastels (visual works),drawings (visual works),"Charcoal and oil pastel drawing of a middle-aged woman sitting on a wicker chair directly across from the viewer. She is smiling, her black hair in an updo on the top of her head. Her right arm is clutching the arm of the wicker chair, but her left is clutching her knee. Her ankles are elegantly cro","American University in Cairo, Egypt",https://digitalcollections.aucegypt.edu/digital/collection/p15795coll40/id/102/,"http://digitalcollections.aucegypt.edu/iiif/2/p15795coll40:102/full/730,/0/default.jpg",margo_data/images/0102.jpg,"{""title"": ""Yvonne smiling"", ""titlea"": ""ايفون تبتسم"", ""titleb"": ""Yvonne souriante"", ""creata"": ""Margo Veillon"", ""creato"": ""Egyptian-Swiss"", ""descri"": ""Charcoal and oil pastel drawing of a middle-aged woman sitting on a wicker chair directly across from the viewer. She is smiling, her black hair in an updo on the top of her head. Her right arm is clutching the arm of the wicker chair, but her left is clutching her knee. Her ankles are elegantly crossed. She is wearing a brightly patterned red and blue blazer and skirt, with a black blouse underneath, and a pearl necklace."", ""descra"": ""1986, Margo V"", ""locati"": ""American University in Cairo, Egypt"", ""covera"": ""pastels on paper"", ""artwor"": ""46 cm x 92.7 cm"", ""medium"": ""drawings (visual works)"", ""type"": ""pastels (visual works)"", ""format"": ""Expressionist (style)"", ""collec"": ""Margo Veillon Art Collection"", ""source"": ""American University in Cairo"", ""licens"": ""Copyright the American University in Cairo"", ""rights"": ""To inquire about rights and permissions, contact the Rare Books and Special Collections Library, The American University in Cairo at +20.2.2615.3676 or rbscl-ref@aucegypt.edu."", ""google-site-verification"": ""UA-49762962-1"", ""viewport"": ""width=device-width, initial-scale=1.0"", ""og:title"": ""Yvonne smiling"", ""og:description"": ""Charcoal and oil pastel drawing of a middle-aged woman sitting on a wicker chair directly across from the viewer. She is smiling, her black hair in an updo on the top of her head. Her right arm is clutching the arm of the wicker chair, but her left is clutching her knee. Her ankles are elegantly crossed. She is wearing a brightly patterned red and blue blazer and skirt, with a black blouse underneath, and a pearl necklace."", ""og:image"": ""http://digitalcollections.aucegypt.edu/iiif/2/p15795coll40:102/full/730,/0/default.jpg"", ""og:url"": ""https://digitalcollections.aucegypt.edu/digital/collection/p15795coll40/id/102/"", ""og:type"": ""website""}"
103,Wine glasses,Margo Veillon,,Margo Veillon Art Collection,watercolor on paper,watercolors (paintings),drawings (visual works),A series of women in colorful traditional jalabiyas. The top row of women is wearing shades of yellow with red veils that hang all the way to the knees. The woman on the far right top has a dotted yellow cheerful dress. The bottom row has more detailed images. The first woman is wearing a colorful o,"American University in Cairo, Egypt",https://digitalcollections.aucegypt.edu/digital/collection/p15795coll40/id/103/,"http://digitalcollections.aucegypt.edu/iiif/2/p15795coll40:103/full/730,/0/default.jpg",margo_data/images/0103.jpg,"{""title"": ""Wine glasses"", ""titlea"": ""جلابيات ملونة"", ""titleb"": ""Galabiyas colorées"", ""creata"": ""Margo Veillon"", ""creato"": ""Egyptian-Swiss"", ""descri"": ""A series of women in colorful traditional jalabiyas. The top row of women is wearing shades of yellow with red veils that hang all the way to the knees. The woman on the far right top has a dotted yellow cheerful dress. The bottom row has more detailed images. The first woman is wearing a colorful orange and brown detailed dress with a blue head scarf covering her face until her shoulders. The middle two women are wearing polka-dotted dresses of red and white and blue and white. The woman wearing the blue dress is carrying a basket on her head. the last woman is wearing an orange shirt and a blue skirt. She has a black headscarf and is balancing a blue basket upon her head."", ""descra"": ""vert, beige, rouge, violet, jaune, citron, dessin, bleu, Margo Veillon"", ""locati"": ""American University in Cairo, Egypt"", ""covera"": ""watercolor on paper"", ""artwor"": ""31.5 cm x 24.6 cm"", ""medium"": ""drawings (visual works)"", ""type"": ""watercolors (paintings)"", ""format"": ""Expressionist (style)"", ""collec"": ""Margo Veillon Art Collection"", ""source"": ""American University in Cairo"", ""licens"": ""Copyright the American University in Cairo"", ""rights"": ""To inquire about rights and permissions, contact the Rare Books and Special Collections Library, The American University in Cairo at +20.2.2615.3676 or rbscl-ref@aucegypt.edu."", ""google-site-verification"": ""UA-49762962-1"", ""viewport"": ""width=device-width, initial-scale=1.0"", ""og:title"": ""Wine glasses"", ""og:description"": ""A series of women in colorful traditional jalabiyas. The top row of women is wearing shades of yellow with red veils that hang all the way to the knees. The woman on the far right top has a dotted yellow cheerful dress. The bottom row has more detailed images. The first woman is wearing a colorful orange and brown detailed dress with a blue head scarf covering her face until her shoulders. The middle two women are wearing polka-dotted dresses of red and white and blue and white. The woman wearing the blue dress is carrying a basket on her head. the last woman is wearing an orange shirt and a blue skirt. She has a black headscarf and is balancing a blue basket upon her head."", ""og:image"": ""http://digitalcollections.aucegypt.edu/iiif/2/p15795coll40:103/full/730,/0/default.jpg"", ""og:url"": ""https://digitalcollections.aucegypt.edu/digital/collection/p15795coll40/id/103/"", ""og:type"": ""website""}"
104,Chorus of flute-players,Margo Veillon,,Margo Veillon Art Collection,oil on canvas,oil paintings (visual works),paintings (visual works),"This painting was made from a photograph taken by the artist, although the position of the last two musicians was changed. The red tint and the horse were added to give perspective to the composition.","American University in Cairo, Egypt",https://digitalcollections.aucegypt.edu/digital/collection/p15795coll40/id/104/,"http://digitalcollections.aucegypt.edu/iiif/2/p15795coll40:104/full/730,/0/default.jpg",margo_data/images/0104.jpg,"{""title"": ""Chorus of flute-players"", ""titlea"": ""فرقه عازفي الفلوت"", ""titleb"": ""Chœur de flûtistes / Musiciens"", ""creata"": ""Margo Veillon"", ""creato"": ""Egyptian-Swiss"", ""descri"": ""This painting was made from a photograph taken by the artist, although the position of the last two musicians was changed. The red tint and the horse were added to give perspective to the composition."", ""descra"": ""Margo Veillon"", ""locati"": ""American University in Cairo, Egypt"", ""covera"": ""oil on canvas"", ""artwor"": ""70 cm x 120 cm"", ""medium"": ""paintings (visual works)"", ""type"": ""oil paintings (visual works)"", ""format"": ""Impressionist (style)"", ""collec"": ""Margo Veillon Art Collection"", ""source"": ""American University in Cairo"", ""licens"": ""Copyright the American University in Cairo"", ""rights"": ""To inquire about rights and permissions, contact the Rare Books and Special Collections Library, The American University in Cairo at +20.2.2615.3676 or rbscl-ref@aucegypt.edu."", ""google-site-verification"": ""UA-49762962-1"", ""viewport"": ""width=device-width, initial-scale=1.0"", ""og:title"": ""Chorus of flute-players"", ""og:description"": ""This painting was made from a photograph taken by the artist, although the position of the last two musicians was changed. The red tint and the horse were added to give perspective to the composition."", ""og:image"": ""http://digitalcollections.aucegypt.edu/iiif/2/p15795coll40:104/full/730,/0/default.jpg"", ""og:url"": ""https://digitalcollections.aucegypt.edu/digital/collection/p15795coll40/id/104/"", ""og:type"": ""website""}"
105,Market day,Margo Veillon,,Margo Veillon Art Collection,oil on canvas,oil paintings (visual works),paintings (visual works),"This painting was originally realistic in style, as shown by the face of the woman at the top. Then the artist decided to move toward certain abstraction, as witnessed by the ground (clearly repainted at the end) and the white, stylized contours of the women.","American University in Cairo, Egypt",https://digitalcollections.aucegypt.edu/digital/collection/p15795coll40/id/105/,"http://digitalcollections.aucegypt.edu/iiif/2/p15795coll40:105/full/730,/0/default.jpg",margo_data/images/0105.jpg,"{""title"": ""Market day"", ""titlea"": ""يوم السوق"", ""titleb"": ""Jour du marché"", ""creata"": ""Margo Veillon"", ""creato"": ""Egyptian-Swiss"", ""descri"": ""This painting was originally realistic in style, as shown by the face of the woman at the top. Then the artist decided to move toward certain abstraction, as witnessed by the ground (clearly repainted at the end) and the white, stylized contours of the women."", ""descra"": ""Margo Veillon"", ""locati"": ""American University in Cairo, Egypt"", ""covera"": ""oil on canvas"", ""artwor"": ""71 cm x 122 cm"", ""medium"": ""paintings (visual works)"", ""type"": ""oil paintings (visual works)"", ""format"": ""Impressionist (style)"", ""collec"": ""Margo Veillon Art Collection"", ""source"": ""American University in Cairo"", ""licens"": ""Copyright the American University in Cairo"", ""rights"": ""To inquire about rights and permissions, contact the Rare Books and Special Collections Library, The American University in Cairo at +20.2.2615.3676 or rbscl-ref@aucegypt.edu."", ""google-site-verification"": ""UA-49762962-1"", ""viewport"": ""width=device-width, initial-scale=1.0"", ""og:title"": ""Market day"", ""og:description"": ""This painting was originally realistic in style, as shown by the face of the woman at the top. Then the artist decided to move toward certain abstraction, as witnessed by the ground (clearly repainted at the end) and the white, stylized contours of the women."", ""og:image"": ""http://digitalcollections.aucegypt.edu/iiif/2/p15795coll40:105/full/730,/0/default.jpg"", ""og:url"": ""https://digitalcollections.aucegypt.edu/digital/collection/p15795coll40/id/105/"", ""og:type"": ""website""}"
106,Arcades,Margo Veillon,,Margo Veillon Art Collection,oil on canvas,oil paintings (visual works),paintings (visual works),"The last in the series and the last oil by Margo Veillon. The artist has disappeared from the canvas, and the eye simply crosses the studio to reach the distant landscape. There is total harmony and a rare depth here.","American University in Cairo, Egypt",https://digitalcollections.aucegypt.edu/digital/collection/p15795coll40/id/106/,"http://digitalcollections.aucegypt.edu/iiif/2/p15795coll40:106/full/730,/0/default.jpg",margo_data/images/0106.jpg,"{""title"": ""Arcades"", ""titlea"": ""الممرات"", ""titleb"": ""Arcades"", ""creata"": ""Margo Veillon"", ""creato"": ""Egyptian-Swiss"", ""descri"": ""The last in the series and the last oil by Margo Veillon. The artist has disappeared from the canvas, and the eye simply crosses the studio to reach the distant landscape. There is total harmony and a rare depth here."", ""descra"": ""Margo Veillon, 1998"", ""locati"": ""American University in Cairo, Egypt"", ""covera"": ""oil on canvas"", ""artwor"": ""126 cm x 100 cm"", ""medium"": ""paintings (visual works)"", ""type"": ""oil paintings (visual works)"", ""format"": ""Impressionist (style)"", ""collec"": ""Margo Veillon Art Collection"", ""source"": ""American University in Cairo"", ""licens"": ""Copyright the American University in Cairo"", ""rights"": ""To inquire about rights and permissions, contact the Rare Books and Special Collections Library, The American University in Cairo at +20.2.2615.3676 or rbscl-ref@aucegypt.edu."", ""google-site-verification"": ""UA-49762962-1"", ""viewport"": ""width=device-width, initial-scale=1.0"", ""og:title"": ""Arcades"", ""og:description"": ""The last in the series and the last oil by Margo Veillon. The artist has disappeared from the canvas, and the eye simply crosses the studio to reach the distant landscape. There is total harmony and a rare depth here."", ""og:image"": ""http://digitalcollections.aucegypt.edu/iiif/2/p15795coll40:106/full/730,/0/default.jpg"", ""og:url"": ""https://digitalcollections.aucegypt.edu/digital/collection/p15795coll40/id/106/"", ""og:type"": ""website""}"
107,Two archangels,Margo Veillon,,Margo Veillon Art Collection,"acrylic, enamel and sand",acrylic paintings (visual works),mixed media works,"A whole series of paintings from the 1960s uses sand glued on a panel. It is all about imaginary shapes, very baroque, witness to total liberty in the drawing.","American University in Cairo, Egypt",https://digitalcollections.aucegypt.edu/digital/collection/p15795coll40/id/107/,"http://digitalcollections.aucegypt.edu/iiif/2/p15795coll40:107/full/730,/0/default.jpg",margo_data/images/0107.jpg,"{""title"": ""Two archangels"", ""titlea"": ""رؤساء الملائكة"", ""titleb"": ""Les deux archanges"", ""creata"": ""Margo Veillon"", ""creato"": ""Egyptian-Swiss"", ""descri"": ""A whole series of paintings from the 1960s uses sand glued on a panel. It is all about imaginary shapes, very baroque, witness to total liberty in the drawing."", ""descra"": ""Margo Veillon"", ""locati"": ""American University in Cairo, Egypt"", ""covera"": ""acrylic, enamel and sand"", ""artwor"": ""67 cm x 96 cm"", ""medium"": ""mixed media works"", ""type"": ""acrylic paintings (visual works)"", ""format"": ""Abstract (modern European style)"", ""collec"": ""Margo Veillon Art Collection"", ""source"": ""American University in Cairo"", ""licens"": ""Copyright the American University in Cairo"", ""rights"": ""To inquire about rights and permissions, contact the Rare Books and Special Collections Library, The American University in Cairo at +20.2.2615.3676 or rbscl-ref@aucegypt.edu."", ""google-site-verification"": ""UA-49762962-1"", ""viewport"": ""width=device-width, initial-scale=1.0"", ""og:title"": ""Two archangels"", ""og:description"": ""A whole series of paintings from the 1960s uses sand glued on a panel. It is all about imaginary shapes, very baroque, witness to total liberty in the drawing."", ""og:image"": ""http://digitalcollections.aucegypt.edu/iiif/2/p15795coll40:107/full/730,/0/default.jpg"", ""og:url"": ""https://digitalcollections.aucegypt.edu/digital/collection/p15795coll40/id/107/"", ""og:type"": ""website""}"
108,Men's scarf,Margo Veillon,,Margo Veillon Art Collection,pastels on paper,pastels (visual works),drawings (visual works),"Colored pastels portrait of a young man with light orange hair sitting on a chair. He has a long, distinctive face. He is wearing a large striped scarf, a white dress shirt, and brown slacks. His arms are resting on the armrests of the chair, and his legs are bent in a somewhat awkward position. He ","American University in Cairo, Egypt",https://digitalcollections.aucegypt.edu/digital/collection/p15795coll40/id/108/,"http://digitalcollections.aucegypt.edu/iiif/2/p15795coll40:108/full/730,/0/default.jpg",margo_data/images/0108.jpg,"{""title"": ""Men's scarf"", ""titlea"": ""وشاح الرجال"", ""titleb"": ""Foulard homme"", ""creata"": ""Margo Veillon"", ""creato"": ""Egyptian-Swiss"", ""descri"": ""Colored pastels portrait of a young man with light orange hair sitting on a chair. He has a long, distinctive face. He is wearing a large striped scarf, a white dress shirt, and brown slacks. His arms are resting on the armrests of the chair, and his legs are bent in a somewhat awkward position. He is looking to his right and smiling, in the middle of a conversation."", ""descra"": ""1982, Margo Veillon"", ""locati"": ""American University in Cairo, Egypt"", ""covera"": ""pastels on paper"", ""artwor"": ""63.9 cm x 96.9 cm"", ""medium"": ""drawings (visual works)"", ""type"": ""pastels (visual works)"", ""format"": ""Expressionist (style)"", ""collec"": ""Margo Veillon Art Collection"", ""source"": ""American University in Cairo"", ""licens"": ""Copyright the American University in Cairo"", ""rights"": ""To inquire about rights and permissions, contact the Rare Books and Special Collections Library, The American University in Cairo at +20.2.2615.3676 or rbscl-ref@aucegypt.edu."", ""google-site-verification"": ""UA-49762962-1"", ""viewport"": ""width=device-width, initial-scale=1.0"", ""og:title"": ""Men's scarf"", ""og:description"": ""Colored pastels portrait of a young man with light orange hair sitting on a chair. He has a long, distinctive face. He is wearing a large striped scarf, a white dress shirt, and brown slacks. His arms are resting on the armrests of the chair, and his legs are bent in a somewhat awkward position. He is looking to his right and smiling, in the middle of a conversation."", ""og:image"": ""http://digitalcollections.aucegypt.edu/iiif/2/p15795coll40:108/full/730,/0/default.jpg"", ""og:url"": ""https://digitalcollections.aucegypt.edu/digital/collection/p15795coll40/id/108/"", ""og:type"": ""website""}"
109,Max rodenbeck,Margo Veillon,,Margo Veillon Art Collection,charcoal on paper,charcoal drawings,drawings (visual works),"Charcoal sketch of a bust of a man with a very long face, his features stylistically exaggerated. He is looking to the right of the composition, with very small eyes. He has a long nose and is not smiling. His hair is very short, and he seems to be wearing a T-shirt.","American University in Cairo, Egypt",https://digitalcollections.aucegypt.edu/digital/collection/p15795coll40/id/109/,"http://digitalcollections.aucegypt.edu/iiif/2/p15795coll40:109/full/730,/0/default.jpg",margo_data/images/0109.jpg,"{""title"": ""Max rodenbeck"", ""titlea"": ""ماكس"", ""titleb"": ""Max"", ""creata"": ""Margo Veillon"", ""creato"": ""Egyptian-Swiss"", ""descri"": ""Charcoal sketch of a bust of a man with a very long face, his features stylistically exaggerated. He is looking to the right of the composition, with very small eyes. He has a long nose and is not smiling. His hair is very short, and he seems to be wearing a T-shirt."", ""locati"": ""American University in Cairo, Egypt"", ""covera"": ""charcoal on paper"", ""artwor"": ""79.8 cm x 39.5 cm"", ""medium"": ""drawings (visual works)"", ""type"": ""charcoal drawings"", ""format"": ""Expressionist (style)"", ""collec"": ""Margo Veillon Art Collection"", ""source"": ""American University in Cairo"", ""licens"": ""Copyright the American University in Cairo"", ""rights"": ""To inquire about rights and permissions, contact the Rare Books and Special Collections Library, The American University in Cairo at +20.2.2615.3676 or rbscl-ref@aucegypt.edu."", ""google-site-verification"": ""UA-49762962-1"", ""viewport"": ""width=device-width, initial-scale=1.0"", ""og:title"": ""Max rodenbeck"", ""og:description"": ""Charcoal sketch of a bust of a man with a very long face, his features stylistically exaggerated. He is looking to the right of the composition, with very small eyes. He has a long nose and is not smiling. His hair is very short, and he seems to be wearing a T-shirt."", ""og:image"": ""http://digitalcollections.aucegypt.edu/iiif/2/p15795coll40:109/full/730,/0/default.jpg"", ""og:url"": ""https://digitalcollections.aucegypt.edu/digital/collection/p15795coll40/id/109/"", ""og:type"": ""website""}"
110,Max is sitting,Margo Veillon,,Margo Veillon Art Collection,charcoal on paper,charcoal drawings,drawings (visual works),"Sketch of a tall, reedy man sitting loosely in a wicker chair, his ankles crossed. He is wearing a scarf wound loosely around his neck, a white dress shirt, and slacks. He has a paperback book in his hands, and he is reading it, with a smile on his face. His face is long and angular, and he has curl","American University in Cairo, Egypt",https://digitalcollections.aucegypt.edu/digital/collection/p15795coll40/id/110/,"http://digitalcollections.aucegypt.edu/iiif/2/p15795coll40:110/full/730,/0/default.jpg",margo_data/images/0110.jpg,"{""title"": ""Max is sitting"", ""titlea"": ""ماكس يجلس"", ""titleb"": ""Max est assis"", ""creata"": ""Margo Veillon"", ""creato"": ""Egyptian-Swiss"", ""descri"": ""Sketch of a tall, reedy man sitting loosely in a wicker chair, his ankles crossed. He is wearing a scarf wound loosely around his neck, a white dress shirt, and slacks. He has a paperback book in his hands, and he is reading it, with a smile on his face. His face is long and angular, and he has curly hair and a slightly receding hairline."", ""descra"": ""Margo Veillon"", ""locati"": ""American University in Cairo, Egypt"", ""covera"": ""charcoal on paper"", ""artwor"": ""90.4 cm x 52.2 cm"", ""medium"": ""drawings (visual works)"", ""type"": ""charcoal drawings"", ""format"": ""Expressionist (style)"", ""collec"": ""Margo Veillon Art Collection"", ""source"": ""American University in Cairo"", ""licens"": ""Copyright the American University in Cairo"", ""rights"": ""To inquire about rights and permissions, contact the Rare Books and Special Collections Library, The American University in Cairo at +20.2.2615.3676 or rbscl-ref@aucegypt.edu."", ""google-site-verification"": ""UA-49762962-1"", ""viewport"": ""width=device-width, initial-scale=1.0"", ""og:title"": ""Max is sitting"", ""og:description"": ""Sketch of a tall, reedy man sitting loosely in a wicker chair, his ankles crossed. He is wearing a scarf wound loosely around his neck, a white dress shirt, and slacks. He has a paperback book in his hands, and he is reading it, with a smile on his face. His face is long and angular, and he has curly hair and a slightly receding hairline."", ""og:image"": ""http://digitalcollections.aucegypt.edu/iiif/2/p15795coll40:110/full/730,/0/default.jpg"", ""og:url"": ""https://digitalcollections.aucegypt.edu/digital/collection/p15795coll40/id/110/"", ""og:type"": ""website""}"
111,Ginger,Margo Veillon,,Margo Veillon Art Collection,pastels on paper,pastels (visual works),drawings (visual works),"Highly stylized oil pastel portrait of a tall man with an extremely long, narrow face, and bright orange hair. He has a serious expression on his face and is wearing a long-sleeved dark gray shirt.","American University in Cairo, Egypt",https://digitalcollections.aucegypt.edu/digital/collection/p15795coll40/id/111/,"http://digitalcollections.aucegypt.edu/iiif/2/p15795coll40:111/full/730,/0/default.jpg",margo_data/images/0111.jpg,"{""title"": ""Ginger"", ""titlea"": ""زنجبيل"", ""titleb"": ""Gingembre"", ""creata"": ""Margo Veillon"", ""creato"": ""Egyptian-Swiss"", ""descri"": ""Highly stylized oil pastel portrait of a tall man with an extremely long, narrow face, and bright orange hair. He has a serious expression on his face and is wearing a long-sleeved dark gray shirt."", ""descra"": ""1982, Margo Veillon"", ""locati"": ""American University in Cairo, Egypt"", ""covera"": ""pastels on paper"", ""artwor"": ""87.2 cm x 55.5 cm"", ""medium"": ""drawings (visual works)"", ""type"": ""pastels (visual works)"", ""format"": ""Expressionist (style)"", ""collec"": ""Margo Veillon Art Collection"", ""source"": ""American University in Cairo"", ""licens"": ""Copyright the American University in Cairo"", ""rights"": ""To inquire about rights and permissions, contact the Rare Books and Special Collections Library, The American University in Cairo at +20.2.2615.3676 or rbscl-ref@aucegypt.edu."", ""google-site-verification"": ""UA-49762962-1"", ""viewport"": ""width=device-width, initial-scale=1.0"", ""og:title"": ""Ginger"", ""og:description"": ""Highly stylized oil pastel portrait of a tall man with an extremely long, narrow face, and bright orange hair. He has a serious expression on his face and is wearing a long-sleeved dark gray shirt."", ""og:image"": ""http://digitalcollections.aucegypt.edu/iiif/2/p15795coll40:111/full/730,/0/default.jpg"", ""og:url"": ""https://digitalcollections.aucegypt.edu/digital/collection/p15795coll40/id/111/"", ""og:type"": ""website""}"
112,Gazing up,Margo Veillon,,Margo Veillon Art Collection,charcoal on paper,charcoal drawings,drawings (visual works),"Charcoal life drawing of a large, curvy woman sitting on a stool, gazing up with an absent-minded expression. She has short hair and is wearing a black bra, but her lower half is covered by a sheet.","American University in Cairo, Egypt",https://digitalcollections.aucegypt.edu/digital/collection/p15795coll40/id/112/,"http://digitalcollections.aucegypt.edu/iiif/2/p15795coll40:112/full/730,/0/default.jpg",margo_data/images/0112.jpg,"{""title"": ""Gazing up"", ""titlea"": ""التحديق"", ""titleb"": ""Regarder vers le haut"", ""creata"": ""Margo Veillon"", ""creato"": ""Egyptian-Swiss"", ""descri"": ""Charcoal life drawing of a large, curvy woman sitting on a stool, gazing up with an absent-minded expression. She has short hair and is wearing a black bra, but her lower half is covered by a sheet."", ""locati"": ""American University in Cairo, Egypt"", ""covera"": ""charcoal on paper"", ""artwor"": ""93.2 cm x 55.9 cm"", ""medium"": ""drawings (visual works)"", ""type"": ""charcoal drawings"", ""format"": ""Expressionist (style)"", ""collec"": ""Margo Veillon Art Collection"", ""source"": ""American University in Cairo"", ""licens"": ""Copyright the American University in Cairo"", ""rights"": ""To inquire about rights and permissions, contact the Rare Books and Special Collections Library, The American University in Cairo at +20.2.2615.3676 or rbscl-ref@aucegypt.edu."", ""google-site-verification"": ""UA-49762962-1"", ""viewport"": ""width=device-width, initial-scale=1.0"", ""og:title"": ""Gazing up"", ""og:description"": ""Charcoal life drawing of a large, curvy woman sitting on a stool, gazing up with an absent-minded expression. She has short hair and is wearing a black bra, but her lower half is covered by a sheet."", ""og:image"": ""http://digitalcollections.aucegypt.edu/iiif/2/p15795coll40:112/full/730,/0/default.jpg"", ""og:url"": ""https://digitalcollections.aucegypt.edu/digital/collection/p15795coll40/id/112/"", ""og:type"": ""website""}"
113,Bone tired,Margo Veillon,,Margo Veillon Art Collection,pastels and charcoal on paper,pastels (visual works),mixed media works,"Charcoal drawing of a curvy woman lying down on her side in bed, her hand under her chin, looking extremely exhausted. She is wearing a tight white nightgown and her legs are slightly bent. She has short, dark hair, and large, tired, haunted eyes, and her mouth is slightly open in exhaustion. The sh","American University in Cairo, Egypt",https://digitalcollections.aucegypt.edu/digital/collection/p15795coll40/id/113/,"http://digitalcollections.aucegypt.edu/iiif/2/p15795coll40:113/full/730,/0/default.jpg",margo_data/images/0113.jpg,"{""title"": ""Bone tired"", ""titlea"": ""عظام تعبانه"", ""titleb"": ""Fatigué des os"", ""creata"": ""Margo Veillon"", ""creato"": ""Egyptian-Swiss"", ""descri"": ""Charcoal drawing of a curvy woman lying down on her side in bed, her hand under her chin, looking extremely exhausted. She is wearing a tight white nightgown and her legs are slightly bent. She has short, dark hair, and large, tired, haunted eyes, and her mouth is slightly open in exhaustion. The shading is done with charcoal."", ""descra"": ""1977, Margo Veillon"", ""locati"": ""American University in Cairo, Egypt"", ""covera"": ""pastels and charcoal on paper"", ""artwor"": ""46 cm x 90.7 cm"", ""medium"": ""mixed media works"", ""type"": ""pastels (visual works)"", ""format"": ""Expressionist (style)"", ""collec"": ""Margo Veillon Art Collection"", ""source"": ""American University in Cairo"", ""licens"": ""Copyright the American University in Cairo"", ""rights"": ""To inquire about rights and permissions, contact the Rare Books and Special Collections Library, The American University in Cairo at +20.2.2615.3676 or rbscl-ref@aucegypt.edu."", ""google-site-verification"": ""UA-49762962-1"", ""viewport"": ""width=device-width, initial-scale=1.0"", ""og:title"": ""Bone tired"", ""og:description"": ""Charcoal drawing of a curvy woman lying down on her side in bed, her hand under her chin, looking extremely exhausted. She is wearing a tight white nightgown and her legs are slightly bent. She has short, dark hair, and large, tired, haunted eyes, and her mouth is slightly open in exhaustion. The shading is done with charcoal."", ""og:image"": ""http://digitalcollections.aucegypt.edu/iiif/2/p15795coll40:113/full/730,/0/default.jpg"", ""og:url"": ""https://digitalcollections.aucegypt.edu/digital/collection/p15795coll40/id/113/"", ""og:type"": ""website""}"
114,Getting up,Margo Veillon,,Margo Veillon Art Collection,charcoal on paper,charcoal drawings,drawings (visual works),"Stylized charcoal life drawing of a woman getting up from having been lying down, dressed in a loose nightdress. She has a round, full body and short-cropped hair. She is looking to her left, having noticed something, and there is a leaf at her hand.","American University in Cairo, Egypt",https://digitalcollections.aucegypt.edu/digital/collection/p15795coll40/id/114/,"http://digitalcollections.aucegypt.edu/iiif/2/p15795coll40:114/full/730,/0/default.jpg",margo_data/images/0114.jpg,"{""title"": ""Getting up"", ""titlea"": ""الاستيقاظ"", ""titleb"": ""Se lever"", ""creata"": ""Margo Veillon"", ""creato"": ""Egyptian-Swiss"", ""descri"": ""Stylized charcoal life drawing of a woman getting up from having been lying down, dressed in a loose nightdress. She has a round, full body and short-cropped hair. She is looking to her left, having noticed something, and there is a leaf at her hand."", ""descra"": ""1977, Margo Veillon"", ""locati"": ""American University in Cairo, Egypt"", ""covera"": ""charcoal on paper"", ""artwor"": ""57 cm x 93.6 cm"", ""medium"": ""drawings (visual works)"", ""type"": ""charcoal drawings"", ""format"": ""Expressionist (style)"", ""collec"": ""Margo Veillon Art Collection"", ""source"": ""American University in Cairo"", ""licens"": ""Copyright the American University in Cairo"", ""rights"": ""To inquire about rights and permissions, contact the Rare Books and Special Collections Library, The American University in Cairo at +20.2.2615.3676 or rbscl-ref@aucegypt.edu."", ""google-site-verification"": ""UA-49762962-1"", ""viewport"": ""width=device-width, initial-scale=1.0"", ""og:title"": ""Getting up"", ""og:description"": ""Stylized charcoal life drawing of a woman getting up from having been lying down, dressed in a loose nightdress. She has a round, full body and short-cropped hair. She is looking to her left, having noticed something, and there is a leaf at her hand."", ""og:image"": ""http://digitalcollections.aucegypt.edu/iiif/2/p15795coll40:114/full/730,/0/default.jpg"", ""og:url"": ""https://digitalcollections.aucegypt.edu/digital/collection/p15795coll40/id/114/"", ""og:type"": ""website""}"
115,Water glass,Margo Veillon,,Margo Veillon Art Collection,charcoal and pastels on cardboard,pastels (visual works),mixed media works,"Charcoal and oil pastel drawing of a dark silhouette of a hand reaching for a glass of a vaguely golden fluid on the surface in front of it, which is casting a shadow in front of it. The image is very dream-like and vague, not adhering to the rules of perspective. The cup seems to be on a white or l","American University in Cairo, Egypt",https://digitalcollections.aucegypt.edu/digital/collection/p15795coll40/id/115/,"http://digitalcollections.aucegypt.edu/iiif/2/p15795coll40:115/full/730,/0/default.jpg",margo_data/images/0115.jpg,"{""title"": ""Water glass"", ""titlea"": ""كاس الماء"", ""titleb"": ""Un verre d'eau"", ""creata"": ""Margo Veillon"", ""creato"": ""Egyptian-Swiss"", ""descri"": ""Charcoal and oil pastel drawing of a dark silhouette of a hand reaching for a glass of a vaguely golden fluid on the surface in front of it, which is casting a shadow in front of it. The image is very dream-like and vague, not adhering to the rules of perspective. The cup seems to be on a white or light blue surface, surrounded by black."", ""descra"": ""1987, Margo Veillon II"", ""locati"": ""American University in Cairo, Egypt"", ""covera"": ""charcoal and pastels on cardboard"", ""artwor"": ""100 cm x 69.7 cm"", ""medium"": ""mixed media works"", ""type"": ""pastels (visual works)"", ""format"": ""Abstract (modern European style)"", ""collec"": ""Margo Veillon Art Collection"", ""source"": ""American University in Cairo"", ""licens"": ""Copyright the American University in Cairo"", ""rights"": ""To inquire about rights and permissions, contact the Rare Books and Special Collections Library, The American University in Cairo at +20.2.2615.3676 or rbscl-ref@aucegypt.edu."", ""google-site-verification"": ""UA-49762962-1"", ""viewport"": ""width=device-width, initial-scale=1.0"", ""og:title"": ""Water glass"", ""og:description"": ""Charcoal and oil pastel drawing of a dark silhouette of a hand reaching for a glass of a vaguely golden fluid on the surface in front of it, which is casting a shadow in front of it. The image is very dream-like and vague, not adhering to the rules of perspective. The cup seems to be on a white or light blue surface, surrounded by black."", ""og:image"": ""http://digitalcollections.aucegypt.edu/iiif/2/p15795coll40:115/full/730,/0/default.jpg"", ""og:url"": ""https://digitalcollections.aucegypt.edu/digital/collection/p15795coll40/id/115/"", ""og:type"": ""website""}"
116,Wineglasses,Margo Veillon,,Margo Veillon Art Collection,charcoal and pastels on cardboard,pastels (visual works),mixed media works,"Hazy charcoal sketch of a wine glass with some red wine in it, as it casts a reflection on the surface underneath it, the wine in the reflection slightly darker. There is a stylized shadow or silhouette of a hand reaching to hold the reflection between the fingertip and thumb.","American University in Cairo, Egypt",https://digitalcollections.aucegypt.edu/digital/collection/p15795coll40/id/116/,"http://digitalcollections.aucegypt.edu/iiif/2/p15795coll40:116/full/730,/0/default.jpg",margo_data/images/0116.jpg,"{""title"": ""Wineglasses"", ""titlea"": ""كأس نبيذ"", ""titleb"": ""Verre de vin"", ""creata"": ""Margo Veillon"", ""creato"": ""Egyptian-Swiss"", ""descri"": ""Hazy charcoal sketch of a wine glass with some red wine in it, as it casts a reflection on the surface underneath it, the wine in the reflection slightly darker. There is a stylized shadow or silhouette of a hand reaching to hold the reflection between the fingertip and thumb."", ""descra"": ""1987, Margo Veillon, La main s’approche du breavage"", ""locati"": ""American University in Cairo, Egypt"", ""covera"": ""charcoal and pastels on cardboard"", ""artwor"": ""64 cm x 89.4 cm"", ""medium"": ""mixed media works"", ""type"": ""pastels (visual works)"", ""format"": ""Abstract (modern European style)"", ""collec"": ""Margo Veillon Art Collection"", ""source"": ""American University in Cairo"", ""licens"": ""Copyright the American University in Cairo"", ""rights"": ""To inquire about rights and permissions, contact the Rare Books and Special Collections Library, The American University in Cairo at +20.2.2615.3676 or rbscl-ref@aucegypt.edu."", ""google-site-verification"": ""UA-49762962-1"", ""viewport"": ""width=device-width, initial-scale=1.0"", ""og:title"": ""Wineglasses"", ""og:description"": ""Hazy charcoal sketch of a wine glass with some red wine in it, as it casts a reflection on the surface underneath it, the wine in the reflection slightly darker. There is a stylized shadow or silhouette of a hand reaching to hold the reflection between the fingertip and thumb."", ""og:image"": ""http://digitalcollections.aucegypt.edu/iiif/2/p15795coll40:116/full/730,/0/default.jpg"", ""og:url"": ""https://digitalcollections.aucegypt.edu/digital/collection/p15795coll40/id/116/"", ""og:type"": ""website""}"
117,Hug,Margo Veillon,,Margo Veillon Art Collection,charcoal on paper,charcoal drawings,drawings (visual works),"Abstract pencil drawing of various shapes, one of them enveloping the other in an embrace, with some highly stylized hands at the bottom. It is vaguely maternal, like the shapes are depicting a mother and child, the mother with her arms around a child whose face is turning into her shoulder.","American University in Cairo, Egypt",https://digitalcollections.aucegypt.edu/digital/collection/p15795coll40/id/117/,"http://digitalcollections.aucegypt.edu/iiif/2/p15795coll40:117/full/730,/0/default.jpg",margo_data/images/0117.jpg,"{""title"": ""Hug"", ""titlea"": ""العناق"", ""titleb"": ""Le calin"", ""creata"": ""Margo Veillon"", ""creato"": ""Egyptian-Swiss"", ""descri"": ""Abstract pencil drawing of various shapes, one of them enveloping the other in an embrace, with some highly stylized hands at the bottom. It is vaguely maternal, like the shapes are depicting a mother and child, the mother with her arms around a child whose face is turning into her shoulder."", ""descra"": ""1977, V, Margo Veillon"", ""locati"": ""American University in Cairo, Egypt"", ""covera"": ""charcoal on paper"", ""artwor"": ""69.8 cm x 98.9 cm"", ""medium"": ""drawings (visual works)"", ""type"": ""charcoal drawings"", ""format"": ""Abstract (modern European style)"", ""collec"": ""Margo Veillon Art Collection"", ""source"": ""American University in Cairo"", ""licens"": ""Copyright the American University in Cairo"", ""rights"": ""To inquire about rights and permissions, contact the Rare Books and Special Collections Library, The American University in Cairo at +20.2.2615.3676 or rbscl-ref@aucegypt.edu."", ""google-site-verification"": ""UA-49762962-1"", ""viewport"": ""width=device-width, initial-scale=1.0"", ""og:title"": ""Hug"", ""og:description"": ""Abstract pencil drawing of various shapes, one of them enveloping the other in an embrace, with some highly stylized hands at the bottom. It is vaguely maternal, like the shapes are depicting a mother and child, the mother with her arms around a child whose face is turning into her shoulder."", ""og:image"": ""http://digitalcollections.aucegypt.edu/iiif/2/p15795coll40:117/full/730,/0/default.jpg"", ""og:url"": ""https://digitalcollections.aucegypt.edu/digital/collection/p15795coll40/id/117/"", ""og:type"": ""website""}"
118,Eyes,Margo Veillon,,Margo Veillon Art Collection,charcoal on paper,charcoal drawings,drawings (visual works),"Charcoal stylizations of eyes from side and front angles. Each stylization breaks the eye down into abstract shapes and forms, using dark, heavy tones to add values and diversity. The eyes are almost cartoonish in style.","American University in Cairo, Egypt",https://digitalcollections.aucegypt.edu/digital/collection/p15795coll40/id/118/,"http://digitalcollections.aucegypt.edu/iiif/2/p15795coll40:118/full/730,/0/default.jpg",margo_data/images/0118.jpg,"{""title"": ""Eyes"", ""titlea"": ""عيون"", ""titleb"": ""Yeux"", ""creata"": ""Margo Veillon"", ""creato"": ""Egyptian-Swiss"", ""descri"": ""Charcoal stylizations of eyes from side and front angles. Each stylization breaks the eye down into abstract shapes and forms, using dark, heavy tones to add values and diversity. The eyes are almost cartoonish in style."", ""locati"": ""American University in Cairo, Egypt"", ""covera"": ""charcoal on paper"", ""artwor"": ""100 cm x 69.3 cm"", ""medium"": ""drawings (visual works)"", ""type"": ""charcoal drawings"", ""format"": ""Abstract (modern European style)"", ""collec"": ""Margo Veillon Art Collection"", ""source"": ""American University in Cairo"", ""licens"": ""Copyright the American University in Cairo"", ""rights"": ""To inquire about rights and permissions, contact the Rare Books and Special Collections Library, The American University in Cairo at +20.2.2615.3676 or rbscl-ref@aucegypt.edu."", ""google-site-verification"": ""UA-49762962-1"", ""viewport"": ""width=device-width, initial-scale=1.0"", ""og:title"": ""Eyes"", ""og:description"": ""Charcoal stylizations of eyes from side and front angles. Each stylization breaks the eye down into abstract shapes and forms, using dark, heavy tones to add values and diversity. The eyes are almost cartoonish in style."", ""og:image"": ""http://digitalcollections.aucegypt.edu/iiif/2/p15795coll40:118/full/730,/0/default.jpg"", ""og:url"": ""https://digitalcollections.aucegypt.edu/digital/collection/p15795coll40/id/118/"", ""og:type"": ""website""}"
119,Sharp shapes,Margo Veillon,,Margo Veillon Art Collection,charcoal on paper,charcoal drawings,drawings (visual works),"Abstract charcoal drawing of some sharp, curved shapes interlocking and connecting, some white or light gray, some hatched a dark gray, and some completely black.","American University in Cairo, Egypt",https://digitalcollections.aucegypt.edu/digital/collection/p15795coll40/id/119/,"http://digitalcollections.aucegypt.edu/iiif/2/p15795coll40:119/full/730,/0/default.jpg",margo_data/images/0119.jpg,"{""title"": ""Sharp shapes"", ""titlea"": ""أشكال حادة"", ""titleb"": ""Formes pointues"", ""creata"": ""Margo Veillon"", ""creato"": ""Egyptian-Swiss"", ""descri"": ""Abstract charcoal drawing of some sharp, curved shapes interlocking and connecting, some white or light gray, some hatched a dark gray, and some completely black."", ""descra"": ""1977, Margo Veillon X"", ""locati"": ""American University in Cairo, Egypt"", ""covera"": ""charcoal on paper"", ""artwor"": ""100 cm x 69.7 cm"", ""medium"": ""drawings (visual works)"", ""type"": ""charcoal drawings"", ""format"": ""Abstract (modern European style)"", ""collec"": ""Margo Veillon Art Collection"", ""source"": ""American University in Cairo"", ""licens"": ""Copyright the American University in Cairo"", ""rights"": ""To inquire about rights and permissions, contact the Rare Books and Special Collections Library, The American University in Cairo at +20.2.2615.3676 or rbscl-ref@aucegypt.edu."", ""google-site-verification"": ""UA-49762962-1"", ""viewport"": ""width=device-width, initial-scale=1.0"", ""og:title"": ""Sharp shapes"", ""og:description"": ""Abstract charcoal drawing of some sharp, curved shapes interlocking and connecting, some white or light gray, some hatched a dark gray, and some completely black."", ""og:image"": ""http://digitalcollections.aucegypt.edu/iiif/2/p15795coll40:119/full/730,/0/default.jpg"", ""og:url"": ""https://digitalcollections.aucegypt.edu/digital/collection/p15795coll40/id/119/"", ""og:type"": ""website""}"
120,Fluidity,Margo Veillon,,Margo Veillon Art Collection,charcoal on paper,charcoal drawings,drawings (visual works),"Abstract charcoal drawing of some black, gray, and white shapes that are fluid and twisting around each other. Three-dimensionality is implied using sharp and blocky shading.","American University in Cairo, Egypt",https://digitalcollections.aucegypt.edu/digital/collection/p15795coll40/id/120/,"http://digitalcollections.aucegypt.edu/iiif/2/p15795coll40:120/full/730,/0/default.jpg",margo_data/images/0120.jpg,"{""title"": ""Fluidity"", ""titlea"": ""سيولة"", ""titleb"": ""Fluidité"", ""creata"": ""Margo Veillon"", ""creato"": ""Egyptian-Swiss"", ""descri"": ""Abstract charcoal drawing of some black, gray, and white shapes that are fluid and twisting around each other. Three-dimensionality is implied using sharp and blocky shading."", ""descra"": ""1977, Margo Veillon X"", ""locati"": ""American University in Cairo, Egypt"", ""covera"": ""charcoal on paper"", ""artwor"": ""100 cm x 69.7 cm"", ""medium"": ""drawings (visual works)"", ""type"": ""charcoal drawings"", ""format"": ""Abstract (modern European style)"", ""collec"": ""Margo Veillon Art Collection"", ""source"": ""American University in Cairo"", ""licens"": ""Copyright the American University in Cairo"", ""rights"": ""To inquire about rights and permissions, contact the Rare Books and Special Collections Library, The American University in Cairo at +20.2.2615.3676 or rbscl-ref@aucegypt.edu."", ""google-site-verification"": ""UA-49762962-1"", ""viewport"": ""width=device-width, initial-scale=1.0"", ""og:title"": ""Fluidity"", ""og:description"": ""Abstract charcoal drawing of some black, gray, and white shapes that are fluid and twisting around each other. Three-dimensionality is implied using sharp and blocky shading."", ""og:image"": ""http://digitalcollections.aucegypt.edu/iiif/2/p15795coll40:120/full/730,/0/default.jpg"", ""og:url"": ""https://digitalcollections.aucegypt.edu/digital/collection/p15795coll40/id/120/"", ""og:type"": ""website""}"
121,Born of thought,Margo Veillon,,Margo Veillon Art Collection,ink on paper,pen and ink drawings,paintings (visual works),"Stylized ink illustration of the cross-section of the back view of a figure's head. The person, with large, almond-shaped eyes and a sharply pointed nose and lip, is looking back anxiously. In the cross-section, there is another head, a side profile, looking to the right, in the opposite direction o","American University in Cairo, Egypt",https://digitalcollections.aucegypt.edu/digital/collection/p15795coll40/id/121/,"http://digitalcollections.aucegypt.edu/iiif/2/p15795coll40:121/full/730,/0/default.jpg",margo_data/images/0121.jpg,"{""title"": ""Born of thought"", ""titlea"": ""ولد من فكر"", ""titleb"": ""Né d'une pensée"", ""creata"": ""Margo Veillon"", ""creato"": ""Egyptian-Swiss"", ""descri"": ""Stylized ink illustration of the cross-section of the back view of a figure's head. The person, with large, almond-shaped eyes and a sharply pointed nose and lip, is looking back anxiously. In the cross-section, there is another head, a side profile, looking to the right, in the opposite direction of the first head. Over that head, merging with it is a goldfish. The illustration is done with thick, illustrative strokes."", ""locati"": ""American University in Cairo, Egypt"", ""covera"": ""ink on paper"", ""artwor"": ""97 cm x 68.8 cm"", ""medium"": ""paintings (visual works)"", ""type"": ""pen and ink drawings"", ""format"": ""Abstract (modern European style)"", ""collec"": ""Margo Veillon Art Collection"", ""source"": ""American University in Cairo"", ""licens"": ""Copyright the American University in Cairo"", ""rights"": ""To inquire about rights and permissions, contact the Rare Books and Special Collections Library, The American University in Cairo at +20.2.2615.3676 or rbscl-ref@aucegypt.edu."", ""google-site-verification"": ""UA-49762962-1"", ""viewport"": ""width=device-width, initial-scale=1.0"", ""og:title"": ""Born of thought"", ""og:description"": ""Stylized ink illustration of the cross-section of the back view of a figure's head. The person, with large, almond-shaped eyes and a sharply pointed nose and lip, is looking back anxiously. In the cross-section, there is another head, a side profile, looking to the right, in the opposite direction of the first head. Over that head, merging with it is a goldfish. The illustration is done with thick, illustrative strokes."", ""og:image"": ""http://digitalcollections.aucegypt.edu/iiif/2/p15795coll40:121/full/730,/0/default.jpg"", ""og:url"": ""https://digitalcollections.aucegypt.edu/digital/collection/p15795coll40/id/121/"", ""og:type"": ""website""}"
122,Side bangs,Margo Veillon,,Margo Veillon Art Collection,charcoal on paper,charcoal drawings,drawings (visual works),"Extremely stylized charcoal portrait of a woman sitting, slouched, with her arms crossed loosely in her lap. She is in a 3/4 view, looking to the right of the composition. Her eyes are distant and unfocused. The details of her face are rendered in detail, but her hair is just choppily blocked in, gi","American University in Cairo, Egypt",https://digitalcollections.aucegypt.edu/digital/collection/p15795coll40/id/122/,"http://digitalcollections.aucegypt.edu/iiif/2/p15795coll40:122/full/730,/0/default.jpg",margo_data/images/0122.jpg,"{""title"": ""Side bangs"", ""titlea"": ""قصه الشعر الجانبيه"", ""titleb"": ""Frange latérale"", ""creata"": ""Margo Veillon"", ""creato"": ""Egyptian-Swiss"", ""descri"": ""Extremely stylized charcoal portrait of a woman sitting, slouched, with her arms crossed loosely in her lap. She is in a 3/4 view, looking to the right of the composition. Her eyes are distant and unfocused. The details of her face are rendered in detail, but her hair is just choppily blocked in, giving it a messy effect. The proportion of her head to her body is very unbalanced. It is a rather unflattering portrait."", ""descra"": ""1986, Margo Veillon"", ""locati"": ""American University in Cairo, Egypt"", ""covera"": ""charcoal on paper"", ""artwor"": ""49 cm x 83.3 cm"", ""medium"": ""drawings (visual works)"", ""type"": ""charcoal drawings"", ""format"": ""Expressionist (style)"", ""collec"": ""Margo Veillon Art Collection"", ""source"": ""American University in Cairo"", ""licens"": ""Copyright the American University in Cairo"", ""rights"": ""To inquire about rights and permissions, contact the Rare Books and Special Collections Library, The American University in Cairo at +20.2.2615.3676 or rbscl-ref@aucegypt.edu."", ""google-site-verification"": ""UA-49762962-1"", ""viewport"": ""width=device-width, initial-scale=1.0"", ""og:title"": ""Side bangs"", ""og:description"": ""Extremely stylized charcoal portrait of a woman sitting, slouched, with her arms crossed loosely in her lap. She is in a 3/4 view, looking to the right of the composition. Her eyes are distant and unfocused. The details of her face are rendered in detail, but her hair is just choppily blocked in, giving it a messy effect. The proportion of her head to her body is very unbalanced. It is a rather unflattering portrait."", ""og:image"": ""http://digitalcollections.aucegypt.edu/iiif/2/p15795coll40:122/full/730,/0/default.jpg"", ""og:url"": ""https://digitalcollections.aucegypt.edu/digital/collection/p15795coll40/id/122/"", ""og:type"": ""website""}"
123,Golden ball,Margo Veillon,,Margo Veillon Art Collection,pastels on paper,pastels (visual works),drawings (visual works),"Oil pastel portrait of a man sitting on a black stool. He is crossing his left ankle over his right knee, and holding the seat of the stool with his right hand, while his left hand, holding a large yellow ball, rests on his leg. He has short-cropped dark hair, heavy eyebrows, and a long, straight no","American University in Cairo, Egypt",https://digitalcollections.aucegypt.edu/digital/collection/p15795coll40/id/123/,"http://digitalcollections.aucegypt.edu/iiif/2/p15795coll40:123/full/730,/0/default.jpg",margo_data/images/0123.jpg,"{""title"": ""Golden ball"", ""titlea"": ""الكرة الذهبية"", ""titleb"": ""Ballon d'Or"", ""creata"": ""Margo Veillon"", ""creato"": ""Egyptian-Swiss"", ""descri"": ""Oil pastel portrait of a man sitting on a black stool. He is crossing his left ankle over his right knee, and holding the seat of the stool with his right hand, while his left hand, holding a large yellow ball, rests on his leg. He has short-cropped dark hair, heavy eyebrows, and a long, straight nose. He is smiling. He is wearing a striped blue polo shirt. He looks fit and athletic."", ""locati"": ""American University in Cairo, Egypt"", ""covera"": ""pastels on paper"", ""artwor"": ""96 cm x 55.1 cm"", ""medium"": ""drawings (visual works)"", ""type"": ""pastels (visual works)"", ""format"": ""Expressionist (style)"", ""collec"": ""Margo Veillon Art Collection"", ""source"": ""American University in Cairo"", ""licens"": ""Copyright the American University in Cairo"", ""rights"": ""To inquire about rights and permissions, contact the Rare Books and Special Collections Library, The American University in Cairo at +20.2.2615.3676 or rbscl-ref@aucegypt.edu."", ""google-site-verification"": ""UA-49762962-1"", ""viewport"": ""width=device-width, initial-scale=1.0"", ""og:title"": ""Golden ball"", ""og:description"": ""Oil pastel portrait of a man sitting on a black stool. He is crossing his left ankle over his right knee, and holding the seat of the stool with his right hand, while his left hand, holding a large yellow ball, rests on his leg. He has short-cropped dark hair, heavy eyebrows, and a long, straight nose. He is smiling. He is wearing a striped blue polo shirt. He looks fit and athletic."", ""og:image"": ""http://digitalcollections.aucegypt.edu/iiif/2/p15795coll40:123/full/730,/0/default.jpg"", ""og:url"": ""https://digitalcollections.aucegypt.edu/digital/collection/p15795coll40/id/123/"", ""og:type"": ""website""}"
124,Faded skull,Margo Veillon,,Margo Veillon Art Collection,charcoal on paper,charcoal drawings,drawings (visual works),"Stylized charcoal drawing of the top part of a skull, with large, haunting eyes. The bottom half of the skull is blurred, like it is behind something that is rapidly moving, but it can be faintly made out that the skull is making a scared impression, the mouth open in fear.","American University in Cairo, Egypt",https://digitalcollections.aucegypt.edu/digital/collection/p15795coll40/id/124/,"http://digitalcollections.aucegypt.edu/iiif/2/p15795coll40:124/full/730,/0/default.jpg",margo_data/images/0124.jpg,"{""title"": ""Faded skull"", ""titlea"": ""تلاشى الجمجمة"", ""titleb"": ""Crâne fané"", ""creata"": ""Margo Veillon"", ""creato"": ""Egyptian-Swiss"", ""descri"": ""Stylized charcoal drawing of the top part of a skull, with large, haunting eyes. The bottom half of the skull is blurred, like it is behind something that is rapidly moving, but it can be faintly made out that the skull is making a scared impression, the mouth open in fear."", ""locati"": ""American University in Cairo, Egypt"", ""covera"": ""charcoal on paper"", ""artwor"": ""99.3 cm x 69.7 cm"", ""medium"": ""drawings (visual works)"", ""type"": ""charcoal drawings"", ""format"": ""Abstract (modern European style)"", ""collec"": ""Margo Veillon Art Collection"", ""source"": ""American University in Cairo"", ""licens"": ""Copyright the American University in Cairo"", ""rights"": ""To inquire about rights and permissions, contact the Rare Books and Special Collections Library, The American University in Cairo at +20.2.2615.3676 or rbscl-ref@aucegypt.edu."", ""google-site-verification"": ""UA-49762962-1"", ""viewport"": ""width=device-width, initial-scale=1.0"", ""og:title"": ""Faded skull"", ""og:description"": ""Stylized charcoal drawing of the top part of a skull, with large, haunting eyes. The bottom half of the skull is blurred, like it is behind something that is rapidly moving, but it can be faintly made out that the skull is making a scared impression, the mouth open in fear."", ""og:image"": ""http://digitalcollections.aucegypt.edu/iiif/2/p15795coll40:124/full/730,/0/default.jpg"", ""og:url"": ""https://digitalcollections.aucegypt.edu/digital/collection/p15795coll40/id/124/"", ""og:type"": ""website""}"
125,Lounging woman,Margo Veillon,,Margo Veillon Art Collection,pastels on paper,pastels (visual works),drawings (visual works),"Very faint oil pastel full-body portrait of a young woman seated in a chair. She has long, wavy blond hair, and is looking up, with a thoughtful expression on her face. She seems to be wearing a swimsuit. Her hands are in her lap, and she is seated with her legs apart, in a relaxed position. One of ","American University in Cairo, Egypt",https://digitalcollections.aucegypt.edu/digital/collection/p15795coll40/id/125/,"http://digitalcollections.aucegypt.edu/iiif/2/p15795coll40:125/full/730,/0/default.jpg",margo_data/images/0125.jpg,"{""title"": ""Lounging woman"", ""titlea"": ""امرأة متسكعه"", ""titleb"": ""Femme allongée"", ""creata"": ""Margo Veillon"", ""creato"": ""Egyptian-Swiss"", ""descri"": ""Very faint oil pastel full-body portrait of a young woman seated in a chair. She has long, wavy blond hair, and is looking up, with a thoughtful expression on her face. She seems to be wearing a swimsuit. Her hands are in her lap, and she is seated with her legs apart, in a relaxed position. One of her shoes, dark and with a slight heel, is visible."", ""descra"": ""Margo Veillon"", ""locati"": ""American University in Cairo, Egypt"", ""covera"": ""pastels on paper"", ""artwor"": ""100 cm x 69.3 cm"", ""medium"": ""drawings (visual works)"", ""type"": ""pastels (visual works)"", ""format"": ""Expressionist (style)"", ""collec"": ""Margo Veillon Art Collection"", ""source"": ""American University in Cairo"", ""licens"": ""Copyright the American University in Cairo"", ""rights"": ""To inquire about rights and permissions, contact the Rare Books and Special Collections Library, The American University in Cairo at +20.2.2615.3676 or rbscl-ref@aucegypt.edu."", ""google-site-verification"": ""UA-49762962-1"", ""viewport"": ""width=device-width, initial-scale=1.0"", ""og:title"": ""Lounging woman"", ""og:description"": ""Very faint oil pastel full-body portrait of a young woman seated in a chair. She has long, wavy blond hair, and is looking up, with a thoughtful expression on her face. She seems to be wearing a swimsuit. Her hands are in her lap, and she is seated with her legs apart, in a relaxed position. One of her shoes, dark and with a slight heel, is visible."", ""og:image"": ""http://digitalcollections.aucegypt.edu/iiif/2/p15795coll40:125/full/730,/0/default.jpg"", ""og:url"": ""https://digitalcollections.aucegypt.edu/digital/collection/p15795coll40/id/125/"", ""og:type"": ""website""}"
126,Pharaoh,Margo Veillon,,Margo Veillon Art Collection,pen and ink on paper,pen and ink drawings,drawings (visual works),"Ink portrait sketch of a woman in a patterned blouse, at a 3/4 angle, looking to the right of the composition. Her anatomy is stretched and stylized, so she has a long, elegant neck and a small head. Her hair is depicted using a boxy shape around her head, with some curly textures visible. She has a","American University in Cairo, Egypt",https://digitalcollections.aucegypt.edu/digital/collection/p15795coll40/id/126/,"http://digitalcollections.aucegypt.edu/iiif/2/p15795coll40:126/full/730,/0/default.jpg",margo_data/images/0126.jpg,"{""title"": ""Pharaoh"", ""titlea"": ""فرعون"", ""titleb"": ""Pharaon"", ""creata"": ""Margo Veillon"", ""creato"": ""Egyptian-Swiss"", ""descri"": ""Ink portrait sketch of a woman in a patterned blouse, at a 3/4 angle, looking to the right of the composition. Her anatomy is stretched and stylized, so she has a long, elegant neck and a small head. Her hair is depicted using a boxy shape around her head, with some curly textures visible. She has a small smile on her face and is gazing into the distance."", ""locati"": ""American University in Cairo, Egypt"", ""covera"": ""pen and ink on paper"", ""artwor"": ""96 cm x 63.7 cm"", ""medium"": ""drawings (visual works)"", ""type"": ""pen and ink drawings"", ""format"": ""Expressionist (style)"", ""collec"": ""Margo Veillon Art Collection"", ""source"": ""American University in Cairo"", ""licens"": ""Copyright the American University in Cairo"", ""rights"": ""To inquire about rights and permissions, contact the Rare Books and Special Collections Library, The American University in Cairo at +20.2.2615.3676 or rbscl-ref@aucegypt.edu."", ""google-site-verification"": ""UA-49762962-1"", ""viewport"": ""width=device-width, initial-scale=1.0"", ""og:title"": ""Pharaoh"", ""og:description"": ""Ink portrait sketch of a woman in a patterned blouse, at a 3/4 angle, looking to the right of the composition. Her anatomy is stretched and stylized, so she has a long, elegant neck and a small head. Her hair is depicted using a boxy shape around her head, with some curly textures visible. She has a small smile on her face and is gazing into the distance."", ""og:image"": ""http://digitalcollections.aucegypt.edu/iiif/2/p15795coll40:126/full/730,/0/default.jpg"", ""og:url"": ""https://digitalcollections.aucegypt.edu/digital/collection/p15795coll40/id/126/"", ""og:type"": ""website""}"
127,Colorful skirt,Margo Veillon,,Margo Veillon Art Collection,pastels on paper,pastels (visual works),drawings (visual works),"A sketchy charcoal and oil pastel illustration of a woman sitting on a low black platform. Her legs are propped up in front of her and loosely cropped. She is leaning forward, her left elbow on her left knee, and looking back to speak to someone with a bright smile on her face. Her messy hair is gat","American University in Cairo, Egypt",https://digitalcollections.aucegypt.edu/digital/collection/p15795coll40/id/127/,"http://digitalcollections.aucegypt.edu/iiif/2/p15795coll40:127/full/730,/0/default.jpg",margo_data/images/0127.jpg,"{""title"": ""Colorful skirt"", ""titlea"": ""تنورة ملونة"", ""titleb"": ""Jupe colorée"", ""creata"": ""Margo Veillon"", ""creato"": ""Egyptian-Swiss"", ""descri"": ""A sketchy charcoal and oil pastel illustration of a woman sitting on a low black platform. Her legs are propped up in front of her and loosely cropped. She is leaning forward, her left elbow on her left knee, and looking back to speak to someone with a bright smile on her face. Her messy hair is gathered in an updo. She is wearing a very loose sleeveless black shirt and a colorful skirt patterned with flowers and leaves, which is bunched up around her waist, leaving her legs bare."", ""descra"": ""1985, XII Margo Veillon"", ""locati"": ""American University in Cairo, Egypt"", ""covera"": ""pastels on paper"", ""artwor"": ""100 cm x 69.7 cm"", ""medium"": ""drawings (visual works)"", ""type"": ""pastels (visual works)"", ""format"": ""Expressionist (style)"", ""collec"": ""Margo Veillon Art Collection"", ""source"": ""American University in Cairo"", ""licens"": ""Copyright the American University in Cairo"", ""rights"": ""To inquire about rights and permissions, contact the Rare Books and Special Collections Library, The American University in Cairo at +20.2.2615.3676 or rbscl-ref@aucegypt.edu."", ""google-site-verification"": ""UA-49762962-1"", ""viewport"": ""width=device-width, initial-scale=1.0"", ""og:title"": ""Colorful skirt"", ""og:description"": ""A sketchy charcoal and oil pastel illustration of a woman sitting on a low black platform. Her legs are propped up in front of her and loosely cropped. She is leaning forward, her left elbow on her left knee, and looking back to speak to someone with a bright smile on her face. Her messy hair is gathered in an updo. She is wearing a very loose sleeveless black shirt and a colorful skirt patterned with flowers and leaves, which is bunched up around her waist, leaving her legs bare."", ""og:image"": ""http://digitalcollections.aucegypt.edu/iiif/2/p15795coll40:127/full/730,/0/default.jpg"", ""og:url"": ""https://digitalcollections.aucegypt.edu/digital/collection/p15795coll40/id/127/"", ""og:type"": ""website""}"
128,White dress,Margo Veillon,,Margo Veillon Art Collection,pastels on paper,pastels (visual works),drawings (visual works),"Charcoal and oil pastel sketch of a nude woman lounging on a bed, tangled in white sheets. Beneath her, there is a colorful bedspread. She has short, curly blond hair and is wearing round glasses. She is leaning her head on her right palm, her left arm extended so that she can trail a finger on the ","American University in Cairo, Egypt",https://digitalcollections.aucegypt.edu/digital/collection/p15795coll40/id/128/,"http://digitalcollections.aucegypt.edu/iiif/2/p15795coll40:128/full/730,/0/default.jpg",margo_data/images/0128.jpg,"{""title"": ""White dress"", ""titlea"": ""فستان أبيض"", ""titleb"": ""Robe blanche"", ""creata"": ""Margo Veillon"", ""creato"": ""Egyptian-Swiss"", ""descri"": ""Charcoal and oil pastel sketch of a nude woman lounging on a bed, tangled in white sheets. Beneath her, there is a colorful bedspread. She has short, curly blond hair and is wearing round glasses. She is leaning her head on her right palm, her left arm extended so that she can trail a finger on the bedspread."", ""descra"": ""1985, Margo Veillon"", ""locati"": ""American University in Cairo, Egypt"", ""covera"": ""pastels on paper"", ""artwor"": ""100 cm x 69.7 cm"", ""medium"": ""drawings (visual works)"", ""type"": ""pastels (visual works)"", ""format"": ""Expressionist (style)"", ""collec"": ""Margo Veillon Art Collection"", ""source"": ""American University in Cairo"", ""licens"": ""Copyright the American University in Cairo"", ""rights"": ""To inquire about rights and permissions, contact the Rare Books and Special Collections Library, The American University in Cairo at +20.2.2615.3676 or rbscl-ref@aucegypt.edu."", ""google-site-verification"": ""UA-49762962-1"", ""viewport"": ""width=device-width, initial-scale=1.0"", ""og:title"": ""White dress"", ""og:description"": ""Charcoal and oil pastel sketch of a nude woman lounging on a bed, tangled in white sheets. Beneath her, there is a colorful bedspread. She has short, curly blond hair and is wearing round glasses. She is leaning her head on her right palm, her left arm extended so that she can trail a finger on the bedspread."", ""og:image"": ""http://digitalcollections.aucegypt.edu/iiif/2/p15795coll40:128/full/730,/0/default.jpg"", ""og:url"": ""https://digitalcollections.aucegypt.edu/digital/collection/p15795coll40/id/128/"", ""og:type"": ""website""}"
129,Pastel thoughts,Margo Veillon,,Margo Veillon Art Collection,pastels and charcoal on paper,pastels (visual works),mixed media works,Oil pastel portrait of a woman dressed in a sleeveless blue dress or blouse with buttons going down the middle. Her arms are implied to be resting in her lap. She is gazing into the distance with a thoughtful expression on her face. The style of the portrait is very rough and sketchy.,"American University in Cairo, Egypt",https://digitalcollections.aucegypt.edu/digital/collection/p15795coll40/id/129/,"http://digitalcollections.aucegypt.edu/iiif/2/p15795coll40:129/full/730,/0/default.jpg",margo_data/images/0129.jpg,"{""title"": ""Pastel thoughts"", ""titlea"": ""أفكار الباستيل"", ""titleb"": ""Pensées Pastel"", ""creata"": ""Margo Veillon"", ""creato"": ""Egyptian-Swiss"", ""descri"": ""Oil pastel portrait of a woman dressed in a sleeveless blue dress or blouse with buttons going down the middle. Her arms are implied to be resting in her lap. She is gazing into the distance with a thoughtful expression on her face. The style of the portrait is very rough and sketchy."", ""descra"": ""1986, Margo Veillon VI"", ""locati"": ""American University in Cairo, Egypt"", ""covera"": ""pastels and charcoal on paper"", ""artwor"": ""48.5 cm x 79.6 cm"", ""medium"": ""mixed media works"", ""type"": ""pastels (visual works)"", ""format"": ""Expressionist (style)"", ""collec"": ""Margo Veillon Art Collection"", ""source"": ""American University in Cairo"", ""licens"": ""Copyright the American University in Cairo"", ""rights"": ""To inquire about rights and permissions, contact the Rare Books and Special Collections Library, The American University in Cairo at +20.2.2615.3676 or rbscl-ref@aucegypt.edu."", ""google-site-verification"": ""UA-49762962-1"", ""viewport"": ""width=device-width, initial-scale=1.0"", ""og:title"": ""Pastel thoughts"", ""og:description"": ""Oil pastel portrait of a woman dressed in a sleeveless blue dress or blouse with buttons going down the middle. Her arms are implied to be resting in her lap. She is gazing into the distance with a thoughtful expression on her face. The style of the portrait is very rough and sketchy."", ""og:image"": ""http://digitalcollections.aucegypt.edu/iiif/2/p15795coll40:129/full/730,/0/default.jpg"", ""og:url"": ""https://digitalcollections.aucegypt.edu/digital/collection/p15795coll40/id/129/"", ""og:type"": ""website""}"
130,Brown eyes,Margo Veillon,,Margo Veillon Art Collection,pastels & charcoal on paper,pastels (visual works),mixed media works,A brown charcoal sketch of a woman with thick brown hair. The portrait is from mid torso upwards. Her skin is tan and she is starring directly forward. Her eyebrows are raised and her features small. Her hair is shoulder length and is constructed with several shades of brown scribbles. It is volumin,"American University in Cairo, Egypt",https://digitalcollections.aucegypt.edu/digital/collection/p15795coll40/id/130/,"http://digitalcollections.aucegypt.edu/iiif/2/p15795coll40:130/full/730,/0/default.jpg",margo_data/images/0130.jpg,"{""title"": ""Brown eyes"", ""titlea"": ""عيون بنية"", ""titleb"": ""Yeux marrons"", ""creata"": ""Margo Veillon"", ""creato"": ""Egyptian-Swiss"", ""descri"": ""A brown charcoal sketch of a woman with thick brown hair. The portrait is from mid torso upwards. Her skin is tan and she is starring directly forward. Her eyebrows are raised and her features small. Her hair is shoulder length and is constructed with several shades of brown scribbles. It is voluminous and parted to her left side."", ""descra"": ""Margo Veillon"", ""locati"": ""American University in Cairo, Egypt"", ""covera"": ""pastels & charcoal on paper"", ""artwor"": ""53.5 cm x 64.3 cm"", ""medium"": ""mixed media works"", ""type"": ""pastels (visual works)"", ""format"": ""Expressionist (style)"", ""collec"": ""Margo Veillon Art Collection"", ""source"": ""American University in Cairo"", ""licens"": ""Copyright the American University in Cairo"", ""rights"": ""To inquire about rights and permissions, contact the Rare Books and Special Collections Library, The American University in Cairo at +20.2.2615.3676 or rbscl-ref@aucegypt.edu."", ""google-site-verification"": ""UA-49762962-1"", ""viewport"": ""width=device-width, initial-scale=1.0"", ""og:title"": ""Brown eyes"", ""og:description"": ""A brown charcoal sketch of a woman with thick brown hair. The portrait is from mid torso upwards. Her skin is tan and she is starring directly forward. Her eyebrows are raised and her features small. Her hair is shoulder length and is constructed with several shades of brown scribbles. It is voluminous and parted to her left side."", ""og:image"": ""http://digitalcollections.aucegypt.edu/iiif/2/p15795coll40:130/full/730,/0/default.jpg"", ""og:url"": ""https://digitalcollections.aucegypt.edu/digital/collection/p15795coll40/id/130/"", ""og:type"": ""website""}"
131,Young thinker,Margo Veillon,,Margo Veillon Art Collection,pastels on paper,pastels (visual works),paintings (visual works),"A colored sketch of a younger man resting his face on his hand facing the left. He is wearing a light blue collared shirt, and has his index finger between his lips. He is starring into the distance. His cheeks are red and his skin is tanned. His hair is cut short above his eyebrows, hiding half of ","American University in Cairo, Egypt",https://digitalcollections.aucegypt.edu/digital/collection/p15795coll40/id/131/,"http://digitalcollections.aucegypt.edu/iiif/2/p15795coll40:131/full/730,/0/default.jpg",margo_data/images/0131.jpg,"{""title"": ""Young thinker"", ""titlea"": ""المفكر الشاب"", ""titleb"": ""Jeune penseur"", ""creata"": ""Margo Veillon"", ""creato"": ""Egyptian-Swiss"", ""descri"": ""A colored sketch of a younger man resting his face on his hand facing the left. He is wearing a light blue collared shirt, and has his index finger between his lips. He is starring into the distance. His cheeks are red and his skin is tanned. His hair is cut short above his eyebrows, hiding half of his long forehead. He has thick eyebrows that bend to the outside of his face. His nose is long and so is his face."", ""locati"": ""American University in Cairo, Egypt"", ""covera"": ""pastels on paper"", ""artwor"": ""70.6 cm x 48.5 cm"", ""medium"": ""paintings (visual works)"", ""type"": ""pastels (visual works)"", ""format"": ""Expressionist (style)"", ""collec"": ""Margo Veillon Art Collection"", ""source"": ""American University in Cairo"", ""licens"": ""Copyright the American University in Cairo"", ""rights"": ""To inquire about rights and permissions, contact the Rare Books and Special Collections Library, The American University in Cairo at +20.2.2615.3676 or rbscl-ref@aucegypt.edu."", ""google-site-verification"": ""UA-49762962-1"", ""viewport"": ""width=device-width, initial-scale=1.0"", ""og:title"": ""Young thinker"", ""og:description"": ""A colored sketch of a younger man resting his face on his hand facing the left. He is wearing a light blue collared shirt, and has his index finger between his lips. He is starring into the distance. His cheeks are red and his skin is tanned. His hair is cut short above his eyebrows, hiding half of his long forehead. He has thick eyebrows that bend to the outside of his face. His nose is long and so is his face."", ""og:image"": ""http://digitalcollections.aucegypt.edu/iiif/2/p15795coll40:131/full/730,/0/default.jpg"", ""og:url"": ""https://digitalcollections.aucegypt.edu/digital/collection/p15795coll40/id/131/"", ""og:type"": ""website""}"
132,Three persons,Margo Veillon,,Margo Veillon Art Collection,oil on cardboard,oil paintings (visual works),paintings (visual works),"three women in a shaded light and dark abstract form sitting in shadows in a room that seems to be beneath a stairway coming from the top left corner. The first woman is sitting directly beneath the stairs, with no detail to her other than being in a sitting position. She wears a white, plain, long ","American University in Cairo, Egypt",https://digitalcollections.aucegypt.edu/digital/collection/p15795coll40/id/132/,"http://digitalcollections.aucegypt.edu/iiif/2/p15795coll40:132/full/730,/0/default.jpg",margo_data/images/0132.jpg,"{""title"": ""Three persons"", ""titlea"": ""ثلاثة اشخاص"", ""titleb"": ""Trois personnes"", ""creata"": ""Margo Veillon"", ""creato"": ""Egyptian-Swiss"", ""descri"": ""three women in a shaded light and dark abstract form sitting in shadows in a room that seems to be beneath a stairway coming from the top left corner. The first woman is sitting directly beneath the stairs, with no detail to her other than being in a sitting position. She wears a white, plain, long dress that is shaded in areas. The second woman is in the left-center of the drawing. She is sitting against the wall on a stool, and her arms are crossed. She is facing the right, though no features show on her face. She wears a pink dress with dark red shading to show its folds and red slippers. The last woman is sitting on the ground with her legs in a pretzel position. She has her head tilted and one hand near her neck while the other supports her back. She wears a yellow dress with dark brown folds where shadows lie."", ""descra"": ""1945, Margo Veillon"", ""locati"": ""American University in Cairo, Egypt"", ""covera"": ""oil on cardboard"", ""artwor"": ""28.8 cm x 34.5 cm"", ""medium"": ""paintings (visual works)"", ""type"": ""oil paintings (visual works)"", ""format"": ""Abstract (modern European style)"", ""collec"": ""Margo Veillon Art Collection"", ""source"": ""American University in Cairo"", ""licens"": ""Copyright the American University in Cairo"", ""rights"": ""To inquire about rights and permissions, contact the Rare Books and Special Collections Library, The American University in Cairo at +20.2.2615.3676 or rbscl-ref@aucegypt.edu."", ""google-site-verification"": ""UA-49762962-1"", ""viewport"": ""width=device-width, initial-scale=1.0"", ""og:title"": ""Three persons"", ""og:description"": ""three women in a shaded light and dark abstract form sitting in shadows in a room that seems to be beneath a stairway coming from the top left corner. The first woman is sitting directly beneath the stairs, with no detail to her other than being in a sitting position. She wears a white, plain, long dress that is shaded in areas. The second woman is in the left-center of the drawing. She is sitting against the wall on a stool, and her arms are crossed. She is facing the right, though no features show on her face. She wears a pink dress with dark red shading to show its folds and red slippers. The last woman is sitting on the ground with her legs in a pretzel position. She has her head tilted and one hand near her neck while the other supports her back. She wears a yellow dress with dark brown folds where shadows lie."", ""og:image"": ""http://digitalcollections.aucegypt.edu/iiif/2/p15795coll40:132/full/730,/0/default.jpg"", ""og:url"": ""https://digitalcollections.aucegypt.edu/digital/collection/p15795coll40/id/132/"", ""og:type"": ""website""}"
133,Wooden horses,Margo Veillon,,Margo Veillon Art Collection,pastels on paper,pastels (visual works),paintings (visual works),"A pastel painting of a wooden carrossel. The stick on which the carousel moves upon is blue and orange striped. In the same shade of orange long planks of wood are held together to the stick. From these planks hang stiff-looking blue wooden horses, all facing the right. The sketch is quick, with bla","American University in Cairo, Egypt",https://digitalcollections.aucegypt.edu/digital/collection/p15795coll40/id/133/,"http://digitalcollections.aucegypt.edu/iiif/2/p15795coll40:133/full/730,/0/default.jpg",margo_data/images/0133.jpg,"{""title"": ""Wooden horses"", ""titlea"": ""خيول خشبية"", ""titleb"": ""Chevaux de bois"", ""creata"": ""Margo Veillon"", ""creato"": ""Egyptian-Swiss"", ""descri"": ""A pastel painting of a wooden carrossel. The stick on which the carousel moves upon is blue and orange striped. In the same shade of orange long planks of wood are held together to the stick. From these planks hang stiff-looking blue wooden horses, all facing the right. The sketch is quick, with black accents for shadows on the blue horses."", ""descra"": ""Margo Veillon"", ""locati"": ""American University in Cairo, Egypt"", ""covera"": ""pastels on paper"", ""artwor"": ""41.3 cm x 57.8 cm"", ""medium"": ""paintings (visual works)"", ""type"": ""pastels (visual works)"", ""format"": ""Impressionist (style)"", ""collec"": ""Margo Veillon Art Collection"", ""source"": ""American University in Cairo"", ""licens"": ""Copyright the American University in Cairo"", ""rights"": ""To inquire about rights and permissions, contact the Rare Books and Special Collections Library, The American University in Cairo at +20.2.2615.3676 or rbscl-ref@aucegypt.edu."", ""google-site-verification"": ""UA-49762962-1"", ""viewport"": ""width=device-width, initial-scale=1.0"", ""og:title"": ""Wooden horses"", ""og:description"": ""A pastel painting of a wooden carrossel. The stick on which the carousel moves upon is blue and orange striped. In the same shade of orange long planks of wood are held together to the stick. From these planks hang stiff-looking blue wooden horses, all facing the right. The sketch is quick, with black accents for shadows on the blue horses."", ""og:image"": ""http://digitalcollections.aucegypt.edu/iiif/2/p15795coll40:133/full/730,/0/default.jpg"", ""og:url"": ""https://digitalcollections.aucegypt.edu/digital/collection/p15795coll40/id/133/"", ""og:type"": ""website""}"
134,Feluccas unloading,Margo Veillon,,Margo Veillon Art Collection,acrylic on wood,acrylic paintings (visual works),paintings (visual works),"Painting using watercolors of feluccas floating in a river. Their wooden hulls are reflected on the water, and large yellow sacks are being unloaded by individuals walking down a thin pricarious ramp to the land. Three men are on the plank on the same time. This ramp is from the felluca in the cente","American University in Cairo, Egypt",https://digitalcollections.aucegypt.edu/digital/collection/p15795coll40/id/134/,"http://digitalcollections.aucegypt.edu/iiif/2/p15795coll40:134/full/730,/0/default.jpg",margo_data/images/0134.jpg,"{""title"": ""Feluccas unloading"", ""titlea"": ""تفريغ الفلوكة"", ""titleb"": ""Déchargement de felouques"", ""creata"": ""Margo Veillon"", ""creato"": ""Egyptian-Swiss"", ""descri"": ""Painting using watercolors of feluccas floating in a river. Their wooden hulls are reflected on the water, and large yellow sacks are being unloaded by individuals walking down a thin pricarious ramp to the land. Three men are on the plank on the same time. This ramp is from the felluca in the center. the strokes are quick and easy to distinguish. The hue of the painting is brown and golden."", ""descra"": ""1938, Margo Veillon"", ""locati"": ""American University in Cairo, Egypt"", ""covera"": ""acrylic on wood"", ""artwor"": ""56 cm x 38.8 cm"", ""medium"": ""paintings (visual works)"", ""type"": ""acrylic paintings (visual works)"", ""format"": ""Impressionist (style)"", ""collec"": ""Margo Veillon Art Collection"", ""source"": ""American University in Cairo"", ""licens"": ""Copyright the American University in Cairo"", ""rights"": ""To inquire about rights and permissions, contact the Rare Books and Special Collections Library, The American University in Cairo at +20.2.2615.3676 or rbscl-ref@aucegypt.edu."", ""google-site-verification"": ""UA-49762962-1"", ""viewport"": ""width=device-width, initial-scale=1.0"", ""og:title"": ""Feluccas unloading"", ""og:description"": ""Painting using watercolors of feluccas floating in a river. Their wooden hulls are reflected on the water, and large yellow sacks are being unloaded by individuals walking down a thin pricarious ramp to the land. Three men are on the plank on the same time. This ramp is from the felluca in the center. the strokes are quick and easy to distinguish. The hue of the painting is brown and golden."", ""og:image"": ""http://digitalcollections.aucegypt.edu/iiif/2/p15795coll40:134/full/730,/0/default.jpg"", ""og:url"": ""https://digitalcollections.aucegypt.edu/digital/collection/p15795coll40/id/134/"", ""og:type"": ""website""}"
135,Woman wearing scarf,Margo Veillon,,Margo Veillon Art Collection,pastels on wood,pastels (visual works),paintings (visual works),"An oil pastel sketch of a woman wearing a veil around her face. The veil has coin sized details hanging around her face. She is facing the left, and her eyes are serious. Her lips are pressed together and her eyes are wide. She has thin to no eyebrows. None of her hair is showing.","American University in Cairo, Egypt",https://digitalcollections.aucegypt.edu/digital/collection/p15795coll40/id/135/,"http://digitalcollections.aucegypt.edu/iiif/2/p15795coll40:135/full/730,/0/default.jpg",margo_data/images/0135.jpg,"{""title"": ""Woman wearing scarf"", ""titlea"": ""امرأة ترتدي وشاح"", ""titleb"": ""Femme portant un foulard"", ""creata"": ""Margo Veillon"", ""creato"": ""Egyptian-Swiss"", ""descri"": ""An oil pastel sketch of a woman wearing a veil around her face. The veil has coin sized details hanging around her face. She is facing the left, and her eyes are serious. Her lips are pressed together and her eyes are wide. She has thin to no eyebrows. None of her hair is showing."", ""locati"": ""American University in Cairo, Egypt"", ""covera"": ""pastels on wood"", ""artwor"": ""56 cm x 38.8 cm"", ""medium"": ""paintings (visual works)"", ""type"": ""pastels (visual works)"", ""format"": ""Expressionist (style)"", ""collec"": ""Margo Veillon Art Collection"", ""source"": ""American University in Cairo"", ""licens"": ""Copyright the American University in Cairo"", ""rights"": ""To inquire about rights and permissions, contact the Rare Books and Special Collections Library, The American University in Cairo at +20.2.2615.3676 or rbscl-ref@aucegypt.edu."", ""google-site-verification"": ""UA-49762962-1"", ""viewport"": ""width=device-width, initial-scale=1.0"", ""og:title"": ""Woman wearing scarf"", ""og:description"": ""An oil pastel sketch of a woman wearing a veil around her face. The veil has coin sized details hanging around her face. She is facing the left, and her eyes are serious. Her lips are pressed together and her eyes are wide. She has thin to no eyebrows. None of her hair is showing."", ""og:image"": ""http://digitalcollections.aucegypt.edu/iiif/2/p15795coll40:135/full/730,/0/default.jpg"", ""og:url"": ""https://digitalcollections.aucegypt.edu/digital/collection/p15795coll40/id/135/"", ""og:type"": ""website""}"
136,Two African men,Margo Veillon,,Margo Veillon Art Collection,watercolor on paper,watercolors (paintings),paintings (visual works),"Watercolor painting of two African men. One in the foreground is facing the right and the painting shows his head until his shoulders, and only one shoulder is in frame. His eyes are slightly squinted, ad his dark skin is made up of different triangular shapes of shades of brown and orange. He wears","American University in Cairo, Egypt",https://digitalcollections.aucegypt.edu/digital/collection/p15795coll40/id/136/,"http://digitalcollections.aucegypt.edu/iiif/2/p15795coll40:136/full/730,/0/default.jpg",margo_data/images/0136.jpg,"{""title"": ""Two African men"", ""titlea"": ""رجلين أفريقيين"", ""titleb"": ""Deux hommes africains"", ""creata"": ""Margo Veillon"", ""creato"": ""Egyptian-Swiss"", ""descri"": ""Watercolor painting of two African men. One in the foreground is facing the right and the painting shows his head until his shoulders, and only one shoulder is in frame. His eyes are slightly squinted, ad his dark skin is made up of different triangular shapes of shades of brown and orange. He wears a golden collar around his neck with golden details dangling from it every couple beads. The man behind him has thick lips and looks in the opposite direction. Only his face is showing, and none of his body or head has been painted."", ""locati"": ""American University in Cairo, Egypt"", ""covera"": ""watercolor on paper"", ""artwor"": ""39 cm x 28 cm"", ""medium"": ""paintings (visual works)"", ""type"": ""watercolors (paintings)"", ""format"": ""Expressionist (style)"", ""collec"": ""Margo Veillon Art Collection"", ""source"": ""American University in Cairo"", ""licens"": ""Copyright the American University in Cairo"", ""rights"": ""To inquire about rights and permissions, contact the Rare Books and Special Collections Library, The American University in Cairo at +20.2.2615.3676 or rbscl-ref@aucegypt.edu."", ""google-site-verification"": ""UA-49762962-1"", ""viewport"": ""width=device-width, initial-scale=1.0"", ""og:title"": ""Two African men"", ""og:description"": ""Watercolor painting of two African men. One in the foreground is facing the right and the painting shows his head until his shoulders, and only one shoulder is in frame. His eyes are slightly squinted, ad his dark skin is made up of different triangular shapes of shades of brown and orange. He wears a golden collar around his neck with golden details dangling from it every couple beads. The man behind him has thick lips and looks in the opposite direction. Only his face is showing, and none of his body or head has been painted."", ""og:image"": ""http://digitalcollections.aucegypt.edu/iiif/2/p15795coll40:136/full/730,/0/default.jpg"", ""og:url"": ""https://digitalcollections.aucegypt.edu/digital/collection/p15795coll40/id/136/"", ""og:type"": ""website""}"
137,Abdel Hafez Elshishini,Margo Veillon,,Margo Veillon Art Collection,acrylic and oil on cardboard,acrylic paintings (visual works),mixed media works,Oil and acrylic painting portrait of Abdel Hafez Elshishini. A middle aged man with a receding hairline facing the left. Only 3/4 of his face is visible. He has a curved nose and thick eyebrows. His hair is black and shines with colored accents. He has one visible sideburn that extends to the end of,"American University in Cairo, Egypt",https://digitalcollections.aucegypt.edu/digital/collection/p15795coll40/id/137/,"http://digitalcollections.aucegypt.edu/iiif/2/p15795coll40:137/full/730,/0/default.jpg",margo_data/images/0137.jpg,"{""title"": ""Abdel Hafez Elshishini"", ""titlea"": ""عبد الحافظ الشيشيني"", ""titleb"": ""Abdel Hafez Elshishini"", ""creata"": ""Margo Veillon"", ""creato"": ""Egyptian-Swiss"", ""descri"": ""Oil and acrylic painting portrait of Abdel Hafez Elshishini. A middle aged man with a receding hairline facing the left. Only 3/4 of his face is visible. He has a curved nose and thick eyebrows. His hair is black and shines with colored accents. He has one visible sideburn that extends to the end of his small ear. He has large lips and a thin mustache above them. A single smile line is carved from the end of his nostril to the end of his mouth. He is wearing a white and red striped collared shirt. The collar is very pointed and fully white."", ""locati"": ""American University in Cairo, Egypt"", ""covera"": ""acrylic and oil on cardboard"", ""artwor"": ""61.7 cm x 40 cm"", ""medium"": ""mixed media works"", ""type"": ""acrylic paintings (visual works)"", ""format"": ""Expressionist (style)"", ""collec"": ""Margo Veillon Art Collection"", ""source"": ""American University in Cairo"", ""licens"": ""Copyright the American University in Cairo"", ""rights"": ""To inquire about rights and permissions, contact the Rare Books and Special Collections Library, The American University in Cairo at +20.2.2615.3676 or rbscl-ref@aucegypt.edu."", ""google-site-verification"": ""UA-49762962-1"", ""viewport"": ""width=device-width, initial-scale=1.0"", ""og:title"": ""Abdel Hafez Elshishini"", ""og:description"": ""Oil and acrylic painting portrait of Abdel Hafez Elshishini. A middle aged man with a receding hairline facing the left. Only 3/4 of his face is visible. He has a curved nose and thick eyebrows. His hair is black and shines with colored accents. He has one visible sideburn that extends to the end of his small ear. He has large lips and a thin mustache above them. A single smile line is carved from the end of his nostril to the end of his mouth. He is wearing a white and red striped collared shirt. The collar is very pointed and fully white."", ""og:image"": ""http://digitalcollections.aucegypt.edu/iiif/2/p15795coll40:137/full/730,/0/default.jpg"", ""og:url"": ""https://digitalcollections.aucegypt.edu/digital/collection/p15795coll40/id/137/"", ""og:type"": ""website""}"
138,Ibn Tulun mosque,Margo Veillon,,Margo Veillon Art Collection,pastels on paper,pastels (visual works),drawings (visual works),"Rough sketch of the architecture inside the Ibn Tulun mosque, from a person's perspective standing below the hallways arches. There are Islamic details sketched onto the architecture.","American University in Cairo, Egypt",https://digitalcollections.aucegypt.edu/digital/collection/p15795coll40/id/138/,"http://digitalcollections.aucegypt.edu/iiif/2/p15795coll40:138/full/730,/0/default.jpg",margo_data/images/0138.jpg,"{""title"": ""Ibn Tulun mosque"", ""titlea"": ""مسجد ابن طولون"", ""titleb"": ""Mosquée Ibn Tulun"", ""creata"": ""Margo Veillon"", ""creato"": ""Egyptian-Swiss"", ""descri"": ""Rough sketch of the architecture inside the Ibn Tulun mosque, from a person's perspective standing below the hallways arches. There are Islamic details sketched onto the architecture."", ""descra"": ""ibn el toulon, 1929,Margo Veillon"", ""locati"": ""American University in Cairo, Egypt"", ""covera"": ""pastels on paper"", ""artwor"": ""27.5 cm x 32 cm"", ""medium"": ""drawings (visual works)"", ""type"": ""pastels (visual works)"", ""format"": ""Impressionist (style)"", ""collec"": ""Margo Veillon Art Collection"", ""source"": ""American University in Cairo"", ""licens"": ""Copyright the American University in Cairo"", ""rights"": ""To inquire about rights and permissions, contact the Rare Books and Special Collections Library, The American University in Cairo at +20.2.2615.3676 or rbscl-ref@aucegypt.edu."", ""google-site-verification"": ""UA-49762962-1"", ""viewport"": ""width=device-width, initial-scale=1.0"", ""og:title"": ""Ibn Tulun mosque"", ""og:description"": ""Rough sketch of the architecture inside the Ibn Tulun mosque, from a person's perspective standing below the hallways arches. There are Islamic details sketched onto the architecture."", ""og:image"": ""http://digitalcollections.aucegypt.edu/iiif/2/p15795coll40:138/full/730,/0/default.jpg"", ""og:url"": ""https://digitalcollections.aucegypt.edu/digital/collection/p15795coll40/id/138/"", ""og:type"": ""website""}"
139,Mountain,Margo Veillon,,Margo Veillon Art Collection,oil on cardboard,oil paintings (visual works),paintings (visual works),"A oil painting of a red mountain in the distance with yellow heels in front of it. A small village can be seen, with simple square houses of blue and brown colors. In the foreground on top of a pile of rocks and dirt of grey color there is a broken wooden wheel. Next to this pile is a donkey peacefu","American University in Cairo, Egypt",https://digitalcollections.aucegypt.edu/digital/collection/p15795coll40/id/139/,"http://digitalcollections.aucegypt.edu/iiif/2/p15795coll40:139/full/730,/0/default.jpg",margo_data/images/0139.jpg,"{""title"": ""Mountain"", ""titlea"": ""الجبل"", ""titleb"": ""Montagne"", ""creata"": ""Margo Veillon"", ""creato"": ""Egyptian-Swiss"", ""descri"": ""A oil painting of a red mountain in the distance with yellow heels in front of it. A small village can be seen, with simple square houses of blue and brown colors. In the foreground on top of a pile of rocks and dirt of grey color there is a broken wooden wheel. Next to this pile is a donkey peacefully grazing some patches of grass growing from the ground."", ""descra"": ""1979, Margo Veillon"", ""locati"": ""American University in Cairo, Egypt"", ""covera"": ""oil on cardboard"", ""artwor"": ""50.5 cm x 40 cm"", ""medium"": ""paintings (visual works)"", ""type"": ""oil paintings (visual works)"", ""format"": ""Impressionist (style)"", ""collec"": ""Margo Veillon Art Collection"", ""source"": ""American University in Cairo"", ""licens"": ""Copyright the American University in Cairo"", ""rights"": ""To inquire about rights and permissions, contact the Rare Books and Special Collections Library, The American University in Cairo at +20.2.2615.3676 or rbscl-ref@aucegypt.edu."", ""google-site-verification"": ""UA-49762962-1"", ""viewport"": ""width=device-width, initial-scale=1.0"", ""og:title"": ""Mountain"", ""og:description"": ""A oil painting of a red mountain in the distance with yellow heels in front of it. A small village can be seen, with simple square houses of blue and brown colors. In the foreground on top of a pile of rocks and dirt of grey color there is a broken wooden wheel. Next to this pile is a donkey peacefully grazing some patches of grass growing from the ground."", ""og:image"": ""http://digitalcollections.aucegypt.edu/iiif/2/p15795coll40:139/full/730,/0/default.jpg"", ""og:url"": ""https://digitalcollections.aucegypt.edu/digital/collection/p15795coll40/id/139/"", ""og:type"": ""website""}"
140,African man holding stick,Margo Veillon,,Margo Veillon Art Collection,watercolor and charcoal on paper,watercolors (paintings),mixed media works,"A watercolor painting of an African man standing and starring into the distance holding a stick horizontally. His body weight is on one leg and his other knee is bent. he wears a white cloth around one shoulder that is not visible. The stick he carries is behind him, as he is stood in profile facing","American University in Cairo, Egypt",https://digitalcollections.aucegypt.edu/digital/collection/p15795coll40/id/140/,"http://digitalcollections.aucegypt.edu/iiif/2/p15795coll40:140/full/730,/0/default.jpg",margo_data/images/0140.jpg,"{""title"": ""African man holding stick"", ""titlea"": ""رجل أفريقي يحمل عصا"", ""titleb"": ""Homme africain tenant un bâton"", ""creata"": ""Margo Veillon"", ""creato"": ""Egyptian-Swiss"", ""descri"": ""A watercolor painting of an African man standing and starring into the distance holding a stick horizontally. His body weight is on one leg and his other knee is bent. he wears a white cloth around one shoulder that is not visible. The stick he carries is behind him, as he is stood in profile facing the left. The stick he is carrying has round objects hanging from one side, and cylindrical objects from the other side."", ""locati"": ""American University in Cairo, Egypt"", ""covera"": ""watercolor and charcoal on paper"", ""artwor"": ""41.7 cm x 29.5 cm"", ""medium"": ""mixed media works"", ""type"": ""watercolors (paintings)"", ""format"": ""Expressionist (style)"", ""collec"": ""Margo Veillon Art Collection"", ""source"": ""American University in Cairo"", ""licens"": ""Copyright the American University in Cairo"", ""rights"": ""To inquire about rights and permissions, contact the Rare Books and Special Collections Library, The American University in Cairo at +20.2.2615.3676 or rbscl-ref@aucegypt.edu."", ""google-site-verification"": ""UA-49762962-1"", ""viewport"": ""width=device-width, initial-scale=1.0"", ""og:title"": ""African man holding stick"", ""og:description"": ""A watercolor painting of an African man standing and starring into the distance holding a stick horizontally. His body weight is on one leg and his other knee is bent. he wears a white cloth around one shoulder that is not visible. The stick he carries is behind him, as he is stood in profile facing the left. The stick he is carrying has round objects hanging from one side, and cylindrical objects from the other side."", ""og:image"": ""http://digitalcollections.aucegypt.edu/iiif/2/p15795coll40:140/full/730,/0/default.jpg"", ""og:url"": ""https://digitalcollections.aucegypt.edu/digital/collection/p15795coll40/id/140/"", ""og:type"": ""website""}"
141,African woman with her baby,Margo Veillon,,Margo Veillon Art Collection,watercolor on paper,watercolors (paintings),mixed media works,"Watercolor painting of African woman in flowing light blue dress kneeling down whilst breastfeeding her baby. She holds her baby with her right hand wrapped around its body while it holds her showing breast. her other hand is reached out and holding something. She is facing towards this other hand, ","American University in Cairo, Egypt",https://digitalcollections.aucegypt.edu/digital/collection/p15795coll40/id/141/,"http://digitalcollections.aucegypt.edu/iiif/2/p15795coll40:141/full/730,/0/default.jpg",margo_data/images/0141.jpg,"{""title"": ""African woman with her baby"", ""titlea"": ""امرأة أفريقية مع طفلها"", ""titleb"": ""Femme africaine avec son enfant"", ""creata"": ""Margo Veillon"", ""creato"": ""Egyptian-Swiss"", ""descri"": ""Watercolor painting of African woman in flowing light blue dress kneeling down whilst breastfeeding her baby. She holds her baby with her right hand wrapped around its body while it holds her showing breast. her other hand is reached out and holding something. She is facing towards this other hand, almost looking at the ground. She has a small head and large golden jewelry. Her earrings are large golden hoops, and a golden cuff us around her right arm."", ""locati"": ""American University in Cairo, Egypt"", ""covera"": ""watercolor on paper"", ""artwor"": ""29.5 cm x 41.6 cm"", ""medium"": ""mixed media works"", ""type"": ""watercolors (paintings)"", ""format"": ""Expressionist (style)"", ""collec"": ""Margo Veillon Art Collection"", ""source"": ""American University in Cairo"", ""licens"": ""Copyright the American University in Cairo"", ""rights"": ""To inquire about rights and permissions, contact the Rare Books and Special Collections Library, The American University in Cairo at +20.2.2615.3676 or rbscl-ref@aucegypt.edu."", ""google-site-verification"": ""UA-49762962-1"", ""viewport"": ""width=device-width, initial-scale=1.0"", ""og:title"": ""African woman with her baby"", ""og:description"": ""Watercolor painting of African woman in flowing light blue dress kneeling down whilst breastfeeding her baby. She holds her baby with her right hand wrapped around its body while it holds her showing breast. her other hand is reached out and holding something. She is facing towards this other hand, almost looking at the ground. She has a small head and large golden jewelry. Her earrings are large golden hoops, and a golden cuff us around her right arm."", ""og:image"": ""http://digitalcollections.aucegypt.edu/iiif/2/p15795coll40:141/full/730,/0/default.jpg"", ""og:url"": ""https://digitalcollections.aucegypt.edu/digital/collection/p15795coll40/id/141/"", ""og:type"": ""website""}"
142,Peasant women,Margo Veillon,,Margo Veillon Art Collection,pencil on paper,pencil drawings,drawings (visual works),"Rough pencil sketches of a group of Egyptian women walking together. They are dressed in colorful peasant clothing. On the left, in the background, there are two people riding a donkey walking directly towards the viewer. The other women are all walking to the left side of the illustration. One espe","American University in Cairo, Egypt",https://digitalcollections.aucegypt.edu/digital/collection/p15795coll40/id/142/,"http://digitalcollections.aucegypt.edu/iiif/2/p15795coll40:142/full/730,/0/default.jpg",margo_data/images/0142.jpg,"{""title"": ""Peasant women"", ""titlea"": ""الفلاحات"", ""titleb"": ""Paysannes"", ""creata"": ""Margo Veillon"", ""creato"": ""Egyptian-Swiss"", ""descri"": ""Rough pencil sketches of a group of Egyptian women walking together. They are dressed in colorful peasant clothing. On the left, in the background, there are two people riding a donkey walking directly towards the viewer. The other women are all walking to the left side of the illustration. One especially large woman is carrying a child, as are a group of less detailed women in the background"", ""locati"": ""American University in Cairo, Egypt"", ""covera"": ""pencil on paper"", ""artwor"": ""23 cm x 30.6 cm"", ""medium"": ""drawings (visual works)"", ""type"": ""pencil drawings"", ""format"": ""Impressionist (style)"", ""collec"": ""Margo Veillon Art Collection"", ""source"": ""American University in Cairo"", ""licens"": ""Copyright the American University in Cairo"", ""rights"": ""To inquire about rights and permissions, contact the Rare Books and Special Collections Library, The American University in Cairo at +20.2.2615.3676 or rbscl-ref@aucegypt.edu."", ""google-site-verification"": ""UA-49762962-1"", ""viewport"": ""width=device-width, initial-scale=1.0"", ""og:title"": ""Peasant women"", ""og:description"": ""Rough pencil sketches of a group of Egyptian women walking together. They are dressed in colorful peasant clothing. On the left, in the background, there are two people riding a donkey walking directly towards the viewer. The other women are all walking to the left side of the illustration. One especially large woman is carrying a child, as are a group of less detailed women in the background"", ""og:image"": ""http://digitalcollections.aucegypt.edu/iiif/2/p15795coll40:142/full/730,/0/default.jpg"", ""og:url"": ""https://digitalcollections.aucegypt.edu/digital/collection/p15795coll40/id/142/"", ""og:type"": ""website""}"
143,Gazoline cart,Margo Veillon,,Margo Veillon Art Collection,ink on paper,pen and ink drawings,drawings (visual works),"A ballpoint pen illustration of a man, barefoot, in a striped galabeya, with his donkey, which is pulling a carriage that is carrying a canister with """"Vacuum Oil"""" written on it. The donkey has its head down, eating from a feeding bag. Behind the man, who is pouring something from a container on th","American University in Cairo, Egypt",https://digitalcollections.aucegypt.edu/digital/collection/p15795coll40/id/143/,"http://digitalcollections.aucegypt.edu/iiif/2/p15795coll40:143/full/730,/0/default.jpg",margo_data/images/0143.jpg,"{""title"": ""Gazoline cart"", ""titlea"": ""عربه الجاز"", ""titleb"": ""Chariot à essence"", ""creata"": ""Margo Veillon"", ""creato"": ""Egyptian-Swiss"", ""descri"": ""A ballpoint pen illustration of a man, barefoot, in a striped galabeya, with his donkey, which is pulling a carriage that is carrying a canister with \""\""Vacuum Oil\""\"" written on it. The donkey has its head down, eating from a feeding bag. Behind the man, who is pouring something from a container on the cart, the street extends behind him. There is also a young boy walking behind him."", ""descra"": ""1952, Margo Veillon"", ""locati"": ""American University in Cairo, Egypt"", ""covera"": ""ink on paper"", ""artwor"": ""25.5 cm x 35.8 cm"", ""medium"": ""drawings (visual works)"", ""type"": ""pen and ink drawings"", ""format"": ""Expressionist (style)"", ""collec"": ""Margo Veillon Art Collection"", ""source"": ""American University in Cairo"", ""licens"": ""Copyright the American University in Cairo"", ""rights"": ""To inquire about rights and permissions, contact the Rare Books and Special Collections Library, The American University in Cairo at +20.2.2615.3676 or rbscl-ref@aucegypt.edu."", ""google-site-verification"": ""UA-49762962-1"", ""viewport"": ""width=device-width, initial-scale=1.0"", ""og:title"": ""Gazoline cart"", ""og:description"": ""A ballpoint pen illustration of a man, barefoot, in a striped galabeya, with his donkey, which is pulling a carriage that is carrying a canister with \""\""Vacuum Oil\""\"" written on it. The donkey has its head down, eating from a feeding bag. Behind the man, who is pouring something from a container on the cart, the street extends behind him. There is also a young boy walking behind him."", ""og:image"": ""http://digitalcollections.aucegypt.edu/iiif/2/p15795coll40:143/full/730,/0/default.jpg"", ""og:url"": ""https://digitalcollections.aucegypt.edu/digital/collection/p15795coll40/id/143/"", ""og:type"": ""website""}"
144,Maadi,Margo Veillon,,Margo Veillon Art Collection,pencil on paper,pencil drawings,drawings (visual works),"Pencil illustration of a scene of a fenced garden underneath a large tree. The garden is sectioned off with different plants. There are two gardeners, dressed in jalabiyas, crouching down and tending the garden.","American University in Cairo, Egypt",https://digitalcollections.aucegypt.edu/digital/collection/p15795coll40/id/144/,"http://digitalcollections.aucegypt.edu/iiif/2/p15795coll40:144/full/730,/0/default.jpg",margo_data/images/0144.jpg,"{""title"": ""Maadi"", ""titlea"": ""المعادي"", ""titleb"": ""Maadi"", ""creata"": ""Margo Veillon"", ""creato"": ""Egyptian-Swiss"", ""descri"": ""Pencil illustration of a scene of a fenced garden underneath a large tree. The garden is sectioned off with different plants. There are two gardeners, dressed in jalabiyas, crouching down and tending the garden."", ""descra"": ""Margo Veillon, Maadi, 1931"", ""locati"": ""American University in Cairo, Egypt"", ""covera"": ""pencil on paper"", ""artwor"": ""29.7 cm x 22.2 cm"", ""medium"": ""drawings (visual works)"", ""type"": ""pencil drawings"", ""format"": ""Realism (style)"", ""collec"": ""Margo Veillon Art Collection"", ""source"": ""American University in Cairo"", ""licens"": ""Copyright the American University in Cairo"", ""rights"": ""To inquire about rights and permissions, contact the Rare Books and Special Collections Library, The American University in Cairo at +20.2.2615.3676 or rbscl-ref@aucegypt.edu."", ""google-site-verification"": ""UA-49762962-1"", ""viewport"": ""width=device-width, initial-scale=1.0"", ""og:title"": ""Maadi"", ""og:description"": ""Pencil illustration of a scene of a fenced garden underneath a large tree. The garden is sectioned off with different plants. There are two gardeners, dressed in jalabiyas, crouching down and tending the garden."", ""og:image"": ""http://digitalcollections.aucegypt.edu/iiif/2/p15795coll40:144/full/730,/0/default.jpg"", ""og:url"": ""https://digitalcollections.aucegypt.edu/digital/collection/p15795coll40/id/144/"", ""og:type"": ""website""}"
145,Motorcycle,Margo Veillon,,Margo Veillon Art Collection,pencil on paper,pencil drawings,drawings (visual works),"A detailed pencil drawing of a chubby baby sitting in a pram or cart that is too small for them, their back to the viewer, watching a motorcycle that has stickers on it such as """"London"""" and """"505"""". The style is cartoonish and illustrative.","American University in Cairo, Egypt",https://digitalcollections.aucegypt.edu/digital/collection/p15795coll40/id/145/,"http://digitalcollections.aucegypt.edu/iiif/2/p15795coll40:145/full/730,/0/default.jpg",margo_data/images/0145.jpg,"{""title"": ""Motorcycle"", ""titlea"": ""الدراجه البخاريه"", ""titleb"": ""Moto"", ""creata"": ""Margo Veillon"", ""creato"": ""Egyptian-Swiss"", ""descri"": ""A detailed pencil drawing of a chubby baby sitting in a pram or cart that is too small for them, their back to the viewer, watching a motorcycle that has stickers on it such as \""\""London\""\"" and \""\""505\""\"". The style is cartoonish and illustrative."", ""descra"": ""1929, Margo Veillon"", ""locati"": ""American University in Cairo, Egypt"", ""covera"": ""pencil on paper"", ""artwor"": ""17.7 cm x 10.6 cm"", ""medium"": ""drawings (visual works)"", ""type"": ""pencil drawings"", ""format"": ""Symbolist"", ""collec"": ""Margo Veillon Art Collection"", ""source"": ""American University in Cairo"", ""licens"": ""Copyright the American University in Cairo"", ""rights"": ""To inquire about rights and permissions, contact the Rare Books and Special Collections Library, The American University in Cairo at +20.2.2615.3676 or rbscl-ref@aucegypt.edu."", ""google-site-verification"": ""UA-49762962-1"", ""viewport"": ""width=device-width, initial-scale=1.0"", ""og:title"": ""Motorcycle"", ""og:description"": ""A detailed pencil drawing of a chubby baby sitting in a pram or cart that is too small for them, their back to the viewer, watching a motorcycle that has stickers on it such as \""\""London\""\"" and \""\""505\""\"". The style is cartoonish and illustrative."", ""og:image"": ""http://digitalcollections.aucegypt.edu/iiif/2/p15795coll40:145/full/730,/0/default.jpg"", ""og:url"": ""https://digitalcollections.aucegypt.edu/digital/collection/p15795coll40/id/145/"", ""og:type"": ""website""}"
146,Street in egypt,Margo Veillon,,Margo Veillon Art Collection,pencil on paper,pencil drawings,drawings (visual works),"A cartoonish pencil illustration of a crowded Egyptian street. On the side of the street, there is a line of buildings including shops and domed mosques. In the street itself, there is a horse drawing a carriage behind it, and a man sitting on a chair with his foot propped up on another chair. There","American University in Cairo, Egypt",https://digitalcollections.aucegypt.edu/digital/collection/p15795coll40/id/146/,"http://digitalcollections.aucegypt.edu/iiif/2/p15795coll40:146/full/730,/0/default.jpg",margo_data/images/0146.jpg,"{""title"": ""Street in egypt"", ""titlea"": ""شارع في مصر"", ""titleb"": ""Rue en Egypte"", ""creata"": ""Margo Veillon"", ""creato"": ""Egyptian-Swiss"", ""descri"": ""A cartoonish pencil illustration of a crowded Egyptian street. On the side of the street, there is a line of buildings including shops and domed mosques. In the street itself, there is a horse drawing a carriage behind it, and a man sitting on a chair with his foot propped up on another chair. There are also people in jalabiyas and tarbouche walking in the street. On the other side of the street, a man in a galabeya and tarboush sits down, leaning on a box. Next to him, there is a sapling. The illustration is done in rough two-point perspective."", ""descra"": ""1931, Margo Veillon"", ""locati"": ""American University in Cairo, Egypt"", ""covera"": ""pencil on paper"", ""artwor"": ""27.5 cm x 21.1 cm"", ""medium"": ""drawings (visual works)"", ""type"": ""pencil drawings"", ""format"": ""Impressionist (style)"", ""collec"": ""Margo Veillon Art Collection"", ""source"": ""American University in Cairo"", ""licens"": ""Copyright the American University in Cairo"", ""rights"": ""To inquire about rights and permissions, contact the Rare Books and Special Collections Library, The American University in Cairo at +20.2.2615.3676 or rbscl-ref@aucegypt.edu."", ""google-site-verification"": ""UA-49762962-1"", ""viewport"": ""width=device-width, initial-scale=1.0"", ""og:title"": ""Street in egypt"", ""og:description"": ""A cartoonish pencil illustration of a crowded Egyptian street. On the side of the street, there is a line of buildings including shops and domed mosques. In the street itself, there is a horse drawing a carriage behind it, and a man sitting on a chair with his foot propped up on another chair. There are also people in jalabiyas and tarbouche walking in the street. On the other side of the street, a man in a galabeya and tarboush sits down, leaning on a box. Next to him, there is a sapling. The illustration is done in rough two-point perspective."", ""og:image"": ""http://digitalcollections.aucegypt.edu/iiif/2/p15795coll40:146/full/730,/0/default.jpg"", ""og:url"": ""https://digitalcollections.aucegypt.edu/digital/collection/p15795coll40/id/146/"", ""og:type"": ""website""}"
147,Blue gate,Margo Veillon,,Margo Veillon Art Collection,colour markers on paper,pen and ink drawings,drawings (visual works),"colored markers illustration of a scene of a bright blue wooden entryway to a small shed next to a larger house. Underneath the blue entryway, there is a boy in a blue striped galabeya sitting down on the ground. Next to the blue gate, there is a man in an orange striped galabeya, a black blazer, an","American University in Cairo, Egypt",https://digitalcollections.aucegypt.edu/digital/collection/p15795coll40/id/147/,"http://digitalcollections.aucegypt.edu/iiif/2/p15795coll40:147/full/730,/0/default.jpg",margo_data/images/0147.jpg,"{""title"": ""Blue gate"", ""titlea"": ""البوابة الزرقاء"", ""titleb"": ""La porte bleue"", ""creata"": ""Margo Veillon"", ""creato"": ""Egyptian-Swiss"", ""descri"": ""colored markers illustration of a scene of a bright blue wooden entryway to a small shed next to a larger house. Underneath the blue entryway, there is a boy in a blue striped galabeya sitting down on the ground. Next to the blue gate, there is a man in an orange striped galabeya, a black blazer, and round sunglasses standing barefoot. On the right of the illustration, there is a young girl, her hair in a braid, wearing a hat, sweater, and skirt, with socks and shoes, approaching the gate."", ""descra"": ""1932, Margo Veillon"", ""locati"": ""American University in Cairo, Egypt"", ""covera"": ""colour markers on paper"", ""artwor"": ""22.5 cm x 26 cm"", ""medium"": ""drawings (visual works)"", ""type"": ""pen and ink drawings"", ""format"": ""Impressionist (style)"", ""collec"": ""Margo Veillon Art Collection"", ""source"": ""American University in Cairo"", ""licens"": ""Copyright the American University in Cairo"", ""rights"": ""To inquire about rights and permissions, contact the Rare Books and Special Collections Library, The American University in Cairo at +20.2.2615.3676 or rbscl-ref@aucegypt.edu."", ""google-site-verification"": ""UA-49762962-1"", ""viewport"": ""width=device-width, initial-scale=1.0"", ""og:title"": ""Blue gate"", ""og:description"": ""colored markers illustration of a scene of a bright blue wooden entryway to a small shed next to a larger house. Underneath the blue entryway, there is a boy in a blue striped galabeya sitting down on the ground. Next to the blue gate, there is a man in an orange striped galabeya, a black blazer, and round sunglasses standing barefoot. On the right of the illustration, there is a young girl, her hair in a braid, wearing a hat, sweater, and skirt, with socks and shoes, approaching the gate."", ""og:image"": ""http://digitalcollections.aucegypt.edu/iiif/2/p15795coll40:147/full/730,/0/default.jpg"", ""og:url"": ""https://digitalcollections.aucegypt.edu/digital/collection/p15795coll40/id/147/"", ""og:type"": ""website""}"
148,Pumpkin cart,Margo Veillon,,Margo Veillon Art Collection,pencil on paper,pencil drawings,drawings (visual works),"Detailed pencil drawing of a broken carriage. Next to it, there is an open, black umbrella, standing on crumpled newspapers. Behind them, there is a street.","American University in Cairo, Egypt",https://digitalcollections.aucegypt.edu/digital/collection/p15795coll40/id/148/,"http://digitalcollections.aucegypt.edu/iiif/2/p15795coll40:148/full/730,/0/default.jpg",margo_data/images/0148.jpg,"{""title"": ""Pumpkin cart"", ""titlea"": ""عربة اليقطين"", ""titleb"": ""Chariot de citrouille"", ""creata"": ""Margo Veillon"", ""creato"": ""Egyptian-Swiss"", ""descri"": ""Detailed pencil drawing of a broken carriage. Next to it, there is an open, black umbrella, standing on crumpled newspapers. Behind them, there is a street."", ""descra"": ""1929, Margo Veillon"", ""locati"": ""American University in Cairo, Egypt"", ""covera"": ""pencil on paper"", ""artwor"": ""28.7 cm x 43.7 cm"", ""medium"": ""drawings (visual works)"", ""type"": ""pencil drawings"", ""format"": ""Surrealist"", ""collec"": ""Margo Veillon Art Collection"", ""source"": ""American University in Cairo"", ""licens"": ""Copyright the American University in Cairo"", ""rights"": ""To inquire about rights and permissions, contact the Rare Books and Special Collections Library, The American University in Cairo at +20.2.2615.3676 or rbscl-ref@aucegypt.edu."", ""google-site-verification"": ""UA-49762962-1"", ""viewport"": ""width=device-width, initial-scale=1.0"", ""og:title"": ""Pumpkin cart"", ""og:description"": ""Detailed pencil drawing of a broken carriage. Next to it, there is an open, black umbrella, standing on crumpled newspapers. Behind them, there is a street."", ""og:image"": ""http://digitalcollections.aucegypt.edu/iiif/2/p15795coll40:148/full/730,/0/default.jpg"", ""og:url"": ""https://digitalcollections.aucegypt.edu/digital/collection/p15795coll40/id/148/"", ""og:type"": ""website""}"
149,Movement forms,Margo Veillon,,Margo Veillon Art Collection,pencil on paper,pencil drawings,drawings (visual works),"A page full of sketched studies of cartoonish, almost stick-figured people's poses, all in some sort of motion, clearly done by observation. The figures are done in flat, abstract shapes, with no apparent uniformity or rhythm.","American University in Cairo, Egypt",https://digitalcollections.aucegypt.edu/digital/collection/p15795coll40/id/149/,"http://digitalcollections.aucegypt.edu/iiif/2/p15795coll40:149/full/730,/0/default.jpg",margo_data/images/0149.jpg,"{""title"": ""Movement forms"", ""titlea"": ""أشكال الحركة"", ""titleb"": ""Formes de mouvement"", ""creata"": ""Margo Veillon"", ""creato"": ""Egyptian-Swiss"", ""descri"": ""A page full of sketched studies of cartoonish, almost stick-figured people's poses, all in some sort of motion, clearly done by observation. The figures are done in flat, abstract shapes, with no apparent uniformity or rhythm."", ""descra"": ""1993, Margo Veillon"", ""locati"": ""American University in Cairo, Egypt"", ""covera"": ""pencil on paper"", ""artwor"": ""20 cm x 14 cm"", ""medium"": ""drawings (visual works)"", ""type"": ""pencil drawings"", ""format"": ""Abstract (modern European style)"", ""collec"": ""Margo Veillon Art Collection"", ""source"": ""American University in Cairo"", ""licens"": ""Copyright the American University in Cairo"", ""rights"": ""To inquire about rights and permissions, contact the Rare Books and Special Collections Library, The American University in Cairo at +20.2.2615.3676 or rbscl-ref@aucegypt.edu."", ""google-site-verification"": ""UA-49762962-1"", ""viewport"": ""width=device-width, initial-scale=1.0"", ""og:title"": ""Movement forms"", ""og:description"": ""A page full of sketched studies of cartoonish, almost stick-figured people's poses, all in some sort of motion, clearly done by observation. The figures are done in flat, abstract shapes, with no apparent uniformity or rhythm."", ""og:image"": ""http://digitalcollections.aucegypt.edu/iiif/2/p15795coll40:149/full/730,/0/default.jpg"", ""og:url"": ""https://digitalcollections.aucegypt.edu/digital/collection/p15795coll40/id/149/"", ""og:type"": ""website""}"
150,Woman with donkey,Margo Veillon,,Margo Veillon Art Collection,pencil on paper,pencil drawings,drawings (visual works),"Five stylized studies, from different angles, along the top and left side of the page, of a woman riding a squat donkey, holding a whip in her hand. Below the donkey-riding studies, there is a sketch of a nude woman lying on a bed, her left leg crossed over her right, with her left hand resting on h","American University in Cairo, Egypt",https://digitalcollections.aucegypt.edu/digital/collection/p15795coll40/id/150/,"http://digitalcollections.aucegypt.edu/iiif/2/p15795coll40:150/full/730,/0/default.jpg",margo_data/images/0150.jpg,"{""title"": ""Woman with donkey"", ""titlea"": ""المراءه و الحمار"", ""titleb"": ""Femme avec un âne"", ""creata"": ""Margo Veillon"", ""creato"": ""Egyptian-Swiss"", ""descri"": ""Five stylized studies, from different angles, along the top and left side of the page, of a woman riding a squat donkey, holding a whip in her hand. Below the donkey-riding studies, there is a sketch of a nude woman lying on a bed, her left leg crossed over her right, with her left hand resting on her abdomen, holding a cigarette. She is next to a window and has a pleasantly unfocused smile on her face."", ""locati"": ""American University in Cairo, Egypt"", ""covera"": ""pencil on paper"", ""artwor"": ""26.5 cm x 21.7 cm"", ""medium"": ""drawings (visual works)"", ""type"": ""pencil drawings"", ""format"": ""Expressionist (style)"", ""collec"": ""Margo Veillon Art Collection"", ""source"": ""American University in Cairo"", ""licens"": ""Copyright the American University in Cairo"", ""rights"": ""To inquire about rights and permissions, contact the Rare Books and Special Collections Library, The American University in Cairo at +20.2.2615.3676 or rbscl-ref@aucegypt.edu."", ""google-site-verification"": ""UA-49762962-1"", ""viewport"": ""width=device-width, initial-scale=1.0"", ""og:title"": ""Woman with donkey"", ""og:description"": ""Five stylized studies, from different angles, along the top and left side of the page, of a woman riding a squat donkey, holding a whip in her hand. Below the donkey-riding studies, there is a sketch of a nude woman lying on a bed, her left leg crossed over her right, with her left hand resting on her abdomen, holding a cigarette. She is next to a window and has a pleasantly unfocused smile on her face."", ""og:image"": ""http://digitalcollections.aucegypt.edu/iiif/2/p15795coll40:150/full/730,/0/default.jpg"", ""og:url"": ""https://digitalcollections.aucegypt.edu/digital/collection/p15795coll40/id/150/"", ""og:type"": ""website""}"
151,Dome of mosque,Margo Veillon,,Margo Veillon Art Collection,charcoal on paper,charcoal drawings,drawings (visual works),"charcoal drawing of a mosque, the dome in the back, clearly in the sunlight. In front of it there is an empty archway, with some smaller built structures - not done in detail, only silhouettes - in front of them. There is no background. The style is detailed, and slightly realistic, and the shading ","American University in Cairo, Egypt",https://digitalcollections.aucegypt.edu/digital/collection/p15795coll40/id/151/,"http://digitalcollections.aucegypt.edu/iiif/2/p15795coll40:151/full/730,/0/default.jpg",margo_data/images/0151.jpg,"{""title"": ""Dome of mosque"", ""titlea"": ""قبه المسجد"", ""titleb"": ""Le dôme de la mosquée"", ""creata"": ""Margo Veillon"", ""creato"": ""Egyptian-Swiss"", ""descri"": ""charcoal drawing of a mosque, the dome in the back, clearly in the sunlight. In front of it there is an empty archway, with some smaller built structures - not done in detail, only silhouettes - in front of them. There is no background. The style is detailed, and slightly realistic, and the shading is done by cross-hatching."", ""locati"": ""American University in Cairo, Egypt"", ""covera"": ""charcoal on paper"", ""artwor"": ""37.2 cm x 24 cm"", ""medium"": ""drawings (visual works)"", ""type"": ""charcoal drawings"", ""format"": ""Impressionist (style)"", ""collec"": ""Margo Veillon Art Collection"", ""source"": ""American University in Cairo"", ""licens"": ""Copyright the American University in Cairo"", ""rights"": ""To inquire about rights and permissions, contact the Rare Books and Special Collections Library, The American University in Cairo at +20.2.2615.3676 or rbscl-ref@aucegypt.edu."", ""google-site-verification"": ""UA-49762962-1"", ""viewport"": ""width=device-width, initial-scale=1.0"", ""og:title"": ""Dome of mosque"", ""og:description"": ""charcoal drawing of a mosque, the dome in the back, clearly in the sunlight. In front of it there is an empty archway, with some smaller built structures - not done in detail, only silhouettes - in front of them. There is no background. The style is detailed, and slightly realistic, and the shading is done by cross-hatching."", ""og:image"": ""http://digitalcollections.aucegypt.edu/iiif/2/p15795coll40:151/full/730,/0/default.jpg"", ""og:url"": ""https://digitalcollections.aucegypt.edu/digital/collection/p15795coll40/id/151/"", ""og:type"": ""website""}"
152,Margo's mother working,Margo Veillon,,Margo Veillon Art Collection,ink on paper,pen and ink drawings,drawings (visual works),"Portrait of Margo's mother done in black ballpoint pen using a rough cross-hatching technique. Margo's mother, an elderly lady, is sitting at a table, looking at a drawing. Her hands are in the air, in motion. She is wearing round glasses and has an appraising look on her face. She is wearing a long","American University in Cairo, Egypt",https://digitalcollections.aucegypt.edu/digital/collection/p15795coll40/id/152/,"http://digitalcollections.aucegypt.edu/iiif/2/p15795coll40:152/full/730,/0/default.jpg",margo_data/images/0152.jpg,"{""title"": ""Margo's mother working"", ""titlea"": ""والدة مارجو تعمل"", ""titleb"": ""La mère de Margo travaille"", ""creata"": ""Margo Veillon"", ""creato"": ""Egyptian-Swiss"", ""descri"": ""Portrait of Margo's mother done in black ballpoint pen using a rough cross-hatching technique. Margo's mother, an elderly lady, is sitting at a table, looking at a drawing. Her hands are in the air, in motion. She is wearing round glasses and has an appraising look on her face. She is wearing a long-sleeved shirt and her hair is tied in a bun."", ""descra"": ""1942, Margo Veillon"", ""locati"": ""American University in Cairo, Egypt"", ""covera"": ""ink on paper"", ""artwor"": ""18.5 cm x 18 cm"", ""medium"": ""drawings (visual works)"", ""type"": ""pen and ink drawings"", ""format"": ""Impressionist (style)"", ""collec"": ""Margo Veillon Art Collection"", ""source"": ""American University in Cairo"", ""licens"": ""Copyright the American University in Cairo"", ""rights"": ""To inquire about rights and permissions, contact the Rare Books and Special Collections Library, The American University in Cairo at +20.2.2615.3676 or rbscl-ref@aucegypt.edu."", ""google-site-verification"": ""UA-49762962-1"", ""viewport"": ""width=device-width, initial-scale=1.0"", ""og:title"": ""Margo's mother working"", ""og:description"": ""Portrait of Margo's mother done in black ballpoint pen using a rough cross-hatching technique. Margo's mother, an elderly lady, is sitting at a table, looking at a drawing. Her hands are in the air, in motion. She is wearing round glasses and has an appraising look on her face. She is wearing a long-sleeved shirt and her hair is tied in a bun."", ""og:image"": ""http://digitalcollections.aucegypt.edu/iiif/2/p15795coll40:152/full/730,/0/default.jpg"", ""og:url"": ""https://digitalcollections.aucegypt.edu/digital/collection/p15795coll40/id/152/"", ""og:type"": ""website""}"
153,Insect,Margo Veillon,,Margo Veillon Art Collection,pencil on paper,pencil drawings,drawings (visual works),"Some rough but detailed pencil studies of some insects, including mosquitoes, earwigs, beetles, and crickets.","American University in Cairo, Egypt",https://digitalcollections.aucegypt.edu/digital/collection/p15795coll40/id/153/,"http://digitalcollections.aucegypt.edu/iiif/2/p15795coll40:153/full/730,/0/default.jpg",margo_data/images/0153.jpg,"{""title"": ""Insect"", ""titlea"": ""الحشرة"", ""titleb"": ""l'insecte"", ""creata"": ""Margo Veillon"", ""creato"": ""Egyptian-Swiss"", ""descri"": ""Some rough but detailed pencil studies of some insects, including mosquitoes, earwigs, beetles, and crickets."", ""descra"": ""1931, Margo Veillon"", ""locati"": ""American University in Cairo, Egypt"", ""covera"": ""pencil on paper"", ""artwor"": ""23.3 cm x 24.7 cm"", ""medium"": ""drawings (visual works)"", ""type"": ""pencil drawings"", ""format"": ""Impressionist (style)"", ""collec"": ""Margo Veillon Art Collection"", ""source"": ""American University in Cairo"", ""licens"": ""Copyright the American University in Cairo"", ""rights"": ""To inquire about rights and permissions, contact the Rare Books and Special Collections Library, The American University in Cairo at +20.2.2615.3676 or rbscl-ref@aucegypt.edu."", ""google-site-verification"": ""UA-49762962-1"", ""viewport"": ""width=device-width, initial-scale=1.0"", ""og:title"": ""Insect"", ""og:description"": ""Some rough but detailed pencil studies of some insects, including mosquitoes, earwigs, beetles, and crickets."", ""og:image"": ""http://digitalcollections.aucegypt.edu/iiif/2/p15795coll40:153/full/730,/0/default.jpg"", ""og:url"": ""https://digitalcollections.aucegypt.edu/digital/collection/p15795coll40/id/153/"", ""og:type"": ""website""}"
154,Polish cavalry,Margo Veillon,,Margo Veillon Art Collection,ink on paper,pen and ink drawings,drawings (visual works),"ink illustration of a scene of a horde of soldiers riding white horses, running from the left of the illustration to the right. Many of the soldiers are holding bayonets, but some others are just holding the reins of their horses. The scene is crowded and narrative in nature.","American University in Cairo, Egypt",https://digitalcollections.aucegypt.edu/digital/collection/p15795coll40/id/154/,"http://digitalcollections.aucegypt.edu/iiif/2/p15795coll40:154/full/730,/0/default.jpg",margo_data/images/0154.jpg,"{""title"": ""Polish cavalry"", ""titlea"": ""الفرسان البولنديه"", ""titleb"": ""Cavalerie polonaise"", ""creata"": ""Margo Veillon"", ""creato"": ""Egyptian-Swiss"", ""descri"": ""ink illustration of a scene of a horde of soldiers riding white horses, running from the left of the illustration to the right. Many of the soldiers are holding bayonets, but some others are just holding the reins of their horses. The scene is crowded and narrative in nature."", ""descra"": ""à après photo illustrated London news, août 26 - 329, Cavalerie polonaise"", ""locati"": ""American University in Cairo, Egypt"", ""covera"": ""ink on paper"", ""artwor"": ""24.1 cm x 13.7 cm"", ""medium"": ""drawings (visual works)"", ""type"": ""pen and ink drawings"", ""format"": ""Impressionist (style)"", ""collec"": ""Margo Veillon Art Collection"", ""source"": ""American University in Cairo"", ""licens"": ""Copyright the American University in Cairo"", ""rights"": ""To inquire about rights and permissions, contact the Rare Books and Special Collections Library, The American University in Cairo at +20.2.2615.3676 or rbscl-ref@aucegypt.edu."", ""google-site-verification"": ""UA-49762962-1"", ""viewport"": ""width=device-width, initial-scale=1.0"", ""og:title"": ""Polish cavalry"", ""og:description"": ""ink illustration of a scene of a horde of soldiers riding white horses, running from the left of the illustration to the right. Many of the soldiers are holding bayonets, but some others are just holding the reins of their horses. The scene is crowded and narrative in nature."", ""og:image"": ""http://digitalcollections.aucegypt.edu/iiif/2/p15795coll40:154/full/730,/0/default.jpg"", ""og:url"": ""https://digitalcollections.aucegypt.edu/digital/collection/p15795coll40/id/154/"", ""og:type"": ""website""}"
155,Cluttered bathroom,Margo Veillon,,Margo Veillon Art Collection,pencil on paper,pencil drawings,drawings (visual works),"A detailed pencil drawing of a very cluttered and disorganized bathroom, in very illustrative, cartoonish detail. There are several objects on the table in the foreground, such as a hat and a vase of flowers, and in the background one can see the shower curtain drawn back, and the shower nozzle hang","American University in Cairo, Egypt",https://digitalcollections.aucegypt.edu/digital/collection/p15795coll40/id/155/,"http://digitalcollections.aucegypt.edu/iiif/2/p15795coll40:155/full/730,/0/default.jpg",margo_data/images/0155.jpg,"{""title"": ""Cluttered bathroom"", ""titlea"": ""حمام مزدحم"", ""titleb"": ""Salle de bain encombrée"", ""creata"": ""Margo Veillon"", ""creato"": ""Egyptian-Swiss"", ""descri"": ""A detailed pencil drawing of a very cluttered and disorganized bathroom, in very illustrative, cartoonish detail. There are several objects on the table in the foreground, such as a hat and a vase of flowers, and in the background one can see the shower curtain drawn back, and the shower nozzle hanging down, next to the sink and cabinets."", ""descra"": ""Margo Veillon, 1929"", ""locati"": ""American University in Cairo, Egypt"", ""covera"": ""pencil on paper"", ""artwor"": ""17.7 cm x 13.5 cm"", ""medium"": ""drawings (visual works)"", ""type"": ""pencil drawings"", ""format"": ""Symbolist"", ""collec"": ""Margo Veillon Art Collection"", ""source"": ""American University in Cairo"", ""licens"": ""Copyright the American University in Cairo"", ""rights"": ""To inquire about rights and permissions, contact the Rare Books and Special Collections Library, The American University in Cairo at +20.2.2615.3676 or rbscl-ref@aucegypt.edu."", ""google-site-verification"": ""UA-49762962-1"", ""viewport"": ""width=device-width, initial-scale=1.0"", ""og:title"": ""Cluttered bathroom"", ""og:description"": ""A detailed pencil drawing of a very cluttered and disorganized bathroom, in very illustrative, cartoonish detail. There are several objects on the table in the foreground, such as a hat and a vase of flowers, and in the background one can see the shower curtain drawn back, and the shower nozzle hanging down, next to the sink and cabinets."", ""og:image"": ""http://digitalcollections.aucegypt.edu/iiif/2/p15795coll40:155/full/730,/0/default.jpg"", ""og:url"": ""https://digitalcollections.aucegypt.edu/digital/collection/p15795coll40/id/155/"", ""og:type"": ""website""}"
156,Camel,Margo Veillon,,Margo Veillon Art Collection,pastels on paper,pastels (visual works),drawings (visual works),"Rough charcoal illustration of a man in a blue robe with an orange and black striped cloak, leading a very simply drawn camel behind him. In front of the camel, there is another simply drawn man standing with his hands on his hips. They are all facing the viewer.","American University in Cairo, Egypt",https://digitalcollections.aucegypt.edu/digital/collection/p15795coll40/id/156/,"http://digitalcollections.aucegypt.edu/iiif/2/p15795coll40:156/full/730,/0/default.jpg",margo_data/images/0156.jpg,"{""title"": ""Camel"", ""titlea"": ""الجمل"", ""titleb"": ""Chameau"", ""creata"": ""Margo Veillon"", ""creato"": ""Egyptian-Swiss"", ""descri"": ""Rough charcoal illustration of a man in a blue robe with an orange and black striped cloak, leading a very simply drawn camel behind him. In front of the camel, there is another simply drawn man standing with his hands on his hips. They are all facing the viewer."", ""descra"": ""1924, M.Veillon"", ""locati"": ""American University in Cairo, Egypt"", ""covera"": ""pastels on paper"", ""artwor"": ""19.3 cm x 25.7 cm"", ""medium"": ""drawings (visual works)"", ""type"": ""pastels (visual works)"", ""format"": ""Expressionist (style)"", ""collec"": ""Margo Veillon Art Collection"", ""source"": ""American University in Cairo"", ""licens"": ""Copyright the American University in Cairo"", ""rights"": ""To inquire about rights and permissions, contact the Rare Books and Special Collections Library, The American University in Cairo at +20.2.2615.3676 or rbscl-ref@aucegypt.edu."", ""google-site-verification"": ""UA-49762962-1"", ""viewport"": ""width=device-width, initial-scale=1.0"", ""og:title"": ""Camel"", ""og:description"": ""Rough charcoal illustration of a man in a blue robe with an orange and black striped cloak, leading a very simply drawn camel behind him. In front of the camel, there is another simply drawn man standing with his hands on his hips. They are all facing the viewer."", ""og:image"": ""http://digitalcollections.aucegypt.edu/iiif/2/p15795coll40:156/full/730,/0/default.jpg"", ""og:url"": ""https://digitalcollections.aucegypt.edu/digital/collection/p15795coll40/id/156/"", ""og:type"": ""website""}"
157,Elkahwa,Margo Veillon,,Margo Veillon Art Collection,pencil on paper,pencil drawings,drawings (visual works),"Rough colored pencil sketch of an Egyptian coffee shop. There are two women in black or blue abayas serving customers, who are all seated on chairs along the wall. A man in a blue galabeya is pouring a drink from the large jug he carries on his back. The scene is very roughly hatched and colored.","American University in Cairo, Egypt",https://digitalcollections.aucegypt.edu/digital/collection/p15795coll40/id/157/,"http://digitalcollections.aucegypt.edu/iiif/2/p15795coll40:157/full/730,/0/default.jpg",margo_data/images/0157.jpg,"{""title"": ""Elkahwa"", ""titlea"": ""القهوه"", ""titleb"": ""Elkahwa"", ""creata"": ""Margo Veillon"", ""creato"": ""Egyptian-Swiss"", ""descri"": ""Rough colored pencil sketch of an Egyptian coffee shop. There are two women in black or blue abayas serving customers, who are all seated on chairs along the wall. A man in a blue galabeya is pouring a drink from the large jug he carries on his back. The scene is very roughly hatched and colored."", ""descra"": ""1922, Margo Veillon"", ""locati"": ""American University in Cairo, Egypt"", ""covera"": ""pencil on paper"", ""artwor"": ""20.4 cm x 23.4 cm"", ""medium"": ""drawings (visual works)"", ""type"": ""pencil drawings"", ""format"": ""Impressionist (style)"", ""collec"": ""Margo Veillon Art Collection"", ""source"": ""American University in Cairo"", ""licens"": ""Copyright the American University in Cairo"", ""rights"": ""To inquire about rights and permissions, contact the Rare Books and Special Collections Library, The American University in Cairo at +20.2.2615.3676 or rbscl-ref@aucegypt.edu."", ""google-site-verification"": ""UA-49762962-1"", ""viewport"": ""width=device-width, initial-scale=1.0"", ""og:title"": ""Elkahwa"", ""og:description"": ""Rough colored pencil sketch of an Egyptian coffee shop. There are two women in black or blue abayas serving customers, who are all seated on chairs along the wall. A man in a blue galabeya is pouring a drink from the large jug he carries on his back. The scene is very roughly hatched and colored."", ""og:image"": ""http://digitalcollections.aucegypt.edu/iiif/2/p15795coll40:157/full/730,/0/default.jpg"", ""og:url"": ""https://digitalcollections.aucegypt.edu/digital/collection/p15795coll40/id/157/"", ""og:type"": ""website""}"
158,Castle district,Margo Veillon,,Margo Veillon Art Collection,charcoal on paper,charcoal drawings,drawings (visual works),"Blended charcoal and pencil sketch of castle district. Cubicle roofs are shaded in dark charcoal, neighboring a minaret that reaches the top of the sketch. The cubes in the distance are much lighter, and the farthest background on the sketch is the citadel of Saladin, recognisable from its walls and","American University in Cairo, Egypt",https://digitalcollections.aucegypt.edu/digital/collection/p15795coll40/id/158/,"http://digitalcollections.aucegypt.edu/iiif/2/p15795coll40:158/full/730,/0/default.jpg",margo_data/images/0158.jpg,"{""title"": ""Castle district"", ""titlea"": ""حي القلعه"", ""titleb"": ""Quartier du château"", ""creata"": ""Margo Veillon"", ""creato"": ""Egyptian-Swiss"", ""descri"": ""Blended charcoal and pencil sketch of castle district. Cubicle roofs are shaded in dark charcoal, neighboring a minaret that reaches the top of the sketch. The cubes in the distance are much lighter, and the farthest background on the sketch is the citadel of Saladin, recognisable from its walls and dome, though it is outline is just barely visible."", ""descra"": ""1925, Margo Veillon"", ""locati"": ""American University in Cairo, Egypt"", ""covera"": ""charcoal on paper"", ""artwor"": ""26 cm x 39.1 cm"", ""medium"": ""drawings (visual works)"", ""type"": ""charcoal drawings"", ""format"": ""Impressionist (style)"", ""collec"": ""Margo Veillon Art Collection"", ""source"": ""American University in Cairo"", ""licens"": ""Copyright the American University in Cairo"", ""rights"": ""To inquire about rights and permissions, contact the Rare Books and Special Collections Library, The American University in Cairo at +20.2.2615.3676 or rbscl-ref@aucegypt.edu."", ""google-site-verification"": ""UA-49762962-1"", ""viewport"": ""width=device-width, initial-scale=1.0"", ""og:title"": ""Castle district"", ""og:description"": ""Blended charcoal and pencil sketch of castle district. Cubicle roofs are shaded in dark charcoal, neighboring a minaret that reaches the top of the sketch. The cubes in the distance are much lighter, and the farthest background on the sketch is the citadel of Saladin, recognisable from its walls and dome, though it is outline is just barely visible."", ""og:image"": ""http://digitalcollections.aucegypt.edu/iiif/2/p15795coll40:158/full/730,/0/default.jpg"", ""og:url"": ""https://digitalcollections.aucegypt.edu/digital/collection/p15795coll40/id/158/"", ""og:type"": ""website""}"
159,Palm trees,Margo Veillon,,Margo Veillon Art Collection,acrylic on cardboard,acrylic paintings (visual works),paintings (visual works),"Acrylic painting of three palm trees in an agricultural field. The trees have dark brown trunks and various shades of long green leaves that arch towards the ground in all direction. The leaves are olive green, teal, moss green, dark green, and emerald green. The earth beyond the trees is dirt color","American University in Cairo, Egypt",https://digitalcollections.aucegypt.edu/digital/collection/p15795coll40/id/159/,"http://digitalcollections.aucegypt.edu/iiif/2/p15795coll40:159/full/730,/0/default.jpg",margo_data/images/0159.jpg,"{""title"": ""Palm trees"", ""titlea"": ""أشجار النخيل"", ""titleb"": ""Les palmiers"", ""creata"": ""Margo Veillon"", ""creato"": ""Egyptian-Swiss"", ""descri"": ""Acrylic painting of three palm trees in an agricultural field. The trees have dark brown trunks and various shades of long green leaves that arch towards the ground in all direction. The leaves are olive green, teal, moss green, dark green, and emerald green. The earth beyond the trees is dirt colored, and a green field in the distance on the right is bright green. There is a man standing in that faraway field. Yellow paint strokes cover the foreground in front of the trees and as a border between the different fields."", ""descra"": ""1942, Margo Veillon"", ""locati"": ""American University in Cairo, Egypt"", ""covera"": ""acrylic on cardboard"", ""artwor"": ""21.7 cm x 26.7 cm"", ""medium"": ""paintings (visual works)"", ""type"": ""acrylic paintings (visual works)"", ""format"": ""Impressionist (style)"", ""collec"": ""Margo Veillon Art Collection"", ""source"": ""American University in Cairo"", ""licens"": ""Copyright the American University in Cairo"", ""rights"": ""To inquire about rights and permissions, contact the Rare Books and Special Collections Library, The American University in Cairo at +20.2.2615.3676 or rbscl-ref@aucegypt.edu."", ""google-site-verification"": ""UA-49762962-1"", ""viewport"": ""width=device-width, initial-scale=1.0"", ""og:title"": ""Palm trees"", ""og:description"": ""Acrylic painting of three palm trees in an agricultural field. The trees have dark brown trunks and various shades of long green leaves that arch towards the ground in all direction. The leaves are olive green, teal, moss green, dark green, and emerald green. The earth beyond the trees is dirt colored, and a green field in the distance on the right is bright green. There is a man standing in that faraway field. Yellow paint strokes cover the foreground in front of the trees and as a border between the different fields."", ""og:image"": ""http://digitalcollections.aucegypt.edu/iiif/2/p15795coll40:159/full/730,/0/default.jpg"", ""og:url"": ""https://digitalcollections.aucegypt.edu/digital/collection/p15795coll40/id/159/"", ""og:type"": ""website""}"
160,Black man,Margo Veillon,,Margo Veillon Art Collection,oil on canvas,oil paintings (visual works),paintings (visual works),"Oil portrait of a man of African descent directly facing the viewer. His skin is very dark in color, and he is sleeping. His cheek bones are very pronounced and he is bald. He is frowning. He is lying on a white-beige background over a brown table.","American University in Cairo, Egypt",https://digitalcollections.aucegypt.edu/digital/collection/p15795coll40/id/160/,"http://digitalcollections.aucegypt.edu/iiif/2/p15795coll40:160/full/730,/0/default.jpg",margo_data/images/0160.jpg,"{""title"": ""Black man"", ""titlea"": ""الرجل الاسود"", ""titleb"": ""Homme noir"", ""creata"": ""Margo Veillon"", ""creato"": ""Egyptian-Swiss"", ""descri"": ""Oil portrait of a man of African descent directly facing the viewer. His skin is very dark in color, and he is sleeping. His cheek bones are very pronounced and he is bald. He is frowning. He is lying on a white-beige background over a brown table."", ""locati"": ""American University in Cairo, Egypt"", ""covera"": ""oil on canvas"", ""artwor"": ""64 cm x 34.5 cm"", ""medium"": ""paintings (visual works)"", ""type"": ""oil paintings (visual works)"", ""format"": ""Expressionist (style)"", ""collec"": ""Margo Veillon Art Collection"", ""source"": ""American University in Cairo"", ""licens"": ""Copyright the American University in Cairo"", ""rights"": ""To inquire about rights and permissions, contact the Rare Books and Special Collections Library, The American University in Cairo at +20.2.2615.3676 or rbscl-ref@aucegypt.edu."", ""google-site-verification"": ""UA-49762962-1"", ""viewport"": ""width=device-width, initial-scale=1.0"", ""og:title"": ""Black man"", ""og:description"": ""Oil portrait of a man of African descent directly facing the viewer. His skin is very dark in color, and he is sleeping. His cheek bones are very pronounced and he is bald. He is frowning. He is lying on a white-beige background over a brown table."", ""og:image"": ""http://digitalcollections.aucegypt.edu/iiif/2/p15795coll40:160/full/730,/0/default.jpg"", ""og:url"": ""https://digitalcollections.aucegypt.edu/digital/collection/p15795coll40/id/160/"", ""og:type"": ""website""}"
161,Farmers,Margo Veillon,,Margo Veillon Art Collection,pastels on paper,pastels (visual works),mixed media works,"Rough pencil sketch of a scene of three black silhouettes of men crouching in a field, using crudely rendered farm tools to work on the earth. They are surrounded by green and yellow reeds, rendered in lines.","American University in Cairo, Egypt",https://digitalcollections.aucegypt.edu/digital/collection/p15795coll40/id/161/,"http://digitalcollections.aucegypt.edu/iiif/2/p15795coll40:161/full/730,/0/default.jpg",margo_data/images/0161.jpg,"{""title"": ""Farmers"", ""titlea"": ""المزارعين"", ""titleb"": ""Les agriculteurs"", ""creata"": ""Margo Veillon"", ""creato"": ""Egyptian-Swiss"", ""descri"": ""Rough pencil sketch of a scene of three black silhouettes of men crouching in a field, using crudely rendered farm tools to work on the earth. They are surrounded by green and yellow reeds, rendered in lines."", ""descra"": ""1970, Margo.Veillon"", ""locati"": ""American University in Cairo, Egypt"", ""covera"": ""pastels on paper"", ""artwor"": ""37 cm x 60 .8 cm"", ""medium"": ""mixed media works"", ""type"": ""pastels (visual works)"", ""format"": ""Impressionist (style)"", ""collec"": ""Margo Veillon Art Collection"", ""source"": ""American University in Cairo"", ""licens"": ""Copyright the American University in Cairo"", ""rights"": ""To inquire about rights and permissions, contact the Rare Books and Special Collections Library, The American University in Cairo at +20.2.2615.3676 or rbscl-ref@aucegypt.edu."", ""google-site-verification"": ""UA-49762962-1"", ""viewport"": ""width=device-width, initial-scale=1.0"", ""og:title"": ""Farmers"", ""og:description"": ""Rough pencil sketch of a scene of three black silhouettes of men crouching in a field, using crudely rendered farm tools to work on the earth. They are surrounded by green and yellow reeds, rendered in lines."", ""og:image"": ""http://digitalcollections.aucegypt.edu/iiif/2/p15795coll40:161/full/730,/0/default.jpg"", ""og:url"": ""https://digitalcollections.aucegypt.edu/digital/collection/p15795coll40/id/161/"", ""og:type"": ""website""}"
162,Girl,Margo Veillon,,Margo Veillon Art Collection,pastels on wood,pastels (visual works),paintings (visual works),"Oil pastels painting portrait of a woman looking to her left. It is done in shades of light pink and red. She has a long, large nose, small eyes, and is smiling. Some of her dark hair is visible beneath her pink headscarf. There is a dark shadow of her profile behind her, and the background is gray.","American University in Cairo, Egypt",https://digitalcollections.aucegypt.edu/digital/collection/p15795coll40/id/162/,"http://digitalcollections.aucegypt.edu/iiif/2/p15795coll40:162/full/730,/0/default.jpg",margo_data/images/0162.jpg,"{""title"": ""Girl"", ""titlea"": ""البنت"", ""titleb"": ""Une fille"", ""creata"": ""Margo Veillon"", ""creato"": ""Egyptian-Swiss"", ""descri"": ""Oil pastels painting portrait of a woman looking to her left. It is done in shades of light pink and red. She has a long, large nose, small eyes, and is smiling. Some of her dark hair is visible beneath her pink headscarf. There is a dark shadow of her profile behind her, and the background is gray."", ""locati"": ""American University in Cairo, Egypt"", ""covera"": ""pastels on wood"", ""artwor"": ""23.7 cm x 31 cm"", ""medium"": ""paintings (visual works)"", ""type"": ""pastels (visual works)"", ""format"": ""Expressionist (style)"", ""collec"": ""Margo Veillon Art Collection"", ""source"": ""American University in Cairo"", ""licens"": ""Copyright the American University in Cairo"", ""rights"": ""To inquire about rights and permissions, contact the Rare Books and Special Collections Library, The American University in Cairo at +20.2.2615.3676 or rbscl-ref@aucegypt.edu."", ""google-site-verification"": ""UA-49762962-1"", ""viewport"": ""width=device-width, initial-scale=1.0"", ""og:title"": ""Girl"", ""og:description"": ""Oil pastels painting portrait of a woman looking to her left. It is done in shades of light pink and red. She has a long, large nose, small eyes, and is smiling. Some of her dark hair is visible beneath her pink headscarf. There is a dark shadow of her profile behind her, and the background is gray."", ""og:image"": ""http://digitalcollections.aucegypt.edu/iiif/2/p15795coll40:162/full/730,/0/default.jpg"", ""og:url"": ""https://digitalcollections.aucegypt.edu/digital/collection/p15795coll40/id/162/"", ""og:type"": ""website""}"
163,Farmland,Margo Veillon,,Margo Veillon Art Collection,acrylic on wood,acrylic paintings (visual works),paintings (visual works),"Impressionist acrylic painting of a scene of Egyptian farmers. On the left, there is a man in a bluish-gray galabeya and head wrap with his back to the viewer, leaning his right arm on his hip, looking at the other farmer. The other farmer is in a white galabeya, driving a black ox. There is golden ","American University in Cairo, Egypt",https://digitalcollections.aucegypt.edu/digital/collection/p15795coll40/id/163/,"http://digitalcollections.aucegypt.edu/iiif/2/p15795coll40:163/full/730,/0/default.jpg",margo_data/images/0163.jpg,"{""title"": ""Farmland"", ""titlea"": ""الأرض الزراعية"", ""titleb"": ""Les terres agricoles"", ""creata"": ""Margo Veillon"", ""creato"": ""Egyptian-Swiss"", ""descri"": ""Impressionist acrylic painting of a scene of Egyptian farmers. On the left, there is a man in a bluish-gray galabeya and head wrap with his back to the viewer, leaning his right arm on his hip, looking at the other farmer. The other farmer is in a white galabeya, driving a black ox. There is golden vegetation, probably wheat, all around them, with a small tree on the right, above a very grayish-blue sky."", ""descra"": ""1942, Margo Veillon"", ""locati"": ""American University in Cairo, Egypt"", ""covera"": ""acrylic on wood"", ""artwor"": ""23.4 cm x 32.5 cm"", ""medium"": ""paintings (visual works)"", ""type"": ""acrylic paintings (visual works)"", ""format"": ""Impressionist (style)"", ""collec"": ""Margo Veillon Art Collection"", ""source"": ""American University in Cairo"", ""licens"": ""Copyright the American University in Cairo"", ""rights"": ""To inquire about rights and permissions, contact the Rare Books and Special Collections Library, The American University in Cairo at +20.2.2615.3676 or rbscl-ref@aucegypt.edu."", ""google-site-verification"": ""UA-49762962-1"", ""viewport"": ""width=device-width, initial-scale=1.0"", ""og:title"": ""Farmland"", ""og:description"": ""Impressionist acrylic painting of a scene of Egyptian farmers. On the left, there is a man in a bluish-gray galabeya and head wrap with his back to the viewer, leaning his right arm on his hip, looking at the other farmer. The other farmer is in a white galabeya, driving a black ox. There is golden vegetation, probably wheat, all around them, with a small tree on the right, above a very grayish-blue sky."", ""og:image"": ""http://digitalcollections.aucegypt.edu/iiif/2/p15795coll40:163/full/730,/0/default.jpg"", ""og:url"": ""https://digitalcollections.aucegypt.edu/digital/collection/p15795coll40/id/163/"", ""og:type"": ""website""}"
164,Blue,Margo Veillon,,Margo Veillon Art Collection,acrylic on cardboard,acrylic paintings (visual works),paintings (visual works),"acrylic painting of a small boat on a body of water. Its hull is painted in white, and its mast and other fixtures are painted in orange and yellow. A stretch of land is visible behind the boat, and behind it there is more water, with a very small white boat. There are some very crudely rendered sil","American University in Cairo, Egypt",https://digitalcollections.aucegypt.edu/digital/collection/p15795coll40/id/164/,"http://digitalcollections.aucegypt.edu/iiif/2/p15795coll40:164/full/730,/0/default.jpg",margo_data/images/0164.jpg,"{""title"": ""Blue"", ""titlea"": ""أزرق"", ""titleb"": ""Bleu"", ""creata"": ""Margo Veillon"", ""creato"": ""Egyptian-Swiss"", ""descri"": ""acrylic painting of a small boat on a body of water. Its hull is painted in white, and its mast and other fixtures are painted in orange and yellow. A stretch of land is visible behind the boat, and behind it there is more water, with a very small white boat. There are some very crudely rendered silhouettes of people on the shores. The colors are very thick, almost impasto style."", ""descra"": ""Margo Veillon"", ""locati"": ""American University in Cairo, Egypt"", ""covera"": ""acrylic on cardboard"", ""artwor"": ""14.7 cm x 20 cm"", ""medium"": ""paintings (visual works)"", ""type"": ""acrylic paintings (visual works)"", ""format"": ""Impressionist (style)"", ""collec"": ""Margo Veillon Art Collection"", ""source"": ""American University in Cairo"", ""licens"": ""Copyright the American University in Cairo"", ""rights"": ""To inquire about rights and permissions, contact the Rare Books and Special Collections Library, The American University in Cairo at +20.2.2615.3676 or rbscl-ref@aucegypt.edu."", ""google-site-verification"": ""UA-49762962-1"", ""viewport"": ""width=device-width, initial-scale=1.0"", ""og:title"": ""Blue"", ""og:description"": ""acrylic painting of a small boat on a body of water. Its hull is painted in white, and its mast and other fixtures are painted in orange and yellow. A stretch of land is visible behind the boat, and behind it there is more water, with a very small white boat. There are some very crudely rendered silhouettes of people on the shores. The colors are very thick, almost impasto style."", ""og:image"": ""http://digitalcollections.aucegypt.edu/iiif/2/p15795coll40:164/full/730,/0/default.jpg"", ""og:url"": ""https://digitalcollections.aucegypt.edu/digital/collection/p15795coll40/id/164/"", ""og:type"": ""website""}"
165,Boats,Margo Veillon,,Margo Veillon Art Collection,acrylic on wood,acrylic paintings (visual works),paintings (visual works),"Acrylic painting of four sailboats on the edge of a river. The painting is quick and not detailed, brushstrokes are all visible. Three of the boats are decked with light-colored pine wood. The last boat on the left is dark brown. The hulls are all dark brown. A ramp from the last boat connects it to","American University in Cairo, Egypt",https://digitalcollections.aucegypt.edu/digital/collection/p15795coll40/id/165/,"http://digitalcollections.aucegypt.edu/iiif/2/p15795coll40:165/full/730,/0/default.jpg",margo_data/images/0165.jpg,"{""title"": ""Boats"", ""titlea"": ""القوارب"", ""titleb"": ""Bateaux"", ""creata"": ""Margo Veillon"", ""creato"": ""Egyptian-Swiss"", ""descri"": ""Acrylic painting of four sailboats on the edge of a river. The painting is quick and not detailed, brushstrokes are all visible. Three of the boats are decked with light-colored pine wood. The last boat on the left is dark brown. The hulls are all dark brown. A ramp from the last boat connects it to the ground, there seems to be a person holding this ramp from the edge of the boat. All the boats have tall masts that extend off the borders of the painting. The water the boats are in is blue, and the sky is a lighter shade of blue. Land of a rusty color can be spotted in the distance"", ""descra"": ""1938, Margo Veillon"", ""locati"": ""American University in Cairo, Egypt"", ""covera"": ""acrylic on wood"", ""artwor"": ""30 cm x 39.7 cm"", ""medium"": ""paintings (visual works)"", ""type"": ""acrylic paintings (visual works)"", ""format"": ""Impressionist (style)"", ""collec"": ""Margo Veillon Art Collection"", ""source"": ""American University in Cairo"", ""licens"": ""Copyright the American University in Cairo"", ""rights"": ""To inquire about rights and permissions, contact the Rare Books and Special Collections Library, The American University in Cairo at +20.2.2615.3676 or rbscl-ref@aucegypt.edu."", ""google-site-verification"": ""UA-49762962-1"", ""viewport"": ""width=device-width, initial-scale=1.0"", ""og:title"": ""Boats"", ""og:description"": ""Acrylic painting of four sailboats on the edge of a river. The painting is quick and not detailed, brushstrokes are all visible. Three of the boats are decked with light-colored pine wood. The last boat on the left is dark brown. The hulls are all dark brown. A ramp from the last boat connects it to the ground, there seems to be a person holding this ramp from the edge of the boat. All the boats have tall masts that extend off the borders of the painting. The water the boats are in is blue, and the sky is a lighter shade of blue. Land of a rusty color can be spotted in the distance"", ""og:image"": ""http://digitalcollections.aucegypt.edu/iiif/2/p15795coll40:165/full/730,/0/default.jpg"", ""og:url"": ""https://digitalcollections.aucegypt.edu/digital/collection/p15795coll40/id/165/"", ""og:type"": ""website""}"
166,Harry in white,Margo Veillon,,Margo Veillon Art Collection,acrylic and oil on cardboard,acrylic paintings (visual works),paintings (visual works),What seems to be an unfinished acrylic painting of Harry. only his face and part of his neck are painted. He has a round face and strict features. His eyebrows are curved downwards as they reach the center. His eyes are small and his nose is long with a rounded tip. His lips are arched in a frown. H,"American University in Cairo, Egypt",https://digitalcollections.aucegypt.edu/digital/collection/p15795coll40/id/166/,"http://digitalcollections.aucegypt.edu/iiif/2/p15795coll40:166/full/730,/0/default.jpg",margo_data/images/0166.jpg,"{""title"": ""Harry in white"", ""titlea"": ""هاري بالابيض"", ""titleb"": ""Harry en blanc"", ""creata"": ""Margo Veillon"", ""creato"": ""Egyptian-Swiss"", ""descri"": ""What seems to be an unfinished acrylic painting of Harry. only his face and part of his neck are painted. He has a round face and strict features. His eyebrows are curved downwards as they reach the center. His eyes are small and his nose is long with a rounded tip. His lips are arched in a frown. His chin is large, and so is his double chin. Wrinkles spot his forehead and his under-eyes. He has a resting grumpy look on his face. The rest of the painting is painted in white brushstrokes."", ""locati"": ""American University in Cairo, Egypt"", ""covera"": ""acrylic and oil on cardboard"", ""artwor"": ""69.7 cm x 49.5 cm"", ""medium"": ""paintings (visual works)"", ""type"": ""acrylic paintings (visual works)"", ""format"": ""Expressionist (style)"", ""collec"": ""Margo Veillon Art Collection"", ""source"": ""American University in Cairo"", ""licens"": ""Copyright the American University in Cairo"", ""rights"": ""To inquire about rights and permissions, contact the Rare Books and Special Collections Library, The American University in Cairo at +20.2.2615.3676 or rbscl-ref@aucegypt.edu."", ""google-site-verification"": ""UA-49762962-1"", ""viewport"": ""width=device-width, initial-scale=1.0"", ""og:title"": ""Harry in white"", ""og:description"": ""What seems to be an unfinished acrylic painting of Harry. only his face and part of his neck are painted. He has a round face and strict features. His eyebrows are curved downwards as they reach the center. His eyes are small and his nose is long with a rounded tip. His lips are arched in a frown. His chin is large, and so is his double chin. Wrinkles spot his forehead and his under-eyes. He has a resting grumpy look on his face. The rest of the painting is painted in white brushstrokes."", ""og:image"": ""http://digitalcollections.aucegypt.edu/iiif/2/p15795coll40:166/full/730,/0/default.jpg"", ""og:url"": ""https://digitalcollections.aucegypt.edu/digital/collection/p15795coll40/id/166/"", ""og:type"": ""website""}"
167,Storiner,Margo Veillon,,Margo Veillon Art Collection,acrylic and oil on cardboard,acrylic paintings (visual works),mixed media works,"Acrylic portrait of Storiner from the shoulders upward. The painting is done in shades of green from lime to olive. He has a long neck and a long face with a pointed chin. He is facing forward but his eyes are facing the left. His face is covered in a shadow of some sorts, similar to that of tree br","American University in Cairo, Egypt",https://digitalcollections.aucegypt.edu/digital/collection/p15795coll40/id/167/,"http://digitalcollections.aucegypt.edu/iiif/2/p15795coll40:167/full/730,/0/default.jpg",margo_data/images/0167.jpg,"{""title"": ""Storiner"", ""titlea"": ""استورينر"", ""titleb"": ""Storiner"", ""creata"": ""Margo Veillon"", ""creato"": ""Egyptian-Swiss"", ""descri"": ""Acrylic portrait of Storiner from the shoulders upward. The painting is done in shades of green from lime to olive. He has a long neck and a long face with a pointed chin. He is facing forward but his eyes are facing the left. His face is covered in a shadow of some sorts, similar to that of tree branches, with random spots of light scattered everywhere. He has black hair and a large forehead. His mouth is wide and lips pressed together. It is as if he is noticing something only with his eyes in the distance."", ""locati"": ""American University in Cairo, Egypt"", ""covera"": ""acrylic and oil on cardboard"", ""artwor"": ""59 CM X 39.7 CM"", ""medium"": ""mixed media works"", ""type"": ""acrylic paintings (visual works)"", ""format"": ""Expressionist (style)"", ""collec"": ""Margo Veillon Art Collection"", ""source"": ""American University in Cairo"", ""licens"": ""Copyright the American University in Cairo"", ""rights"": ""To inquire about rights and permissions, contact the Rare Books and Special Collections Library, The American University in Cairo at +20.2.2615.3676 or rbscl-ref@aucegypt.edu."", ""google-site-verification"": ""UA-49762962-1"", ""viewport"": ""width=device-width, initial-scale=1.0"", ""og:title"": ""Storiner"", ""og:description"": ""Acrylic portrait of Storiner from the shoulders upward. The painting is done in shades of green from lime to olive. He has a long neck and a long face with a pointed chin. He is facing forward but his eyes are facing the left. His face is covered in a shadow of some sorts, similar to that of tree branches, with random spots of light scattered everywhere. He has black hair and a large forehead. His mouth is wide and lips pressed together. It is as if he is noticing something only with his eyes in the distance."", ""og:image"": ""http://digitalcollections.aucegypt.edu/iiif/2/p15795coll40:167/full/730,/0/default.jpg"", ""og:url"": ""https://digitalcollections.aucegypt.edu/digital/collection/p15795coll40/id/167/"", ""og:type"": ""website""}"
168,Storiner with tobacco pipe,Margo Veillon,,Margo Veillon Art Collection,acrylic on cardboard,acrylic paintings (visual works),mixed media works,Acrylic painting portrait of storiner holding a tobacco pipe. The portrait is from his torso upwards. The man is facing the left and looking downwards. The pipe is held by his left hand in the right corner of his mouth. His lips are not prused around the pipe. He seems to be in deep though since his,"American University in Cairo, Egypt",https://digitalcollections.aucegypt.edu/digital/collection/p15795coll40/id/168/,"http://digitalcollections.aucegypt.edu/iiif/2/p15795coll40:168/full/730,/0/default.jpg",margo_data/images/0168.jpg,"{""title"": ""Storiner with tobacco pipe"", ""titlea"": ""استورينر مع غليون التبغ"", ""titleb"": ""storiner avec une pipe à tabac"", ""creata"": ""Margo Veillon"", ""creato"": ""Egyptian-Swiss"", ""descri"": ""Acrylic painting portrait of storiner holding a tobacco pipe. The portrait is from his torso upwards. The man is facing the left and looking downwards. The pipe is held by his left hand in the right corner of his mouth. His lips are not prused around the pipe. He seems to be in deep though since his eyebrows are close together. He has high cheekbones and seems to be on the younger side. His nose is pointed and long, and his eyelashes are also long. His visible sideburn extends to the end of his ear then curves slightly into his cheekbone. He is wearing a blue and red sweater. There are thinly painted lines to separate his fingers and detail his face."", ""descra"": ""Margo Veillon, 1972"", ""locati"": ""American University in Cairo, Egypt"", ""covera"": ""acrylic on cardboard"", ""artwor"": ""60 cm x 38.7 cm"", ""medium"": ""mixed media works"", ""type"": ""acrylic paintings (visual works)"", ""format"": ""Expressionist (style)"", ""collec"": ""Margo Veillon Art Collection"", ""source"": ""American University in Cairo"", ""licens"": ""Copyright the American University in Cairo"", ""rights"": ""To inquire about rights and permissions, contact the Rare Books and Special Collections Library, The American University in Cairo at +20.2.2615.3676 or rbscl-ref@aucegypt.edu."", ""google-site-verification"": ""UA-49762962-1"", ""viewport"": ""width=device-width, initial-scale=1.0"", ""og:title"": ""Storiner with tobacco pipe"", ""og:description"": ""Acrylic painting portrait of storiner holding a tobacco pipe. The portrait is from his torso upwards. The man is facing the left and looking downwards. The pipe is held by his left hand in the right corner of his mouth. His lips are not prused around the pipe. He seems to be in deep though since his eyebrows are close together. He has high cheekbones and seems to be on the younger side. His nose is pointed and long, and his eyelashes are also long. His visible sideburn extends to the end of his ear then curves slightly into his cheekbone. He is wearing a blue and red sweater. There are thinly painted lines to separate his fingers and detail his face."", ""og:image"": ""http://digitalcollections.aucegypt.edu/iiif/2/p15795coll40:168/full/730,/0/default.jpg"", ""og:url"": ""https://digitalcollections.aucegypt.edu/digital/collection/p15795coll40/id/168/"", ""og:type"": ""website""}"
169,Farahat,Margo Veillon,,Margo Veillon Art Collection,acrylic on cardboard,acrylic paintings (visual works),paintings (visual works),"Acrylic painting of a formally dressed man from his toe upwards. He is wearing a yellow suit with strokes of brown accents and outlines. He has dark brown hair the same color as these accents. His lips are thick, and he looks down slightly to the left side of the portrait as if looking at the corner","American University in Cairo, Egypt",https://digitalcollections.aucegypt.edu/digital/collection/p15795coll40/id/169/,"http://digitalcollections.aucegypt.edu/iiif/2/p15795coll40:169/full/730,/0/default.jpg",margo_data/images/0169.jpg,"{""title"": ""Farahat"", ""titlea"": ""فرحات"", ""titleb"": ""Farahat"", ""creata"": ""Margo Veillon"", ""creato"": ""Egyptian-Swiss"", ""descri"": ""Acrylic painting of a formally dressed man from his toe upwards. He is wearing a yellow suit with strokes of brown accents and outlines. He has dark brown hair the same color as these accents. His lips are thick, and he looks down slightly to the left side of the portrait as if looking at the corner. His ears and turned outwards, his node is wide, and his eyebrows relaxed. The emotion on his face seems to be calmness with a hint of sadness or boredom."", ""descra"": ""Margo Veillon, 1970"", ""locati"": ""American University in Cairo, Egypt"", ""covera"": ""acrylic on cardboard"", ""artwor"": ""61.1 cm x 36.4 cm"", ""medium"": ""paintings (visual works)"", ""type"": ""acrylic paintings (visual works)"", ""format"": ""Expressionist (style)"", ""collec"": ""Margo Veillon Art Collection"", ""source"": ""American University in Cairo"", ""licens"": ""Copyright the American University in Cairo"", ""rights"": ""To inquire about rights and permissions, contact the Rare Books and Special Collections Library, The American University in Cairo at +20.2.2615.3676 or rbscl-ref@aucegypt.edu."", ""google-site-verification"": ""UA-49762962-1"", ""viewport"": ""width=device-width, initial-scale=1.0"", ""og:title"": ""Farahat"", ""og:description"": ""Acrylic painting of a formally dressed man from his toe upwards. He is wearing a yellow suit with strokes of brown accents and outlines. He has dark brown hair the same color as these accents. His lips are thick, and he looks down slightly to the left side of the portrait as if looking at the corner. His ears and turned outwards, his node is wide, and his eyebrows relaxed. The emotion on his face seems to be calmness with a hint of sadness or boredom."", ""og:image"": ""http://digitalcollections.aucegypt.edu/iiif/2/p15795coll40:169/full/730,/0/default.jpg"", ""og:url"": ""https://digitalcollections.aucegypt.edu/digital/collection/p15795coll40/id/169/"", ""og:type"": ""website""}"
170,Harry,Margo Veillon,,Margo Veillon Art Collection,acrylic on cardboard,acrylic paintings (visual works),paintings (visual works),Acrylic painting of a middle-aged man names Harry. He has a round head and is looking slightly to the right. He has tight eyes and serious eyebrows that are wrinkled closely to one another. His nose is long and rounded. He has a very wide mouth that smiles slightly with no teeth. He has a double chi,"American University in Cairo, Egypt",https://digitalcollections.aucegypt.edu/digital/collection/p15795coll40/id/170/,"http://digitalcollections.aucegypt.edu/iiif/2/p15795coll40:170/full/730,/0/default.jpg",margo_data/images/0170.jpg,"{""title"": ""Harry"", ""titlea"": ""هاري"", ""titleb"": ""Harry"", ""creata"": ""Margo Veillon"", ""creato"": ""Egyptian-Swiss"", ""descri"": ""Acrylic painting of a middle-aged man names Harry. He has a round head and is looking slightly to the right. He has tight eyes and serious eyebrows that are wrinkled closely to one another. His nose is long and rounded. He has a very wide mouth that smiles slightly with no teeth. He has a double chin that hands until his blue collared jacket."", ""descra"": ""Margo Veillon, 1972"", ""locati"": ""American University in Cairo, Egypt"", ""covera"": ""acrylic on cardboard"", ""artwor"": ""52.5 cm x 36.3 cm"", ""medium"": ""paintings (visual works)"", ""type"": ""acrylic paintings (visual works)"", ""format"": ""Expressionist (style)"", ""collec"": ""Margo Veillon Art Collection"", ""source"": ""American University in Cairo"", ""licens"": ""Copyright the American University in Cairo"", ""rights"": ""To inquire about rights and permissions, contact the Rare Books and Special Collections Library, The American University in Cairo at +20.2.2615.3676 or rbscl-ref@aucegypt.edu."", ""google-site-verification"": ""UA-49762962-1"", ""viewport"": ""width=device-width, initial-scale=1.0"", ""og:title"": ""Harry"", ""og:description"": ""Acrylic painting of a middle-aged man names Harry. He has a round head and is looking slightly to the right. He has tight eyes and serious eyebrows that are wrinkled closely to one another. His nose is long and rounded. He has a very wide mouth that smiles slightly with no teeth. He has a double chin that hands until his blue collared jacket."", ""og:image"": ""http://digitalcollections.aucegypt.edu/iiif/2/p15795coll40:170/full/730,/0/default.jpg"", ""og:url"": ""https://digitalcollections.aucegypt.edu/digital/collection/p15795coll40/id/170/"", ""og:type"": ""website""}"
171,Harp,Margo Veillon,,Margo Veillon Art Collection,acrylic and oil on cardboard,acrylic paintings (visual works),paintings (visual works),"India ink and acrylic portrait sketch of a boy of African descent holding a harp. It is showing his side profile, as he is looking to the left. The sketch is very rough, showing the guidelines for the drawing and without much detail. The background, a greyish blue, is rushed and textured.","American University in Cairo, Egypt",https://digitalcollections.aucegypt.edu/digital/collection/p15795coll40/id/171/,"http://digitalcollections.aucegypt.edu/iiif/2/p15795coll40:171/full/730,/0/default.jpg",margo_data/images/0171.jpg,"{""title"": ""Harp"", ""titlea"": ""القيثاره"", ""titleb"": ""Harpe"", ""creata"": ""Margo Veillon"", ""creato"": ""Egyptian-Swiss"", ""descri"": ""India ink and acrylic portrait sketch of a boy of African descent holding a harp. It is showing his side profile, as he is looking to the left. The sketch is very rough, showing the guidelines for the drawing and without much detail. The background, a greyish blue, is rushed and textured."", ""locati"": ""American University in Cairo, Egypt"", ""covera"": ""acrylic and oil on cardboard"", ""artwor"": ""61 cm x 40.7 cm"", ""medium"": ""paintings (visual works)"", ""type"": ""acrylic paintings (visual works)"", ""format"": ""Expressionist (style)"", ""collec"": ""Margo Veillon Art Collection"", ""source"": ""American University in Cairo"", ""licens"": ""Copyright the American University in Cairo"", ""rights"": ""To inquire about rights and permissions, contact the Rare Books and Special Collections Library, The American University in Cairo at +20.2.2615.3676 or rbscl-ref@aucegypt.edu."", ""google-site-verification"": ""UA-49762962-1"", ""viewport"": ""width=device-width, initial-scale=1.0"", ""og:title"": ""Harp"", ""og:description"": ""India ink and acrylic portrait sketch of a boy of African descent holding a harp. It is showing his side profile, as he is looking to the left. The sketch is very rough, showing the guidelines for the drawing and without much detail. The background, a greyish blue, is rushed and textured."", ""og:image"": ""http://digitalcollections.aucegypt.edu/iiif/2/p15795coll40:171/full/730,/0/default.jpg"", ""og:url"": ""https://digitalcollections.aucegypt.edu/digital/collection/p15795coll40/id/171/"", ""og:type"": ""website""}"
172,Boy,Margo Veillon,,Margo Veillon Art Collection,acrylic on cardboard,acrylic paintings (visual works),paintings (visual works),Side profile of a young Egyptian boy done in acrylic paint. The portrait is from his torso upwards. He is turned to his right and looking into the distance. His lips are pursed and his back is relaxed and a little bit slouched. He wears a brown cap on his head and has a few brown hairs showing from ,"American University in Cairo, Egypt",https://digitalcollections.aucegypt.edu/digital/collection/p15795coll40/id/172/,"http://digitalcollections.aucegypt.edu/iiif/2/p15795coll40:172/full/730,/0/default.jpg",margo_data/images/0172.jpg,"{""title"": ""Boy"", ""titlea"": ""الصبي"", ""titleb"": ""Un garçon"", ""creata"": ""Margo Veillon"", ""creato"": ""Egyptian-Swiss"", ""descri"": ""Side profile of a young Egyptian boy done in acrylic paint. The portrait is from his torso upwards. He is turned to his right and looking into the distance. His lips are pursed and his back is relaxed and a little bit slouched. He wears a brown cap on his head and has a few brown hairs showing from each side. His Adam's apple is visible and his neck is long and curved."", ""locati"": ""American University in Cairo, Egypt"", ""covera"": ""acrylic on cardboard"", ""artwor"": ""65.5 cm x 43.3 cm"", ""medium"": ""paintings (visual works)"", ""type"": ""acrylic paintings (visual works)"", ""format"": ""Expressionist (style)"", ""collec"": ""Margo Veillon Art Collection"", ""source"": ""American University in Cairo"", ""licens"": ""Copyright the American University in Cairo"", ""rights"": ""To inquire about rights and permissions, contact the Rare Books and Special Collections Library, The American University in Cairo at +20.2.2615.3676 or rbscl-ref@aucegypt.edu."", ""google-site-verification"": ""UA-49762962-1"", ""viewport"": ""width=device-width, initial-scale=1.0"", ""og:title"": ""Boy"", ""og:description"": ""Side profile of a young Egyptian boy done in acrylic paint. The portrait is from his torso upwards. He is turned to his right and looking into the distance. His lips are pursed and his back is relaxed and a little bit slouched. He wears a brown cap on his head and has a few brown hairs showing from each side. His Adam's apple is visible and his neck is long and curved."", ""og:image"": ""http://digitalcollections.aucegypt.edu/iiif/2/p15795coll40:172/full/730,/0/default.jpg"", ""og:url"": ""https://digitalcollections.aucegypt.edu/digital/collection/p15795coll40/id/172/"", ""og:type"": ""website""}"
173,Man wearing glasses,Margo Veillon,,Margo Veillon Art Collection,acrylic on wood,acrylic paintings (visual works),paintings (visual works),"acrylic impressionist portrait of a middle-aged Caucasian man looking directly at the viewer. He is wearing small circular glasses, and has light reddish brown hair that is receding from his forehead. His eyes are blue. His face is square and he is wearing a white dress shirt. There is a serious exp","American University in Cairo, Egypt",https://digitalcollections.aucegypt.edu/digital/collection/p15795coll40/id/173/,"http://digitalcollections.aucegypt.edu/iiif/2/p15795coll40:173/full/730,/0/default.jpg",margo_data/images/0173.jpg,"{""title"": ""Man wearing glasses"", ""titlea"": ""رجل يرتدي نظارات"", ""titleb"": ""Homme portant des lunettes"", ""creata"": ""Margo Veillon"", ""creato"": ""Egyptian-Swiss"", ""descri"": ""acrylic impressionist portrait of a middle-aged Caucasian man looking directly at the viewer. He is wearing small circular glasses, and has light reddish brown hair that is receding from his forehead. His eyes are blue. His face is square and he is wearing a white dress shirt. There is a serious expression on his face. The background is lavender."", ""descra"": ""Veillon"", ""locati"": ""American University in Cairo, Egypt"", ""covera"": ""acrylic on wood"", ""artwor"": ""30.7 cm x 35 cm"", ""medium"": ""paintings (visual works)"", ""type"": ""acrylic paintings (visual works)"", ""format"": ""Impressionist (style)"", ""collec"": ""Margo Veillon Art Collection"", ""source"": ""American University in Cairo"", ""licens"": ""Copyright the American University in Cairo"", ""rights"": ""To inquire about rights and permissions, contact the Rare Books and Special Collections Library, The American University in Cairo at +20.2.2615.3676 or rbscl-ref@aucegypt.edu."", ""google-site-verification"": ""UA-49762962-1"", ""viewport"": ""width=device-width, initial-scale=1.0"", ""og:title"": ""Man wearing glasses"", ""og:description"": ""acrylic impressionist portrait of a middle-aged Caucasian man looking directly at the viewer. He is wearing small circular glasses, and has light reddish brown hair that is receding from his forehead. His eyes are blue. His face is square and he is wearing a white dress shirt. There is a serious expression on his face. The background is lavender."", ""og:image"": ""http://digitalcollections.aucegypt.edu/iiif/2/p15795coll40:173/full/730,/0/default.jpg"", ""og:url"": ""https://digitalcollections.aucegypt.edu/digital/collection/p15795coll40/id/173/"", ""og:type"": ""website""}"
174,Lily pads,Margo Veillon,,Margo Veillon Art Collection,pastels on paper,pastels (visual works),paintings (visual works),"A stylized oil pastel drawing that is from the perspective of a window. Next to the open window are an assortment of lily pads, rendered in shades of green and yellow. The largest one, which is closest to the viewer, is full of large bulbous water drops. There are two other lily pads behind it, more","American University in Cairo, Egypt",https://digitalcollections.aucegypt.edu/digital/collection/p15795coll40/id/174/,"http://digitalcollections.aucegypt.edu/iiif/2/p15795coll40:174/full/730,/0/default.jpg",margo_data/images/0174.jpg,"{""title"": ""Lily pads"", ""titlea"": ""وسادات زنبق"", ""titleb"": ""Nénuphars"", ""creata"": ""Margo Veillon"", ""creato"": ""Egyptian-Swiss"", ""descri"": ""A stylized oil pastel drawing that is from the perspective of a window. Next to the open window are an assortment of lily pads, rendered in shades of green and yellow. The largest one, which is closest to the viewer, is full of large bulbous water drops. There are two other lily pads behind it, more faded and less detailed, with long bent stems. There are also some colorful leaves at the bottom, in shades of blue, pink, and purple. The background behind them is a gradient from blue to yellow."", ""descra"": ""Margo veillon"", ""locati"": ""American University in Cairo, Egypt"", ""covera"": ""pastels on paper"", ""artwor"": ""41.7 cm x 29.3 cm"", ""medium"": ""paintings (visual works)"", ""type"": ""pastels (visual works)"", ""format"": ""Impressionist (style)"", ""collec"": ""Margo Veillon Art Collection"", ""source"": ""American University in Cairo"", ""licens"": ""Copyright the American University in Cairo"", ""rights"": ""To inquire about rights and permissions, contact the Rare Books and Special Collections Library, The American University in Cairo at +20.2.2615.3676 or rbscl-ref@aucegypt.edu."", ""google-site-verification"": ""UA-49762962-1"", ""viewport"": ""width=device-width, initial-scale=1.0"", ""og:title"": ""Lily pads"", ""og:description"": ""A stylized oil pastel drawing that is from the perspective of a window. Next to the open window are an assortment of lily pads, rendered in shades of green and yellow. The largest one, which is closest to the viewer, is full of large bulbous water drops. There are two other lily pads behind it, more faded and less detailed, with long bent stems. There are also some colorful leaves at the bottom, in shades of blue, pink, and purple. The background behind them is a gradient from blue to yellow."", ""og:image"": ""http://digitalcollections.aucegypt.edu/iiif/2/p15795coll40:174/full/730,/0/default.jpg"", ""og:url"": ""https://digitalcollections.aucegypt.edu/digital/collection/p15795coll40/id/174/"", ""og:type"": ""website""}"
175,Blended faces,Margo Veillon,,Margo Veillon Art Collection,pastels on paper,pastels (visual works),paintings (visual works),"An colorful abstract cubist oil pastel drawing of the stylized outlines of several faces in profile, facing different directions, over a discordant background of colorful shapes and colors. The colors used are yellow, orange, blue, lavender, red, brown, and turquoise.","American University in Cairo, Egypt",https://digitalcollections.aucegypt.edu/digital/collection/p15795coll40/id/175/,"http://digitalcollections.aucegypt.edu/iiif/2/p15795coll40:175/full/730,/0/default.jpg",margo_data/images/0175.jpg,"{""title"": ""Blended faces"", ""titlea"": ""وجوه مدمجة"", ""titleb"": ""Visages fusionnés"", ""creata"": ""Margo Veillon"", ""creato"": ""Egyptian-Swiss"", ""descri"": ""An colorful abstract cubist oil pastel drawing of the stylized outlines of several faces in profile, facing different directions, over a discordant background of colorful shapes and colors. The colors used are yellow, orange, blue, lavender, red, brown, and turquoise."", ""descra"": ""I 1974, Margo Veillon"", ""locati"": ""American University in Cairo, Egypt"", ""covera"": ""pastels on paper"", ""artwor"": ""41.8 cm x 29.7 cm"", ""medium"": ""paintings (visual works)"", ""type"": ""pastels (visual works)"", ""format"": ""Abstract (modern European style)"", ""collec"": ""Margo Veillon Art Collection"", ""source"": ""American University in Cairo"", ""licens"": ""Copyright the American University in Cairo"", ""rights"": ""To inquire about rights and permissions, contact the Rare Books and Special Collections Library, The American University in Cairo at +20.2.2615.3676 or rbscl-ref@aucegypt.edu."", ""google-site-verification"": ""UA-49762962-1"", ""viewport"": ""width=device-width, initial-scale=1.0"", ""og:title"": ""Blended faces"", ""og:description"": ""An colorful abstract cubist oil pastel drawing of the stylized outlines of several faces in profile, facing different directions, over a discordant background of colorful shapes and colors. The colors used are yellow, orange, blue, lavender, red, brown, and turquoise."", ""og:image"": ""http://digitalcollections.aucegypt.edu/iiif/2/p15795coll40:175/full/730,/0/default.jpg"", ""og:url"": ""https://digitalcollections.aucegypt.edu/digital/collection/p15795coll40/id/175/"", ""og:type"": ""website""}"
176,Magic golden flower,Margo Veillon,,Margo Veillon Art Collection,pastels on paper,pastels (visual works),paintings (visual works),Oil pastel drawing of firefly orange and yellow leafy flower against a white and blue background. The left side of the drawing is blue. From the top of the drawing a vine with a singular golden flower grows into the center of paper. The flower has long petals that look like flames. the stamen of the,"American University in Cairo, Egypt",https://digitalcollections.aucegypt.edu/digital/collection/p15795coll40/id/176/,"http://digitalcollections.aucegypt.edu/iiif/2/p15795coll40:176/full/730,/0/default.jpg",margo_data/images/0176.jpg,"{""title"": ""Magic golden flower"", ""titlea"": ""الزهرة الذهبية السحرية"", ""titleb"": ""Fleur d'or magique"", ""creata"": ""Margo Veillon"", ""creato"": ""Egyptian-Swiss"", ""descri"": ""Oil pastel drawing of firefly orange and yellow leafy flower against a white and blue background. The left side of the drawing is blue. From the top of the drawing a vine with a singular golden flower grows into the center of paper. The flower has long petals that look like flames. the stamen of the flower are light blue and hook like in shape. They hand lower than the flower. The flower is against a white background. The other side of the drawing has a blue border as well."", ""descra"": ""II 1974, Margo Veillon"", ""locati"": ""American University in Cairo, Egypt"", ""covera"": ""pastels on paper"", ""artwor"": ""29.6 cm x 41.7 cm"", ""medium"": ""paintings (visual works)"", ""type"": ""pastels (visual works)"", ""format"": ""Surrealist"", ""collec"": ""Margo Veillon Art Collection"", ""source"": ""American University in Cairo"", ""licens"": ""Copyright the American University in Cairo"", ""rights"": ""To inquire about rights and permissions, contact the Rare Books and Special Collections Library, The American University in Cairo at +20.2.2615.3676 or rbscl-ref@aucegypt.edu."", ""google-site-verification"": ""UA-49762962-1"", ""viewport"": ""width=device-width, initial-scale=1.0"", ""og:title"": ""Magic golden flower"", ""og:description"": ""Oil pastel drawing of firefly orange and yellow leafy flower against a white and blue background. The left side of the drawing is blue. From the top of the drawing a vine with a singular golden flower grows into the center of paper. The flower has long petals that look like flames. the stamen of the flower are light blue and hook like in shape. They hand lower than the flower. The flower is against a white background. The other side of the drawing has a blue border as well."", ""og:image"": ""http://digitalcollections.aucegypt.edu/iiif/2/p15795coll40:176/full/730,/0/default.jpg"", ""og:url"": ""https://digitalcollections.aucegypt.edu/digital/collection/p15795coll40/id/176/"", ""og:type"": ""website""}"
177,Teal and orange faces,Margo Veillon,,Margo Veillon Art Collection,pastels on paper,pastels (visual works),paintings (visual works),"Oil pastel drawing of two faces. The one on the right is facing the left, only its side profile is visible. It has orange, red, brown, and mustard-colored geometric shapes around it. The eyes of this face are not detailed and have no pupils. The eyes are purple. There is no emotion visible on this f","American University in Cairo, Egypt",https://digitalcollections.aucegypt.edu/digital/collection/p15795coll40/id/177/,"http://digitalcollections.aucegypt.edu/iiif/2/p15795coll40:177/full/730,/0/default.jpg",margo_data/images/0177.jpg,"{""title"": ""Teal and orange faces"", ""titlea"": ""وجوه البط البري والبرتقالي"", ""titleb"": ""Visages bleu sarcelle et orange"", ""creata"": ""Margo Veillon"", ""creato"": ""Egyptian-Swiss"", ""descri"": ""Oil pastel drawing of two faces. The one on the right is facing the left, only its side profile is visible. It has orange, red, brown, and mustard-colored geometric shapes around it. The eyes of this face are not detailed and have no pupils. The eyes are purple. There is no emotion visible on this face. The other face is looking forward/ It has green, blue, white, and orange geometric shapes surrounding the side of the drawing. It has a blank stare and has olive green eyes also with no details."", ""descra"": ""V 1974, Margo Veillon"", ""locati"": ""American University in Cairo, Egypt"", ""covera"": ""pastels on paper"", ""artwor"": ""25.2 cm x 34.4 cm"", ""medium"": ""paintings (visual works)"", ""type"": ""pastels (visual works)"", ""format"": ""Abstract (modern European style)"", ""collec"": ""Margo Veillon Art Collection"", ""source"": ""American University in Cairo"", ""licens"": ""Copyright the American University in Cairo"", ""rights"": ""To inquire about rights and permissions, contact the Rare Books and Special Collections Library, The American University in Cairo at +20.2.2615.3676 or rbscl-ref@aucegypt.edu."", ""google-site-verification"": ""UA-49762962-1"", ""viewport"": ""width=device-width, initial-scale=1.0"", ""og:title"": ""Teal and orange faces"", ""og:description"": ""Oil pastel drawing of two faces. The one on the right is facing the left, only its side profile is visible. It has orange, red, brown, and mustard-colored geometric shapes around it. The eyes of this face are not detailed and have no pupils. The eyes are purple. There is no emotion visible on this face. The other face is looking forward/ It has green, blue, white, and orange geometric shapes surrounding the side of the drawing. It has a blank stare and has olive green eyes also with no details."", ""og:image"": ""http://digitalcollections.aucegypt.edu/iiif/2/p15795coll40:177/full/730,/0/default.jpg"", ""og:url"": ""https://digitalcollections.aucegypt.edu/digital/collection/p15795coll40/id/177/"", ""og:type"": ""website""}"
178,Colorful faces,Margo Veillon,,Margo Veillon Art Collection,pastels on paper,pastels (visual works),paintings (visual works),"Thick oil pastel abstract painting of a group of faces, all from the nose down. The painting is done in yellow, peach, several shades of blue, dark red, and purple. The topmost face is in profile, facing the left, done in a gradient of dark to light blue, with prominent cheekbones and a large hooked","American University in Cairo, Egypt",https://digitalcollections.aucegypt.edu/digital/collection/p15795coll40/id/178/,"http://digitalcollections.aucegypt.edu/iiif/2/p15795coll40:178/full/730,/0/default.jpg",margo_data/images/0178.jpg,"{""title"": ""Colorful faces"", ""titlea"": ""وجوه ملونة"", ""titleb"": ""Visages colorés"", ""creata"": ""Margo Veillon"", ""creato"": ""Egyptian-Swiss"", ""descri"": ""Thick oil pastel abstract painting of a group of faces, all from the nose down. The painting is done in yellow, peach, several shades of blue, dark red, and purple. The topmost face is in profile, facing the left, done in a gradient of dark to light blue, with prominent cheekbones and a large hooked nose. The face below it, on the left, is also in profile, facing the right, and is barely in the frame. It is done in a grayish pink. The face to the right of it, separated by a void of bright yellow, is facing the right, done in light and dark brown with light blue accents. Above it is a face bent slightly downwards and facing the viewer, with a shadow over where the nose should be and prominent lips. The face below it is the most detailed, done in yellow and brown, with a large straight nose and large lips, with some of the eyes visible. Above it, on the right, is a face in profile, facing the right, in peach with thick black outlines, with a large nose and an open mouth."", ""descra"": ""III 1974, Margo Veillon"", ""locati"": ""American University in Cairo, Egypt"", ""covera"": ""pastels on paper"", ""artwor"": ""25.2 cm x 34.4 cm"", ""medium"": ""paintings (visual works)"", ""type"": ""pastels (visual works)"", ""format"": ""Abstract (modern European style)"", ""collec"": ""Margo Veillon Art Collection"", ""source"": ""American University in Cairo"", ""licens"": ""Copyright the American University in Cairo"", ""rights"": ""To inquire about rights and permissions, contact the Rare Books and Special Collections Library, The American University in Cairo at +20.2.2615.3676 or rbscl-ref@aucegypt.edu."", ""google-site-verification"": ""UA-49762962-1"", ""viewport"": ""width=device-width, initial-scale=1.0"", ""og:title"": ""Colorful faces"", ""og:description"": ""Thick oil pastel abstract painting of a group of faces, all from the nose down. The painting is done in yellow, peach, several shades of blue, dark red, and purple. The topmost face is in profile, facing the left, done in a gradient of dark to light blue, with prominent cheekbones and a large hooked nose. The face below it, on the left, is also in profile, facing the right, and is barely in the frame. It is done in a grayish pink. The face to the right of it, separated by a void of bright yellow, is facing the right, done in light and dark brown with light blue accents. Above it is a face bent slightly downwards and facing the viewer, with a shadow over where the nose should be and prominent lips. The face below it is the most detailed, done in yellow and brown, with a large straight nose and large lips, with some of the eyes visible. Above it, on the right, is a face in profile, facing the right, in peach with thick black outlines, with a large nose and an open mouth."", ""og:image"": ""http://digitalcollections.aucegypt.edu/iiif/2/p15795coll40:178/full/730,/0/default.jpg"", ""og:url"": ""https://digitalcollections.aucegypt.edu/digital/collection/p15795coll40/id/178/"", ""og:type"": ""website""}"
179,Road to sea,Margo Veillon,,Margo Veillon Art Collection,pastels on paper,pastels (visual works),paintings (visual works),"Oil pastel of a hilly landscape in brown, with a faint white path leading to the sea. The drawing is framed by abstract green tree trunks. In the distance, the entrance to the beach seems to be gated by tall leaf-like yellow and red structures. Behind the structures is a peach-colored beach, then th","American University in Cairo, Egypt",https://digitalcollections.aucegypt.edu/digital/collection/p15795coll40/id/179/,"http://digitalcollections.aucegypt.edu/iiif/2/p15795coll40:179/full/730,/0/default.jpg",margo_data/images/0179.jpg,"{""title"": ""Road to sea"", ""titlea"": ""الطريق الى البحر"", ""titleb"": ""Route vers la mer"", ""creata"": ""Margo Veillon"", ""creato"": ""Egyptian-Swiss"", ""descri"": ""Oil pastel of a hilly landscape in brown, with a faint white path leading to the sea. The drawing is framed by abstract green tree trunks. In the distance, the entrance to the beach seems to be gated by tall leaf-like yellow and red structures. Behind the structures is a peach-colored beach, then the sea, in light blue, on the horizon. The sky, seemingly at dawn, is done in yellow and light blue."", ""descra"": ""I1974, Margo Veillon"", ""locati"": ""American University in Cairo, Egypt"", ""covera"": ""pastels on paper"", ""artwor"": ""41.7 cm x 29.8 cm"", ""medium"": ""paintings (visual works)"", ""type"": ""pastels (visual works)"", ""format"": ""Abstract (modern European style)"", ""collec"": ""Margo Veillon Art Collection"", ""source"": ""American University in Cairo"", ""licens"": ""Copyright the American University in Cairo"", ""rights"": ""To inquire about rights and permissions, contact the Rare Books and Special Collections Library, The American University in Cairo at +20.2.2615.3676 or rbscl-ref@aucegypt.edu."", ""google-site-verification"": ""UA-49762962-1"", ""viewport"": ""width=device-width, initial-scale=1.0"", ""og:title"": ""Road to sea"", ""og:description"": ""Oil pastel of a hilly landscape in brown, with a faint white path leading to the sea. The drawing is framed by abstract green tree trunks. In the distance, the entrance to the beach seems to be gated by tall leaf-like yellow and red structures. Behind the structures is a peach-colored beach, then the sea, in light blue, on the horizon. The sky, seemingly at dawn, is done in yellow and light blue."", ""og:image"": ""http://digitalcollections.aucegypt.edu/iiif/2/p15795coll40:179/full/730,/0/default.jpg"", ""og:url"": ""https://digitalcollections.aucegypt.edu/digital/collection/p15795coll40/id/179/"", ""og:type"": ""website""}"
180,Circles,Margo Veillon,,Margo Veillon Art Collection,pastels on paper,pastels (visual works),paintings (visual works),"Oil pastel drawing showing a background of blues and yellows, with a yellow crescent moon, behind a lot of circles done in maroon, gray, and blue. Above the circles is a sort of abstract white shape, similar to some kind of bird. It has accents of maroon and blue. The drawing utilizes different colo","American University in Cairo, Egypt",https://digitalcollections.aucegypt.edu/digital/collection/p15795coll40/id/180/,"http://digitalcollections.aucegypt.edu/iiif/2/p15795coll40:180/full/730,/0/default.jpg",margo_data/images/0180.jpg,"{""title"": ""Circles"", ""titlea"": ""الدوائر"", ""titleb"": ""Cercles"", ""creata"": ""Margo Veillon"", ""creato"": ""Egyptian-Swiss"", ""descri"": ""Oil pastel drawing showing a background of blues and yellows, with a yellow crescent moon, behind a lot of circles done in maroon, gray, and blue. Above the circles is a sort of abstract white shape, similar to some kind of bird. It has accents of maroon and blue. The drawing utilizes different coloring and hatching styles of oil pastel, lending it a unique texture."", ""locati"": ""American University in Cairo, Egypt"", ""covera"": ""pastels on paper"", ""artwor"": ""30 cm x 42.2 cm"", ""medium"": ""paintings (visual works)"", ""type"": ""pastels (visual works)"", ""format"": ""Abstract (modern European style)"", ""collec"": ""Margo Veillon Art Collection"", ""source"": ""American University in Cairo"", ""licens"": ""Copyright the American University in Cairo"", ""rights"": ""To inquire about rights and permissions, contact the Rare Books and Special Collections Library, The American University in Cairo at +20.2.2615.3676 or rbscl-ref@aucegypt.edu."", ""google-site-verification"": ""UA-49762962-1"", ""viewport"": ""width=device-width, initial-scale=1.0"", ""og:title"": ""Circles"", ""og:description"": ""Oil pastel drawing showing a background of blues and yellows, with a yellow crescent moon, behind a lot of circles done in maroon, gray, and blue. Above the circles is a sort of abstract white shape, similar to some kind of bird. It has accents of maroon and blue. The drawing utilizes different coloring and hatching styles of oil pastel, lending it a unique texture."", ""og:image"": ""http://digitalcollections.aucegypt.edu/iiif/2/p15795coll40:180/full/730,/0/default.jpg"", ""og:url"": ""https://digitalcollections.aucegypt.edu/digital/collection/p15795coll40/id/180/"", ""og:type"": ""website""}"
181,Four faces,Margo Veillon,,Margo Veillon Art Collection,pastels on paper,pastels (visual works),drawings (visual works),"Oil pastel drawings of forced faces spread out like playing cards, barely covering one another. They start from the right, and all are looking to the left at a side profile. They share the same features, but different colors. All the faces are blue but have different accents of oranges, greens, and ","American University in Cairo, Egypt",https://digitalcollections.aucegypt.edu/digital/collection/p15795coll40/id/181/,"http://digitalcollections.aucegypt.edu/iiif/2/p15795coll40:181/full/730,/0/default.jpg",margo_data/images/0181.jpg,"{""title"": ""Four faces"", ""titlea"": ""أربعة وجوه"", ""titleb"": ""Quatre visages"", ""creata"": ""Margo Veillon"", ""creato"": ""Egyptian-Swiss"", ""descri"": ""Oil pastel drawings of forced faces spread out like playing cards, barely covering one another. They start from the right, and all are looking to the left at a side profile. They share the same features, but different colors. All the faces are blue but have different accents of oranges, greens, and grey tones. The eyes are empty except for the third face, which has a wide pupil. The faces do not display any emotion, just a robot-like slight smile."", ""locati"": ""American University in Cairo, Egypt"", ""covera"": ""pastels on paper"", ""artwor"": ""23.3 cm x 33.5 cm"", ""medium"": ""drawings (visual works)"", ""type"": ""pastels (visual works)"", ""format"": ""Expressionist (style)"", ""collec"": ""Margo Veillon Art Collection"", ""source"": ""American University in Cairo"", ""licens"": ""Copyright the American University in Cairo"", ""rights"": ""To inquire about rights and permissions, contact the Rare Books and Special Collections Library, The American University in Cairo at +20.2.2615.3676 or rbscl-ref@aucegypt.edu."", ""google-site-verification"": ""UA-49762962-1"", ""viewport"": ""width=device-width, initial-scale=1.0"", ""og:title"": ""Four faces"", ""og:description"": ""Oil pastel drawings of forced faces spread out like playing cards, barely covering one another. They start from the right, and all are looking to the left at a side profile. They share the same features, but different colors. All the faces are blue but have different accents of oranges, greens, and grey tones. The eyes are empty except for the third face, which has a wide pupil. The faces do not display any emotion, just a robot-like slight smile."", ""og:image"": ""http://digitalcollections.aucegypt.edu/iiif/2/p15795coll40:181/full/730,/0/default.jpg"", ""og:url"": ""https://digitalcollections.aucegypt.edu/digital/collection/p15795coll40/id/181/"", ""og:type"": ""website""}"
182,Watercolor tarboosh gentlemen,Margo Veillon,,Margo Veillon Art Collection,watercolor on paper,watercolors (paintings),drawings (visual works),"A pencil sketch that is slightly watercolor to fill in the shapes. A group of men wearing traditional tarbooshes and galabiyas is sitting, their legs beneath them under the colorful cloth. The drawing is not detailed, as the only detail is on the man on the very right dressed in a blue galabiya with","American University in Cairo, Egypt",https://digitalcollections.aucegypt.edu/digital/collection/p15795coll40/id/182/,"http://digitalcollections.aucegypt.edu/iiif/2/p15795coll40:182/full/730,/0/default.jpg",margo_data/images/0182.jpg,"{""title"": ""Watercolor tarboosh gentlemen"", ""titlea"": ""ألوان مائية طربوش السادة"", ""titleb"": ""Aquarelle Tarbouche Messieurs"", ""creata"": ""Margo Veillon"", ""creato"": ""Egyptian-Swiss"", ""descri"": ""A pencil sketch that is slightly watercolor to fill in the shapes. A group of men wearing traditional tarbooshes and galabiyas is sitting, their legs beneath them under the colorful cloth. The drawing is not detailed, as the only detail is on the man on the very right dressed in a blue galabiya with an orange tarboosh. He has a mustache that is penciled in and a dot for an eye. The other men have no faces, but from their intimate arrangement, they seem to be talking. The men are dressed in pink, blue, grey, and orange accents surrounding them."", ""locati"": ""American University in Cairo, Egypt"", ""covera"": ""watercolor on paper"", ""artwor"": ""29.5 cm x 33.6 cm"", ""medium"": ""drawings (visual works)"", ""type"": ""watercolors (paintings)"", ""format"": ""Abstract (modern European style)"", ""collec"": ""Margo Veillon Art Collection"", ""source"": ""American University in Cairo"", ""licens"": ""Copyright the American University in Cairo"", ""rights"": ""To inquire about rights and permissions, contact the Rare Books and Special Collections Library, The American University in Cairo at +20.2.2615.3676 or rbscl-ref@aucegypt.edu."", ""google-site-verification"": ""UA-49762962-1"", ""viewport"": ""width=device-width, initial-scale=1.0"", ""og:title"": ""Watercolor tarboosh gentlemen"", ""og:description"": ""A pencil sketch that is slightly watercolor to fill in the shapes. A group of men wearing traditional tarbooshes and galabiyas is sitting, their legs beneath them under the colorful cloth. The drawing is not detailed, as the only detail is on the man on the very right dressed in a blue galabiya with an orange tarboosh. He has a mustache that is penciled in and a dot for an eye. The other men have no faces, but from their intimate arrangement, they seem to be talking. The men are dressed in pink, blue, grey, and orange accents surrounding them."", ""og:image"": ""http://digitalcollections.aucegypt.edu/iiif/2/p15795coll40:182/full/730,/0/default.jpg"", ""og:url"": ""https://digitalcollections.aucegypt.edu/digital/collection/p15795coll40/id/182/"", ""og:type"": ""website""}"
183,Orange flower,Margo Veillon,,Margo Veillon Art Collection,watercolors on paper,watercolors (paintings),paintings (visual works),"A watercolour drawing of an orange and red flower that seems to be a hibiscus flower. It is only the head of the flower, no stem or leaves, and its side profile. The stemen and other middle parts of the flower are sticking out until the top right corner of the drawing and are orange and yellow. the ","American University in Cairo, Egypt",https://digitalcollections.aucegypt.edu/digital/collection/p15795coll40/id/183/,"http://digitalcollections.aucegypt.edu/iiif/2/p15795coll40:183/full/730,/0/default.jpg",margo_data/images/0183.jpg,"{""title"": ""Orange flower"", ""titlea"": ""زهرة البرتقال"", ""titleb"": ""Fleur d'oranger"", ""creata"": ""Margo Veillon"", ""creato"": ""Egyptian-Swiss"", ""descri"": ""A watercolour drawing of an orange and red flower that seems to be a hibiscus flower. It is only the head of the flower, no stem or leaves, and its side profile. The stemen and other middle parts of the flower are sticking out until the top right corner of the drawing and are orange and yellow. the petals are orange, and the body of the flower is a dark pink or red color. The drawing is bordered with dark green shapes from all sides."", ""locati"": ""American University in Cairo, Egypt"", ""covera"": ""watercolors on paper"", ""artwor"": ""41.7 cm x 29.7 cm"", ""medium"": ""paintings (visual works)"", ""type"": ""watercolors (paintings)"", ""format"": ""Abstract (modern European style)"", ""collec"": ""Margo Veillon Art Collection"", ""source"": ""American University in Cairo"", ""licens"": ""Copyright the American University in Cairo"", ""rights"": ""To inquire about rights and permissions, contact the Rare Books and Special Collections Library, The American University in Cairo at +20.2.2615.3676 or rbscl-ref@aucegypt.edu."", ""google-site-verification"": ""UA-49762962-1"", ""viewport"": ""width=device-width, initial-scale=1.0"", ""og:title"": ""Orange flower"", ""og:description"": ""A watercolour drawing of an orange and red flower that seems to be a hibiscus flower. It is only the head of the flower, no stem or leaves, and its side profile. The stemen and other middle parts of the flower are sticking out until the top right corner of the drawing and are orange and yellow. the petals are orange, and the body of the flower is a dark pink or red color. The drawing is bordered with dark green shapes from all sides."", ""og:image"": ""http://digitalcollections.aucegypt.edu/iiif/2/p15795coll40:183/full/730,/0/default.jpg"", ""og:url"": ""https://digitalcollections.aucegypt.edu/digital/collection/p15795coll40/id/183/"", ""og:type"": ""website""}"
184,Green and blue,Margo Veillon,,Margo Veillon Art Collection,pastels on paper,pastels (visual works),paintings (visual works),"A dynamic oil pastel drawing of yellow green and blue leaf like structures. The image seems to be moving from how curvy the lines are. The center of the image is mostly yellow, while the rest is a combination of blues and greens. The bottom border is a line of red colors. The middle almost resembles","American University in Cairo, Egypt",https://digitalcollections.aucegypt.edu/digital/collection/p15795coll40/id/184/,"http://digitalcollections.aucegypt.edu/iiif/2/p15795coll40:184/full/730,/0/default.jpg",margo_data/images/0184.jpg,"{""title"": ""Green and blue"", ""titlea"": ""الأخضر والأزرق"", ""titleb"": ""Vert et bleu"", ""creata"": ""Margo Veillon"", ""creato"": ""Egyptian-Swiss"", ""descri"": ""A dynamic oil pastel drawing of yellow green and blue leaf like structures. The image seems to be moving from how curvy the lines are. The center of the image is mostly yellow, while the rest is a combination of blues and greens. The bottom border is a line of red colors. The middle almost resembles a starfish like design."", ""locati"": ""American University in Cairo, Egypt"", ""covera"": ""pastels on paper"", ""artwor"": ""32.3 cm x 48.3 cm"", ""medium"": ""paintings (visual works)"", ""type"": ""pastels (visual works)"", ""format"": ""Abstract (modern European style)"", ""collec"": ""Margo Veillon Art Collection"", ""source"": ""American University in Cairo"", ""licens"": ""Copyright the American University in Cairo"", ""rights"": ""To inquire about rights and permissions, contact the Rare Books and Special Collections Library, The American University in Cairo at +20.2.2615.3676 or rbscl-ref@aucegypt.edu."", ""google-site-verification"": ""UA-49762962-1"", ""viewport"": ""width=device-width, initial-scale=1.0"", ""og:title"": ""Green and blue"", ""og:description"": ""A dynamic oil pastel drawing of yellow green and blue leaf like structures. The image seems to be moving from how curvy the lines are. The center of the image is mostly yellow, while the rest is a combination of blues and greens. The bottom border is a line of red colors. The middle almost resembles a starfish like design."", ""og:image"": ""http://digitalcollections.aucegypt.edu/iiif/2/p15795coll40:184/full/730,/0/default.jpg"", ""og:url"": ""https://digitalcollections.aucegypt.edu/digital/collection/p15795coll40/id/184/"", ""og:type"": ""website""}"
185,Doors,Margo Veillon,,Margo Veillon Art Collection,pastels on paper,pastels (visual works),paintings (visual works),"A cubic pastel sketch of the outside of houses. The drawing is very abstract. The colors are dull, but there is a cheerful yellow that is very prominent. There is a house on the left side of the drawing with a blue door with no details. Two brown lines curve above the house and have green and yellow","American University in Cairo, Egypt",https://digitalcollections.aucegypt.edu/digital/collection/p15795coll40/id/185/,"http://digitalcollections.aucegypt.edu/iiif/2/p15795coll40:185/full/730,/0/default.jpg",margo_data/images/0185.jpg,"{""title"": ""Doors"", ""titlea"": ""الابواب"", ""titleb"": ""Des portes"", ""creata"": ""Margo Veillon"", ""creato"": ""Egyptian-Swiss"", ""descri"": ""A cubic pastel sketch of the outside of houses. The drawing is very abstract. The colors are dull, but there is a cheerful yellow that is very prominent. There is a house on the left side of the drawing with a blue door with no details. Two brown lines curve above the house and have green and yellow ovals around them, which could be resembling trees."", ""locati"": ""American University in Cairo, Egypt"", ""covera"": ""pastels on paper"", ""artwor"": ""30 cm x 41.8 cm"", ""medium"": ""paintings (visual works)"", ""type"": ""pastels (visual works)"", ""format"": ""Cubist"", ""collec"": ""Margo Veillon Art Collection"", ""source"": ""American University in Cairo"", ""licens"": ""Copyright the American University in Cairo"", ""rights"": ""To inquire about rights and permissions, contact the Rare Books and Special Collections Library, The American University in Cairo at +20.2.2615.3676 or rbscl-ref@aucegypt.edu."", ""google-site-verification"": ""UA-49762962-1"", ""viewport"": ""width=device-width, initial-scale=1.0"", ""og:title"": ""Doors"", ""og:description"": ""A cubic pastel sketch of the outside of houses. The drawing is very abstract. The colors are dull, but there is a cheerful yellow that is very prominent. There is a house on the left side of the drawing with a blue door with no details. Two brown lines curve above the house and have green and yellow ovals around them, which could be resembling trees."", ""og:image"": ""http://digitalcollections.aucegypt.edu/iiif/2/p15795coll40:185/full/730,/0/default.jpg"", ""og:url"": ""https://digitalcollections.aucegypt.edu/digital/collection/p15795coll40/id/185/"", ""og:type"": ""website""}"
186,Lion,Margo Veillon,,Margo Veillon Art Collection,pastels on paper,pastels (visual works),paintings (visual works),"An oil pastel drawing of a lion with a very small snout. It is made of curved geometric shapes with different colors. No two colors touch each other in the drawing. There are blues, greens, yellows, and some black. The lion is almost camouflaged in the sea of colors. It is just his face visible. The","American University in Cairo, Egypt",https://digitalcollections.aucegypt.edu/digital/collection/p15795coll40/id/186/,"http://digitalcollections.aucegypt.edu/iiif/2/p15795coll40:186/full/730,/0/default.jpg",margo_data/images/0186.jpg,"{""title"": ""Lion"", ""titlea"": ""الاسد"", ""titleb"": ""Le lion"", ""creata"": ""Margo Veillon"", ""creato"": ""Egyptian-Swiss"", ""descri"": ""An oil pastel drawing of a lion with a very small snout. It is made of curved geometric shapes with different colors. No two colors touch each other in the drawing. There are blues, greens, yellows, and some black. The lion is almost camouflaged in the sea of colors. It is just his face visible. The background is a red and navy blue scribble pattern."", ""locati"": ""American University in Cairo, Egypt"", ""covera"": ""pastels on paper"", ""artwor"": ""37.7 cm x 26.7 cm"", ""medium"": ""paintings (visual works)"", ""type"": ""pastels (visual works)"", ""format"": ""Abstract (modern European style)"", ""collec"": ""Margo Veillon Art Collection"", ""source"": ""American University in Cairo"", ""licens"": ""Copyright the American University in Cairo"", ""rights"": ""To inquire about rights and permissions, contact the Rare Books and Special Collections Library, The American University in Cairo at +20.2.2615.3676 or rbscl-ref@aucegypt.edu."", ""google-site-verification"": ""UA-49762962-1"", ""viewport"": ""width=device-width, initial-scale=1.0"", ""og:title"": ""Lion"", ""og:description"": ""An oil pastel drawing of a lion with a very small snout. It is made of curved geometric shapes with different colors. No two colors touch each other in the drawing. There are blues, greens, yellows, and some black. The lion is almost camouflaged in the sea of colors. It is just his face visible. The background is a red and navy blue scribble pattern."", ""og:image"": ""http://digitalcollections.aucegypt.edu/iiif/2/p15795coll40:186/full/730,/0/default.jpg"", ""og:url"": ""https://digitalcollections.aucegypt.edu/digital/collection/p15795coll40/id/186/"", ""og:type"": ""website""}"
187,Pink and blue,Margo Veillon,,Margo Veillon Art Collection,pastels on paper,pastels (visual works),paintings (visual works),"Pastel sketch of shapes that look like sailboat sails. All of them are color combinations of blue, red, yellow, and orange. Near the bottom border of the image hill-like shapes are drawn in mostly black and purple pastels. A black figure that is unidentifiable is visible on the right side of the dra","American University in Cairo, Egypt",https://digitalcollections.aucegypt.edu/digital/collection/p15795coll40/id/187/,"http://digitalcollections.aucegypt.edu/iiif/2/p15795coll40:187/full/730,/0/default.jpg",margo_data/images/0187.jpg,"{""title"": ""Pink and blue"", ""titlea"": ""الوردي والأزرق"", ""titleb"": ""Rose et bleu"", ""creata"": ""Margo Veillon"", ""creato"": ""Egyptian-Swiss"", ""descri"": ""Pastel sketch of shapes that look like sailboat sails. All of them are color combinations of blue, red, yellow, and orange. Near the bottom border of the image hill-like shapes are drawn in mostly black and purple pastels. A black figure that is unidentifiable is visible on the right side of the drawing."", ""locati"": ""American University in Cairo, Egypt"", ""covera"": ""pastels on paper"", ""artwor"": ""25.3 cm x 34.5 cm"", ""medium"": ""paintings (visual works)"", ""type"": ""pastels (visual works)"", ""format"": ""Abstract (modern European style)"", ""collec"": ""Margo Veillon Art Collection"", ""source"": ""American University in Cairo"", ""licens"": ""Copyright the American University in Cairo"", ""rights"": ""To inquire about rights and permissions, contact the Rare Books and Special Collections Library, The American University in Cairo at +20.2.2615.3676 or rbscl-ref@aucegypt.edu."", ""google-site-verification"": ""UA-49762962-1"", ""viewport"": ""width=device-width, initial-scale=1.0"", ""og:title"": ""Pink and blue"", ""og:description"": ""Pastel sketch of shapes that look like sailboat sails. All of them are color combinations of blue, red, yellow, and orange. Near the bottom border of the image hill-like shapes are drawn in mostly black and purple pastels. A black figure that is unidentifiable is visible on the right side of the drawing."", ""og:image"": ""http://digitalcollections.aucegypt.edu/iiif/2/p15795coll40:187/full/730,/0/default.jpg"", ""og:url"": ""https://digitalcollections.aucegypt.edu/digital/collection/p15795coll40/id/187/"", ""og:type"": ""website""}"
188,Old man,Margo Veillon,,Margo Veillon Art Collection,linocut print on paper,linocuts (prints),prints (visual works),"A linocut of an old hunched over man. He is wrinkled and has a big nose. His forehead has a bow shaped wrinkled and his eyebrows bend in the center making him look angry. His chin and nose curve into one another. He has a big ear, and the image is that of his side profile. He is wearing a turban and","American University in Cairo, Egypt",https://digitalcollections.aucegypt.edu/digital/collection/p15795coll40/id/188/,"http://digitalcollections.aucegypt.edu/iiif/2/p15795coll40:188/full/730,/0/default.jpg",margo_data/images/0188.jpg,"{""title"": ""Old man"", ""titlea"": ""رجل مسن"", ""titleb"": ""Vieil homme"", ""creata"": ""Margo Veillon"", ""creato"": ""Egyptian-Swiss"", ""descri"": ""A linocut of an old hunched over man. He is wrinkled and has a big nose. His forehead has a bow shaped wrinkled and his eyebrows bend in the center making him look angry. His chin and nose curve into one another. He has a big ear, and the image is that of his side profile. He is wearing a turban and has a strange smirk on his face ."", ""locati"": ""American University in Cairo, Egypt"", ""covera"": ""linocut print on paper"", ""artwor"": ""24.4 cm x 17.8 cm"", ""medium"": ""prints (visual works)"", ""type"": ""linocuts (prints)"", ""format"": ""Expressionist (style)"", ""collec"": ""Margo Veillon Art Collection"", ""source"": ""American University in Cairo"", ""licens"": ""Copyright the American University in Cairo"", ""rights"": ""To inquire about rights and permissions, contact the Rare Books and Special Collections Library, The American University in Cairo at +20.2.2615.3676 or rbscl-ref@aucegypt.edu."", ""google-site-verification"": ""UA-49762962-1"", ""viewport"": ""width=device-width, initial-scale=1.0"", ""og:title"": ""Old man"", ""og:description"": ""A linocut of an old hunched over man. He is wrinkled and has a big nose. His forehead has a bow shaped wrinkled and his eyebrows bend in the center making him look angry. His chin and nose curve into one another. He has a big ear, and the image is that of his side profile. He is wearing a turban and has a strange smirk on his face ."", ""og:image"": ""http://digitalcollections.aucegypt.edu/iiif/2/p15795coll40:188/full/730,/0/default.jpg"", ""og:url"": ""https://digitalcollections.aucegypt.edu/digital/collection/p15795coll40/id/188/"", ""og:type"": ""website""}"
189,Cairo restaurant,Margo Veillon,,Margo Veillon Art Collection,linocut print on paper,linocuts (prints),prints (visual works),"A linocut of a classic Caireen restaurant with interesting characters. A veiled woman breastfeeds her baby on the ground in front of the store. She is wearing a veil that covers her face, and a geometric patterned dress. An older bearded man looks down to her while he holds the ankles of a child tha","American University in Cairo, Egypt",https://digitalcollections.aucegypt.edu/digital/collection/p15795coll40/id/189/,"http://digitalcollections.aucegypt.edu/iiif/2/p15795coll40:189/full/730,/0/default.jpg",margo_data/images/0189.jpg,"{""title"": ""Cairo restaurant"", ""titlea"": ""مطعم القاهرة"", ""titleb"": ""Restaurant Le Caire"", ""creata"": ""Margo Veillon"", ""creato"": ""Egyptian-Swiss"", ""descri"": ""A linocut of a classic Caireen restaurant with interesting characters. A veiled woman breastfeeds her baby on the ground in front of the store. She is wearing a veil that covers her face, and a geometric patterned dress. An older bearded man looks down to her while he holds the ankles of a child that is sitting on his shoulders. Behind this family, a man is washing dishes and wearing an apron. In the background the coffee shop has several tables and seems full but not crowded. The shop has 1 huge door that opens the entire wall. A man sits sipping coffee or tea on the right side of the linocut, one leg crossed over the other as he looks upon two chickens pecking in the dirt between him and the breastfeeding woman on the ground."", ""descra"": ""Veillon, orig. linoprint, Kriche - cairo 3/20"", ""locati"": ""American University in Cairo, Egypt"", ""covera"": ""linocut print on paper"", ""artwor"": ""23.7 cm x 37.5 cm"", ""medium"": ""prints (visual works)"", ""type"": ""linocuts (prints)"", ""format"": ""Impressionist (style)"", ""collec"": ""Margo Veillon Art Collection"", ""source"": ""American University in Cairo"", ""licens"": ""Copyright the American University in Cairo"", ""rights"": ""To inquire about rights and permissions, contact the Rare Books and Special Collections Library, The American University in Cairo at +20.2.2615.3676 or rbscl-ref@aucegypt.edu."", ""google-site-verification"": ""UA-49762962-1"", ""viewport"": ""width=device-width, initial-scale=1.0"", ""og:title"": ""Cairo restaurant"", ""og:description"": ""A linocut of a classic Caireen restaurant with interesting characters. A veiled woman breastfeeds her baby on the ground in front of the store. She is wearing a veil that covers her face, and a geometric patterned dress. An older bearded man looks down to her while he holds the ankles of a child that is sitting on his shoulders. Behind this family, a man is washing dishes and wearing an apron. In the background the coffee shop has several tables and seems full but not crowded. The shop has 1 huge door that opens the entire wall. A man sits sipping coffee or tea on the right side of the linocut, one leg crossed over the other as he looks upon two chickens pecking in the dirt between him and the breastfeeding woman on the ground."", ""og:image"": ""http://digitalcollections.aucegypt.edu/iiif/2/p15795coll40:189/full/730,/0/default.jpg"", ""og:url"": ""https://digitalcollections.aucegypt.edu/digital/collection/p15795coll40/id/189/"", ""og:type"": ""website""}"
190,Grocer,Margo Veillon,,Margo Veillon Art Collection,linocut print on paper,linocuts (prints),prints (visual works),"A linocut of a grocery store. The walls have shelves filled with boxes and all the way up to the ceiling. Three scales hang down from the ceiling in order to weigh orders. Two men are standing behind the counter. One is further back than the other, down a hallway behind the counter. A man and woman ","American University in Cairo, Egypt",https://digitalcollections.aucegypt.edu/digital/collection/p15795coll40/id/190/,"http://digitalcollections.aucegypt.edu/iiif/2/p15795coll40:190/full/730,/0/default.jpg",margo_data/images/0190.jpg,"{""title"": ""Grocer"", ""titlea"": ""البقال"", ""titleb"": ""Épicier"", ""creata"": ""Margo Veillon"", ""creato"": ""Egyptian-Swiss"", ""descri"": ""A linocut of a grocery store. The walls have shelves filled with boxes and all the way up to the ceiling. Three scales hang down from the ceiling in order to weigh orders. Two men are standing behind the counter. One is further back than the other, down a hallway behind the counter. A man and woman sit back to back in front of the counter, both with their families it seems. The man is old in age and has his hand raised to reach for something upon the countertop. A veiled woman is facing towards the counter so her face is not visible. She is holding the hand f her young boy who is holding what seems to be a toy horse and looking away into the distance. The other family are two veiled woman and a young boy with a bored look on his face, also facing away."", ""locati"": ""American University in Cairo, Egypt"", ""covera"": ""linocut print on paper"", ""artwor"": ""27.8 cm x 31.6 cm"", ""medium"": ""prints (visual works)"", ""type"": ""linocuts (prints)"", ""format"": ""Realism (style)"", ""collec"": ""Margo Veillon Art Collection"", ""source"": ""American University in Cairo"", ""licens"": ""Copyright the American University in Cairo"", ""rights"": ""To inquire about rights and permissions, contact the Rare Books and Special Collections Library, The American University in Cairo at +20.2.2615.3676 or rbscl-ref@aucegypt.edu."", ""google-site-verification"": ""UA-49762962-1"", ""viewport"": ""width=device-width, initial-scale=1.0"", ""og:title"": ""Grocer"", ""og:description"": ""A linocut of a grocery store. The walls have shelves filled with boxes and all the way up to the ceiling. Three scales hang down from the ceiling in order to weigh orders. Two men are standing behind the counter. One is further back than the other, down a hallway behind the counter. A man and woman sit back to back in front of the counter, both with their families it seems. The man is old in age and has his hand raised to reach for something upon the countertop. A veiled woman is facing towards the counter so her face is not visible. She is holding the hand f her young boy who is holding what seems to be a toy horse and looking away into the distance. The other family are two veiled woman and a young boy with a bored look on his face, also facing away."", ""og:image"": ""http://digitalcollections.aucegypt.edu/iiif/2/p15795coll40:190/full/730,/0/default.jpg"", ""og:url"": ""https://digitalcollections.aucegypt.edu/digital/collection/p15795coll40/id/190/"", ""og:type"": ""website""}"
191,Copper pot makers,Margo Veillon,,Margo Veillon Art Collection,linocut print on paper,linocuts (prints),prints (visual works),"Colored linocut of 8 copper pot makers. All of them are men. One man is smoking a shisha watching the others work. Two of the men are facing each other warping a piece of golden colored copper. Two men in the back are using hammers to shape the copper pots, and two men are discussing a aspect of the","American University in Cairo, Egypt",https://digitalcollections.aucegypt.edu/digital/collection/p15795coll40/id/191/,"http://digitalcollections.aucegypt.edu/iiif/2/p15795coll40:191/full/730,/0/default.jpg",margo_data/images/0191.jpg,"{""title"": ""Copper pot makers"", ""titlea"": ""صناع الاوعيه النحاسيه"", ""titleb"": ""Fabricants de pots en cuivre"", ""creata"": ""Margo Veillon"", ""creato"": ""Egyptian-Swiss"", ""descri"": ""Colored linocut of 8 copper pot makers. All of them are men. One man is smoking a shisha watching the others work. Two of the men are facing each other warping a piece of golden colored copper. Two men in the back are using hammers to shape the copper pots, and two men are discussing a aspect of the copper. In the foreground, a man is polishing a finished copper pot. This is the only man not wearing traditional blue rural wear, as he is wearing a copper colored tunic. he is contently polishing the pots."", ""locati"": ""American University in Cairo, Egypt"", ""covera"": ""linocut print on paper"", ""artwor"": ""28.5 cm x 38 cm"", ""medium"": ""prints (visual works)"", ""type"": ""linocuts (prints)"", ""format"": ""Realism (style)"", ""collec"": ""Margo Veillon Art Collection"", ""source"": ""American University in Cairo"", ""licens"": ""Copyright the American University in Cairo"", ""rights"": ""To inquire about rights and permissions, contact the Rare Books and Special Collections Library, The American University in Cairo at +20.2.2615.3676 or rbscl-ref@aucegypt.edu."", ""google-site-verification"": ""UA-49762962-1"", ""viewport"": ""width=device-width, initial-scale=1.0"", ""og:title"": ""Copper pot makers"", ""og:description"": ""Colored linocut of 8 copper pot makers. All of them are men. One man is smoking a shisha watching the others work. Two of the men are facing each other warping a piece of golden colored copper. Two men in the back are using hammers to shape the copper pots, and two men are discussing a aspect of the copper. In the foreground, a man is polishing a finished copper pot. This is the only man not wearing traditional blue rural wear, as he is wearing a copper colored tunic. he is contently polishing the pots."", ""og:image"": ""http://digitalcollections.aucegypt.edu/iiif/2/p15795coll40:191/full/730,/0/default.jpg"", ""og:url"": ""https://digitalcollections.aucegypt.edu/digital/collection/p15795coll40/id/191/"", ""og:type"": ""website""}"
192,Wrinkled woman,Margo Veillon,,Margo Veillon Art Collection,linocut print on paper,linocuts (prints),prints (visual works),"Linocut portrait of a very old veiled woman. Her face is wrinkled and her eyes are almost closed from her sagging skin. She wears a smile that adds more wrinkles to her face, and seems to have a tender look on her face. She is resting her head on her hand and using her other hand she further support","American University in Cairo, Egypt",https://digitalcollections.aucegypt.edu/digital/collection/p15795coll40/id/192/,"http://digitalcollections.aucegypt.edu/iiif/2/p15795coll40:192/full/730,/0/default.jpg",margo_data/images/0192.jpg,"{""title"": ""Wrinkled woman"", ""titlea"": ""امرأة متجعدة"", ""titleb"": ""Femme ridée"", ""creata"": ""Margo Veillon"", ""creato"": ""Egyptian-Swiss"", ""descri"": ""Linocut portrait of a very old veiled woman. Her face is wrinkled and her eyes are almost closed from her sagging skin. She wears a smile that adds more wrinkles to her face, and seems to have a tender look on her face. She is resting her head on her hand and using her other hand she further supports her first hand by grabbing her own arm. Her knuckles are visible and boney, her stance makes her seem frail, and yet she is wearing heavy looking rings on most of her fingers suggesting she is wealthy."", ""descra"": ""Margo Veillon, orig, linoprint"", ""locati"": ""American University in Cairo, Egypt"", ""covera"": ""linocut print on paper"", ""artwor"": ""44.4 cm x 34.5 cm"", ""medium"": ""prints (visual works)"", ""type"": ""linocuts (prints)"", ""format"": ""Expressionist (style)"", ""collec"": ""Margo Veillon Art Collection"", ""source"": ""American University in Cairo"", ""licens"": ""Copyright the American University in Cairo"", ""rights"": ""To inquire about rights and permissions, contact the Rare Books and Special Collections Library, The American University in Cairo at +20.2.2615.3676 or rbscl-ref@aucegypt.edu."", ""google-site-verification"": ""UA-49762962-1"", ""viewport"": ""width=device-width, initial-scale=1.0"", ""og:title"": ""Wrinkled woman"", ""og:description"": ""Linocut portrait of a very old veiled woman. Her face is wrinkled and her eyes are almost closed from her sagging skin. She wears a smile that adds more wrinkles to her face, and seems to have a tender look on her face. She is resting her head on her hand and using her other hand she further supports her first hand by grabbing her own arm. Her knuckles are visible and boney, her stance makes her seem frail, and yet she is wearing heavy looking rings on most of her fingers suggesting she is wealthy."", ""og:image"": ""http://digitalcollections.aucegypt.edu/iiif/2/p15795coll40:192/full/730,/0/default.jpg"", ""og:url"": ""https://digitalcollections.aucegypt.edu/digital/collection/p15795coll40/id/192/"", ""og:type"": ""website""}"
193,Three rural scenes,Margo Veillon,,Margo Veillon Art Collection,linocut print on paper,linocuts (prints),prints (visual works),Three linocut scenes of rural life in their own rectangles are seen. the first depicts a man sitting upon his donkey walking down a road holding his musket up into the air. The leaves of a tree line the edge of the top of this rectangle. The second linocut is a farmer dressed in his underwear standi,"American University in Cairo, Egypt",https://digitalcollections.aucegypt.edu/digital/collection/p15795coll40/id/193/,"http://digitalcollections.aucegypt.edu/iiif/2/p15795coll40:193/full/730,/0/default.jpg",margo_data/images/0193.jpg,"{""title"": ""Three rural scenes"", ""titlea"": ""ثلاثة مشاهد ريفية"", ""titleb"": ""Trois scènes champêtres"", ""creata"": ""Margo Veillon"", ""creato"": ""Egyptian-Swiss"", ""descri"": ""Three linocut scenes of rural life in their own rectangles are seen. the first depicts a man sitting upon his donkey walking down a road holding his musket up into the air. The leaves of a tree line the edge of the top of this rectangle. The second linocut is a farmer dressed in his underwear standing upon farm ground and looking to the side. The different sections of dirt can be seen. The last linocut is of a boy dropped on top of a water buffalo in the middle of a road. The water buffalo's head seems to be turning. There is greenery behind the boy and the buffalo and in the foreground."", ""descra"": ""Margo Veillon, Caption: linocut 21/40"", ""locati"": ""American University in Cairo, Egypt"", ""covera"": ""linocut print on paper"", ""artwor"": ""31.8 cm x 67 cm"", ""medium"": ""prints (visual works)"", ""type"": ""linocuts (prints)"", ""format"": ""Expressionist (style)"", ""collec"": ""Margo Veillon Art Collection"", ""source"": ""American University in Cairo"", ""licens"": ""Copyright the American University in Cairo"", ""rights"": ""To inquire about rights and permissions, contact the Rare Books and Special Collections Library, The American University in Cairo at +20.2.2615.3676 or rbscl-ref@aucegypt.edu."", ""google-site-verification"": ""UA-49762962-1"", ""viewport"": ""width=device-width, initial-scale=1.0"", ""og:title"": ""Three rural scenes"", ""og:description"": ""Three linocut scenes of rural life in their own rectangles are seen. the first depicts a man sitting upon his donkey walking down a road holding his musket up into the air. The leaves of a tree line the edge of the top of this rectangle. The second linocut is a farmer dressed in his underwear standing upon farm ground and looking to the side. The different sections of dirt can be seen. The last linocut is of a boy dropped on top of a water buffalo in the middle of a road. The water buffalo's head seems to be turning. There is greenery behind the boy and the buffalo and in the foreground."", ""og:image"": ""http://digitalcollections.aucegypt.edu/iiif/2/p15795coll40:193/full/730,/0/default.jpg"", ""og:url"": ""https://digitalcollections.aucegypt.edu/digital/collection/p15795coll40/id/193/"", ""og:type"": ""website""}"
194,Using the shaduf,Margo Veillon,,Margo Veillon Art Collection,lithography print on paper,ithographs,prints (visual works),"A lithoprint of two Egyptian farmers using two shadufs to take water from the Nile. In the distance, there is the opposite bank of the Nile. The farmers are also accompanied by a group of six donkeys of varying colors, from white to black. There is also a large tree behind them whose leaves blend in","American University in Cairo, Egypt",https://digitalcollections.aucegypt.edu/digital/collection/p15795coll40/id/194/,"http://digitalcollections.aucegypt.edu/iiif/2/p15795coll40:194/full/730,/0/default.jpg",margo_data/images/0194.jpg,"{""title"": ""Using the shaduf"", ""titlea"": ""استخدام الشادوف"", ""titleb"": ""Utiliser le chadouf"", ""creata"": ""Margo Veillon"", ""creato"": ""Egyptian-Swiss"", ""descri"": ""A lithoprint of two Egyptian farmers using two shadufs to take water from the Nile. In the distance, there is the opposite bank of the Nile. The farmers are also accompanied by a group of six donkeys of varying colors, from white to black. There is also a large tree behind them whose leaves blend in with the sky. The painting is done in black, light orange, and blue ink. The farmers are wearing jalabiyas; the one on the left has a galabeya that is a mix of blue, black, and orange, but the one on the right has a white galabeya."", ""descra"": ""Margo Veillon, Caption: litho 3/5"", ""locati"": ""American University in Cairo, Egypt"", ""covera"": ""lithography print on paper"", ""artwor"": ""34.5 cm x 50 cm"", ""medium"": ""prints (visual works)"", ""type"": ""ithographs"", ""format"": ""Impressionist (style)"", ""collec"": ""Margo Veillon Art Collection"", ""source"": ""American University in Cairo"", ""licens"": ""Copyright the American University in Cairo"", ""rights"": ""To inquire about rights and permissions, contact the Rare Books and Special Collections Library, The American University in Cairo at +20.2.2615.3676 or rbscl-ref@aucegypt.edu."", ""google-site-verification"": ""UA-49762962-1"", ""viewport"": ""width=device-width, initial-scale=1.0"", ""og:title"": ""Using the shaduf"", ""og:description"": ""A lithoprint of two Egyptian farmers using two shadufs to take water from the Nile. In the distance, there is the opposite bank of the Nile. The farmers are also accompanied by a group of six donkeys of varying colors, from white to black. There is also a large tree behind them whose leaves blend in with the sky. The painting is done in black, light orange, and blue ink. The farmers are wearing jalabiyas; the one on the left has a galabeya that is a mix of blue, black, and orange, but the one on the right has a white galabeya."", ""og:image"": ""http://digitalcollections.aucegypt.edu/iiif/2/p15795coll40:194/full/730,/0/default.jpg"", ""og:url"": ""https://digitalcollections.aucegypt.edu/digital/collection/p15795coll40/id/194/"", ""og:type"": ""website""}"
195,Geese,Margo Veillon,,Margo Veillon Art Collection,lithography print on paper,ithographs,prints (visual works),"A lithograph of a small rural scene of three geese standing and facing the left of the composition. On the left, there is some baskets, plants, and Egyptian pottery leaning against a log.","American University in Cairo, Egypt",https://digitalcollections.aucegypt.edu/digital/collection/p15795coll40/id/195/,"http://digitalcollections.aucegypt.edu/iiif/2/p15795coll40:195/full/730,/0/default.jpg",margo_data/images/0195.jpg,"{""title"": ""Geese"", ""titlea"": ""أوز"", ""titleb"": ""Oies"", ""creata"": ""Margo Veillon"", ""creato"": ""Egyptian-Swiss"", ""descri"": ""A lithograph of a small rural scene of three geese standing and facing the left of the composition. On the left, there is some baskets, plants, and Egyptian pottery leaning against a log."", ""descra"": ""Margo Veillon, Caption: litho IX/10, 150 LE"", ""locati"": ""American University in Cairo, Egypt"", ""covera"": ""lithography print on paper"", ""artwor"": ""47.5 cm x 56.5 cm"", ""medium"": ""prints (visual works)"", ""type"": ""ithographs"", ""format"": ""Impressionist (style)"", ""collec"": ""Margo Veillon Art Collection"", ""source"": ""American University in Cairo"", ""licens"": ""Copyright the American University in Cairo"", ""rights"": ""To inquire about rights and permissions, contact the Rare Books and Special Collections Library, The American University in Cairo at +20.2.2615.3676 or rbscl-ref@aucegypt.edu."", ""google-site-verification"": ""UA-49762962-1"", ""viewport"": ""width=device-width, initial-scale=1.0"", ""og:title"": ""Geese"", ""og:description"": ""A lithograph of a small rural scene of three geese standing and facing the left of the composition. On the left, there is some baskets, plants, and Egyptian pottery leaning against a log."", ""og:image"": ""http://digitalcollections.aucegypt.edu/iiif/2/p15795coll40:195/full/730,/0/default.jpg"", ""og:url"": ""https://digitalcollections.aucegypt.edu/digital/collection/p15795coll40/id/195/"", ""og:type"": ""website""}"
196,Sleeping farmer,Margo Veillon,,Margo Veillon Art Collection,lithography print on paper,ithographs,prints (visual works),"A portrait of an Egyptian peasant man dressed in a white jalabiya with a white hat. His knees are bent, and he is leaning his hands and his face on them, eyes closed as if resting or asleep. His face is wrinkled and his eyebrows are drawn together like he is worried. There is a blurry, vaguely color","American University in Cairo, Egypt",https://digitalcollections.aucegypt.edu/digital/collection/p15795coll40/id/196/,"http://digitalcollections.aucegypt.edu/iiif/2/p15795coll40:196/full/730,/0/default.jpg",margo_data/images/0196.jpg,"{""title"": ""Sleeping farmer"", ""titlea"": ""المزارع نائم"", ""titleb"": ""Un Fermier endormi"", ""creata"": ""Margo Veillon"", ""creato"": ""Egyptian-Swiss"", ""descri"": ""A portrait of an Egyptian peasant man dressed in a white jalabiya with a white hat. His knees are bent, and he is leaning his hands and his face on them, eyes closed as if resting or asleep. His face is wrinkled and his eyebrows are drawn together like he is worried. There is a blurry, vaguely colored background behind him, but he is accompanied by a goose and the head of a bull."", ""descra"": ""Margo Veillon, brif litho Caption: 3/10"", ""locati"": ""American University in Cairo, Egypt"", ""covera"": ""lithography print on paper"", ""artwor"": ""46 cm x 62.4 cm"", ""medium"": ""prints (visual works)"", ""type"": ""ithographs"", ""format"": ""Expressionist (style)"", ""collec"": ""Margo Veillon Art Collection"", ""source"": ""American University in Cairo"", ""licens"": ""Copyright the American University in Cairo"", ""rights"": ""To inquire about rights and permissions, contact the Rare Books and Special Collections Library, The American University in Cairo at +20.2.2615.3676 or rbscl-ref@aucegypt.edu."", ""google-site-verification"": ""UA-49762962-1"", ""viewport"": ""width=device-width, initial-scale=1.0"", ""og:title"": ""Sleeping farmer"", ""og:description"": ""A portrait of an Egyptian peasant man dressed in a white jalabiya with a white hat. His knees are bent, and he is leaning his hands and his face on them, eyes closed as if resting or asleep. His face is wrinkled and his eyebrows are drawn together like he is worried. There is a blurry, vaguely colored background behind him, but he is accompanied by a goose and the head of a bull."", ""og:image"": ""http://digitalcollections.aucegypt.edu/iiif/2/p15795coll40:196/full/730,/0/default.jpg"", ""og:url"": ""https://digitalcollections.aucegypt.edu/digital/collection/p15795coll40/id/196/"", ""og:type"": ""website""}"
197,Three elders,Margo Veillon,,Margo Veillon Art Collection,lithography print on paper,ithographs,prints (visual works),"A scene of three older Egyptian men sitting together in front of the Nile, where there are three feluccas floating on the water. The man on the left is dressed in a blue galabeya with a pink scarf wrapped around his head; he has a slightly fair complexion and dark eyebrows and a mustache, and his he","American University in Cairo, Egypt",https://digitalcollections.aucegypt.edu/digital/collection/p15795coll40/id/197/,"http://digitalcollections.aucegypt.edu/iiif/2/p15795coll40:197/full/730,/0/default.jpg",margo_data/images/0197.jpg,"{""title"": ""Three elders"", ""titlea"": ""ثلاثة شيوخ"", ""titleb"": ""Trois anciens"", ""creata"": ""Margo Veillon"", ""creato"": ""Egyptian-Swiss"", ""descri"": ""A scene of three older Egyptian men sitting together in front of the Nile, where there are three feluccas floating on the water. The man on the left is dressed in a blue galabeya with a pink scarf wrapped around his head; he has a slightly fair complexion and dark eyebrows and a mustache, and his head is leaning sharply to the left. He is holding a shisha between his head and his lap and holding another cane with his right hand. Next to him, in the middle, is an older man with white hair and mustache. He is dressed in a yellow galabeya and has a yellow scarf hanging from his head. He is crouched forward. The last man, the one on the right, has a dark complexion. He is wearing a brown galabeya and has a brown scarf wrapped around his head, and is also holding a dark cane with his right hand. He is holding a shisha apparatus with his left hand."", ""descra"": ""grobe druche, 1955, Margo Veillon"", ""locati"": ""American University in Cairo, Egypt"", ""covera"": ""lithography print on paper"", ""artwor"": ""44.7 cm x 63.7 cm"", ""medium"": ""prints (visual works)"", ""type"": ""ithographs"", ""format"": ""Expressionist (style)"", ""collec"": ""Margo Veillon Art Collection"", ""source"": ""American University in Cairo"", ""licens"": ""Copyright the American University in Cairo"", ""rights"": ""To inquire about rights and permissions, contact the Rare Books and Special Collections Library, The American University in Cairo at +20.2.2615.3676 or rbscl-ref@aucegypt.edu."", ""google-site-verification"": ""UA-49762962-1"", ""viewport"": ""width=device-width, initial-scale=1.0"", ""og:title"": ""Three elders"", ""og:description"": ""A scene of three older Egyptian men sitting together in front of the Nile, where there are three feluccas floating on the water. The man on the left is dressed in a blue galabeya with a pink scarf wrapped around his head; he has a slightly fair complexion and dark eyebrows and a mustache, and his head is leaning sharply to the left. He is holding a shisha between his head and his lap and holding another cane with his right hand. Next to him, in the middle, is an older man with white hair and mustache. He is dressed in a yellow galabeya and has a yellow scarf hanging from his head. He is crouched forward. The last man, the one on the right, has a dark complexion. He is wearing a brown galabeya and has a brown scarf wrapped around his head, and is also holding a dark cane with his right hand. He is holding a shisha apparatus with his left hand."", ""og:image"": ""http://digitalcollections.aucegypt.edu/iiif/2/p15795coll40:197/full/730,/0/default.jpg"", ""og:url"": ""https://digitalcollections.aucegypt.edu/digital/collection/p15795coll40/id/197/"", ""og:type"": ""website""}"
198,Zeinab,Margo Veillon,,Margo Veillon Art Collection,linocut print on paper,linocuts (prints),prints (visual works),Lino Print stylized a portrait of an older Egyptian woman with her cheek leaning on her palm. She seems to be dressed in black clothing against a black background. She has a thoughtful look on her face. Her hand is textured and weathered. She is wearing two black bracelets and her hair is slightly v,"American University in Cairo, Egypt",https://digitalcollections.aucegypt.edu/digital/collection/p15795coll40/id/198/,"http://digitalcollections.aucegypt.edu/iiif/2/p15795coll40:198/full/730,/0/default.jpg",margo_data/images/0198.jpg,"{""title"": ""Zeinab"", ""titlea"": ""زينب"", ""titleb"": ""Zaynab"", ""creata"": ""Margo Veillon"", ""creato"": ""Egyptian-Swiss"", ""descri"": ""Lino Print stylized a portrait of an older Egyptian woman with her cheek leaning on her palm. She seems to be dressed in black clothing against a black background. She has a thoughtful look on her face. Her hand is textured and weathered. She is wearing two black bracelets and her hair is slightly visible. The style is angular."", ""descra"": ""linoprint Caption: 6/30, Margo Veillon"", ""locati"": ""American University in Cairo, Egypt"", ""covera"": ""linocut print on paper"", ""artwor"": ""50.5 cm x 38 cm"", ""medium"": ""prints (visual works)"", ""type"": ""linocuts (prints)"", ""format"": ""Expressionist (style)"", ""collec"": ""Margo Veillon Art Collection"", ""source"": ""American University in Cairo"", ""licens"": ""Copyright the American University in Cairo"", ""rights"": ""To inquire about rights and permissions, contact the Rare Books and Special Collections Library, The American University in Cairo at +20.2.2615.3676 or rbscl-ref@aucegypt.edu."", ""google-site-verification"": ""UA-49762962-1"", ""viewport"": ""width=device-width, initial-scale=1.0"", ""og:title"": ""Zeinab"", ""og:description"": ""Lino Print stylized a portrait of an older Egyptian woman with her cheek leaning on her palm. She seems to be dressed in black clothing against a black background. She has a thoughtful look on her face. Her hand is textured and weathered. She is wearing two black bracelets and her hair is slightly visible. The style is angular."", ""og:image"": ""http://digitalcollections.aucegypt.edu/iiif/2/p15795coll40:198/full/730,/0/default.jpg"", ""og:url"": ""https://digitalcollections.aucegypt.edu/digital/collection/p15795coll40/id/198/"", ""og:type"": ""website""}"
199,Three kids,Margo Veillon,,Margo Veillon Art Collection,linocut print on paper,linocuts (prints),prints (visual works),"A stylized linocut scene of three children on what seems like a carnival ride or merry-go-round, each of them on a wooden horse that is held up on a pole on which the children are holding on. One of them, the boy on the left is wearing a striped galabeya and is barefoot. The one on the right, seemin","American University in Cairo, Egypt",https://digitalcollections.aucegypt.edu/digital/collection/p15795coll40/id/199/,"http://digitalcollections.aucegypt.edu/iiif/2/p15795coll40:199/full/730,/0/default.jpg",margo_data/images/0199.jpg,"{""title"": ""Three kids"", ""titlea"": ""ثلاثة اطفال"", ""titleb"": ""Trois enfants"", ""creata"": ""Margo Veillon"", ""creato"": ""Egyptian-Swiss"", ""descri"": ""A stylized linocut scene of three children on what seems like a carnival ride or merry-go-round, each of them on a wooden horse that is held up on a pole on which the children are holding on. One of them, the boy on the left is wearing a striped galabeya and is barefoot. The one on the right, seemingly a girl, is also holding the pole tightly, looking back towards the boy with a smile on her face, the scarf on her head blowing behind her. She is also wearing a galabeya and is barefoot. Both are facing the right. The third child, in the back, is facing the left, is riding her horse side-saddle, and looking forward. Her scarf is also blowing behind her. Her galabeya is patterned, and she is wearing slippers. Her horse, unlike the other two who are white, is black. The children are all bathed in yellow light. There is a patterned background behind them."", ""descra"": ""Margo.Veillon, linocut"", ""locati"": ""American University in Cairo, Egypt"", ""covera"": ""linocut print on paper"", ""artwor"": ""37.9 cm x 50.2 cm"", ""medium"": ""prints (visual works)"", ""type"": ""linocuts (prints)"", ""format"": ""Impressionist (style)"", ""collec"": ""Margo Veillon Art Collection"", ""source"": ""American University in Cairo"", ""licens"": ""Copyright the American University in Cairo"", ""rights"": ""To inquire about rights and permissions, contact the Rare Books and Special Collections Library, The American University in Cairo at +20.2.2615.3676 or rbscl-ref@aucegypt.edu."", ""google-site-verification"": ""UA-49762962-1"", ""viewport"": ""width=device-width, initial-scale=1.0"", ""og:title"": ""Three kids"", ""og:description"": ""A stylized linocut scene of three children on what seems like a carnival ride or merry-go-round, each of them on a wooden horse that is held up on a pole on which the children are holding on. One of them, the boy on the left is wearing a striped galabeya and is barefoot. The one on the right, seemingly a girl, is also holding the pole tightly, looking back towards the boy with a smile on her face, the scarf on her head blowing behind her. She is also wearing a galabeya and is barefoot. Both are facing the right. The third child, in the back, is facing the left, is riding her horse side-saddle, and looking forward. Her scarf is also blowing behind her. Her galabeya is patterned, and she is wearing slippers. Her horse, unlike the other two who are white, is black. The children are all bathed in yellow light. There is a patterned background behind them."", ""og:image"": ""http://digitalcollections.aucegypt.edu/iiif/2/p15795coll40:199/full/730,/0/default.jpg"", ""og:url"": ""https://digitalcollections.aucegypt.edu/digital/collection/p15795coll40/id/199/"", ""og:type"": ""website""}"
200,Utensils store,Margo Veillon,,Margo Veillon Art Collection,linocut print on paper,linocuts (prints),prints (visual works),"Lino Print of a traditional Egyptian workshop. On the far right, there is a man dressed in an Egyptian gallabia sitting on a couch, next to a small round table, looking forward. All around him are what seems to be trays and vases and other handmade furniture items, all piled up against each other an","American University in Cairo, Egypt",https://digitalcollections.aucegypt.edu/digital/collection/p15795coll40/id/200/,"http://digitalcollections.aucegypt.edu/iiif/2/p15795coll40:200/full/730,/0/default.jpg",margo_data/images/0200.jpg,"{""title"": ""Utensils store"", ""titlea"": ""متجر أواني"", ""titleb"": ""Magasin d'ustensiles"", ""creata"": ""Margo Veillon"", ""creato"": ""Egyptian-Swiss"", ""descri"": ""Lino Print of a traditional Egyptian workshop. On the far right, there is a man dressed in an Egyptian gallabia sitting on a couch, next to a small round table, looking forward. All around him are what seems to be trays and vases and other handmade furniture items, all piled up against each other and leaning against each other. There is fabric hanging from the ceiling. On the left, a woman dressed in a black abaya, carrying her child on her shoulders, has her back to the viewer as she is entering the workshop. There is a young boy in a jalabiya in front of her, holding a bucket and looking back at her as she comes in. There is a sign with unintelligible Arabic writing on it."", ""descra"": ""Margo. Veillon, line graph"", ""locati"": ""American University in Cairo, Egypt"", ""covera"": ""linocut print on paper"", ""artwor"": ""30.4 cm x 37.3 cm"", ""medium"": ""prints (visual works)"", ""type"": ""linocuts (prints)"", ""format"": ""Impressionist (style)"", ""collec"": ""Margo Veillon Art Collection"", ""source"": ""American University in Cairo"", ""licens"": ""Copyright the American University in Cairo"", ""rights"": ""To inquire about rights and permissions, contact the Rare Books and Special Collections Library, The American University in Cairo at +20.2.2615.3676 or rbscl-ref@aucegypt.edu."", ""google-site-verification"": ""UA-49762962-1"", ""viewport"": ""width=device-width, initial-scale=1.0"", ""og:title"": ""Utensils store"", ""og:description"": ""Lino Print of a traditional Egyptian workshop. On the far right, there is a man dressed in an Egyptian gallabia sitting on a couch, next to a small round table, looking forward. All around him are what seems to be trays and vases and other handmade furniture items, all piled up against each other and leaning against each other. There is fabric hanging from the ceiling. On the left, a woman dressed in a black abaya, carrying her child on her shoulders, has her back to the viewer as she is entering the workshop. There is a young boy in a jalabiya in front of her, holding a bucket and looking back at her as she comes in. There is a sign with unintelligible Arabic writing on it."", ""og:image"": ""http://digitalcollections.aucegypt.edu/iiif/2/p15795coll40:200/full/730,/0/default.jpg"", ""og:url"": ""https://digitalcollections.aucegypt.edu/digital/collection/p15795coll40/id/200/"", ""og:type"": ""website""}"
201,Coffee shop,Margo Veillon,,Margo Veillon Art Collection,linocut print on paper,linocuts (prints),prints (visual works),"Lino Print of an Egyptian coffee shop. The shop is rendered in detail, showing the delicate arches of the windows below wooden mashrabiya along with a street sign. There are several patrons for the coffeeshop. On the far left, there is a very old woman in a black abaya, sitting cross-legged on a woo","American University in Cairo, Egypt",https://digitalcollections.aucegypt.edu/digital/collection/p15795coll40/id/201/,"http://digitalcollections.aucegypt.edu/iiif/2/p15795coll40:201/full/730,/0/default.jpg",margo_data/images/0201.jpg,"{""title"": ""Coffee shop"", ""titlea"": ""محل القهوه"", ""titleb"": ""Café"", ""creata"": ""Margo Veillon"", ""creato"": ""Egyptian-Swiss"", ""descri"": ""Lino Print of an Egyptian coffee shop. The shop is rendered in detail, showing the delicate arches of the windows below wooden mashrabiya along with a street sign. There are several patrons for the coffeeshop. On the far left, there is a very old woman in a black abaya, sitting cross-legged on a wooden bench, looking to the right of the drawing, engaged in conversation with another patron. Her shoes are on the ground before her. Behind her is a man, standing, in a striped galabeya, drinking shisha. On his right, in front of him, is a man sitting on another wooden bench in a white cap and galabeya, leaning on his right elbow and talking to the old woman, crossing his legs. Next to him on the same bench is a portly woman in a black and white abaya, facing the right, talking to a large bearded man in a striped galabeya, who is closing his eyes like she is nagging him. He is holding a walking stick. In front of them is a small round table, bearing some small cups. There is an Arabic sign for the shop above them."", ""descra"": ""Margo, Veillon, orig, linoprint II"", ""locati"": ""American University in Cairo, Egypt"", ""covera"": ""linocut print on paper"", ""artwor"": ""27.5 cm x 39 cm"", ""medium"": ""prints (visual works)"", ""type"": ""linocuts (prints)"", ""format"": ""Impressionist (style)"", ""collec"": ""Margo Veillon Art Collection"", ""source"": ""American University in Cairo"", ""licens"": ""Copyright the American University in Cairo"", ""rights"": ""To inquire about rights and permissions, contact the Rare Books and Special Collections Library, The American University in Cairo at +20.2.2615.3676 or rbscl-ref@aucegypt.edu."", ""google-site-verification"": ""UA-49762962-1"", ""viewport"": ""width=device-width, initial-scale=1.0"", ""og:title"": ""Coffee shop"", ""og:description"": ""Lino Print of an Egyptian coffee shop. The shop is rendered in detail, showing the delicate arches of the windows below wooden mashrabiya along with a street sign. There are several patrons for the coffeeshop. On the far left, there is a very old woman in a black abaya, sitting cross-legged on a wooden bench, looking to the right of the drawing, engaged in conversation with another patron. Her shoes are on the ground before her. Behind her is a man, standing, in a striped galabeya, drinking shisha. On his right, in front of him, is a man sitting on another wooden bench in a white cap and galabeya, leaning on his right elbow and talking to the old woman, crossing his legs. Next to him on the same bench is a portly woman in a black and white abaya, facing the right, talking to a large bearded man in a striped galabeya, who is closing his eyes like she is nagging him. He is holding a walking stick. In front of them is a small round table, bearing some small cups. There is an Arabic sign for the shop above them."", ""og:image"": ""http://digitalcollections.aucegypt.edu/iiif/2/p15795coll40:201/full/730,/0/default.jpg"", ""og:url"": ""https://digitalcollections.aucegypt.edu/digital/collection/p15795coll40/id/201/"", ""og:type"": ""website""}"
202,Oasis family,Margo Veillon,,Margo Veillon Art Collection,linocut print on paper,linocuts (prints),prints (visual works),"Linocut of 10 rural individuals, most of which are children. In the center of the linocut, there is a basket that everyone surrounds. The children are two young boys wearing striped long galabiyas looking at a third boy who seems to be blowing into an unidentified object. A man sits before them faci","American University in Cairo, Egypt",https://digitalcollections.aucegypt.edu/digital/collection/p15795coll40/id/202/,"http://digitalcollections.aucegypt.edu/iiif/2/p15795coll40:202/full/730,/0/default.jpg",margo_data/images/0202.jpg,"{""title"": ""Oasis family"", ""titlea"": ""عائلة الواحة"", ""titleb"": ""Famille Oasis"", ""creata"": ""Margo Veillon"", ""creato"": ""Egyptian-Swiss"", ""descri"": ""Linocut of 10 rural individuals, most of which are children. In the center of the linocut, there is a basket that everyone surrounds. The children are two young boys wearing striped long galabiyas looking at a third boy who seems to be blowing into an unidentified object. A man sits before them facing away, and two women holding baskets above their heads and dressed in long detailed dresses are on the far left."", ""descra"": ""Margo Veillon"", ""locati"": ""American University in Cairo, Egypt"", ""covera"": ""linocut print on paper"", ""artwor"": ""29 cm x 35.7 cm"", ""medium"": ""prints (visual works)"", ""type"": ""linocuts (prints)"", ""format"": ""Impressionist (style)"", ""collec"": ""Margo Veillon Art Collection"", ""source"": ""American University in Cairo"", ""licens"": ""Copyright the American University in Cairo"", ""rights"": ""To inquire about rights and permissions, contact the Rare Books and Special Collections Library, The American University in Cairo at +20.2.2615.3676 or rbscl-ref@aucegypt.edu."", ""google-site-verification"": ""UA-49762962-1"", ""viewport"": ""width=device-width, initial-scale=1.0"", ""og:title"": ""Oasis family"", ""og:description"": ""Linocut of 10 rural individuals, most of which are children. In the center of the linocut, there is a basket that everyone surrounds. The children are two young boys wearing striped long galabiyas looking at a third boy who seems to be blowing into an unidentified object. A man sits before them facing away, and two women holding baskets above their heads and dressed in long detailed dresses are on the far left."", ""og:image"": ""http://digitalcollections.aucegypt.edu/iiif/2/p15795coll40:202/full/730,/0/default.jpg"", ""og:url"": ""https://digitalcollections.aucegypt.edu/digital/collection/p15795coll40/id/202/"", ""og:type"": ""website""}"
203,Family,Margo Veillon,,Margo Veillon Art Collection,linocut print on paper,linocuts (prints),prints (visual works),"Inverse linocut of three individuals. There is a father who is in the center of the image holding a baby on his lap and looks tired and old with a forehead full of wrinkle lines. He seems exhausted. In the right foreground, a little veiled girl with short bangs holds her head between her hands and r","American University in Cairo, Egypt",https://digitalcollections.aucegypt.edu/digital/collection/p15795coll40/id/203/,"http://digitalcollections.aucegypt.edu/iiif/2/p15795coll40:203/full/730,/0/default.jpg",margo_data/images/0203.jpg,"{""title"": ""Family"", ""titlea"": ""الأسرة"", ""titleb"": ""La famille"", ""creata"": ""Margo Veillon"", ""creato"": ""Egyptian-Swiss"", ""descri"": ""Inverse linocut of three individuals. There is a father who is in the center of the image holding a baby on his lap and looks tired and old with a forehead full of wrinkle lines. He seems exhausted. In the right foreground, a little veiled girl with short bangs holds her head between her hands and rests her elbows on her knees. She has a grumpy look on her face, her eyebrows are low and slanted and her lips are pursed."", ""locati"": ""American University in Cairo, Egypt"", ""covera"": ""linocut print on paper"", ""artwor"": ""40 cm x 46 cm"", ""medium"": ""prints (visual works)"", ""type"": ""linocuts (prints)"", ""format"": ""Expressionist (style)"", ""collec"": ""Margo Veillon Art Collection"", ""source"": ""American University in Cairo"", ""licens"": ""Copyright the American University in Cairo"", ""rights"": ""To inquire about rights and permissions, contact the Rare Books and Special Collections Library, The American University in Cairo at +20.2.2615.3676 or rbscl-ref@aucegypt.edu."", ""google-site-verification"": ""UA-49762962-1"", ""viewport"": ""width=device-width, initial-scale=1.0"", ""og:title"": ""Family"", ""og:description"": ""Inverse linocut of three individuals. There is a father who is in the center of the image holding a baby on his lap and looks tired and old with a forehead full of wrinkle lines. He seems exhausted. In the right foreground, a little veiled girl with short bangs holds her head between her hands and rests her elbows on her knees. She has a grumpy look on her face, her eyebrows are low and slanted and her lips are pursed."", ""og:image"": ""http://digitalcollections.aucegypt.edu/iiif/2/p15795coll40:203/full/730,/0/default.jpg"", ""og:url"": ""https://digitalcollections.aucegypt.edu/digital/collection/p15795coll40/id/203/"", ""og:type"": ""website""}"
204,Going to church,Margo Veillon,,Margo Veillon Art Collection,linocut print on paper,linocuts (prints),prints (visual works),"Lino Print of a scene in a cobblestone alleyway. In the shadow of a building on the left, there is a silhouette of a group of priests, one of which is carrying a tall cross. In the back there is an entrance to a church. A group of people is heading inside, to the entrance, where there is a white cro","American University in Cairo, Egypt",https://digitalcollections.aucegypt.edu/digital/collection/p15795coll40/id/204/,"http://digitalcollections.aucegypt.edu/iiif/2/p15795coll40:204/full/730,/0/default.jpg",margo_data/images/0204.jpg,"{""title"": ""Going to church"", ""titlea"": ""الذهاب الى الكنيسة"", ""titleb"": ""Aller à l'église"", ""creata"": ""Margo Veillon"", ""creato"": ""Egyptian-Swiss"", ""descri"": ""Lino Print of a scene in a cobblestone alleyway. In the shadow of a building on the left, there is a silhouette of a group of priests, one of which is carrying a tall cross. In the back there is an entrance to a church. A group of people is heading inside, to the entrance, where there is a white cross."", ""descra"": ""Margo. Veillon, 1932, collection personnel L38"", ""locati"": ""American University in Cairo, Egypt"", ""covera"": ""linocut print on paper"", ""artwor"": ""33.4 cm x 27.3 cm"", ""medium"": ""prints (visual works)"", ""type"": ""linocuts (prints)"", ""format"": ""Impressionist (style)"", ""collec"": ""Margo Veillon Art Collection"", ""source"": ""American University in Cairo"", ""licens"": ""Copyright the American University in Cairo"", ""rights"": ""To inquire about rights and permissions, contact the Rare Books and Special Collections Library, The American University in Cairo at +20.2.2615.3676 or rbscl-ref@aucegypt.edu."", ""google-site-verification"": ""UA-49762962-1"", ""viewport"": ""width=device-width, initial-scale=1.0"", ""og:title"": ""Going to church"", ""og:description"": ""Lino Print of a scene in a cobblestone alleyway. In the shadow of a building on the left, there is a silhouette of a group of priests, one of which is carrying a tall cross. In the back there is an entrance to a church. A group of people is heading inside, to the entrance, where there is a white cross."", ""og:image"": ""http://digitalcollections.aucegypt.edu/iiif/2/p15795coll40:204/full/730,/0/default.jpg"", ""og:url"": ""https://digitalcollections.aucegypt.edu/digital/collection/p15795coll40/id/204/"", ""og:type"": ""website""}"
205,Dark feluccas,Margo Veillon,,Margo Veillon Art Collection,linocut print on paper,linocuts (prints),prints (visual works),"Lino Print of a scene of the riverbank, where it seems to be afternoon or evening. There is a group of approximately six unmanned feluccas docked on the riverbank, directly opposite the viewer. Behind them is the river and in the distance the river bank is visible. The drawing is very dark and there","American University in Cairo, Egypt",https://digitalcollections.aucegypt.edu/digital/collection/p15795coll40/id/205/,"http://digitalcollections.aucegypt.edu/iiif/2/p15795coll40:205/full/730,/0/default.jpg",margo_data/images/0205.jpg,"{""title"": ""Dark feluccas"", ""titlea"": ""الفالوكات الداكنه"", ""titleb"": ""Falocas sombres"", ""creata"": ""Margo Veillon"", ""creato"": ""Egyptian-Swiss"", ""descri"": ""Lino Print of a scene of the riverbank, where it seems to be afternoon or evening. There is a group of approximately six unmanned feluccas docked on the riverbank, directly opposite the viewer. Behind them is the river and in the distance the river bank is visible. The drawing is very dark and there is a gloomy, oppressive feeling to it."", ""descra"": ""linoprint, orig. Margo Veillon L37"", ""locati"": ""American University in Cairo, Egypt"", ""covera"": ""linocut print on paper"", ""artwor"": ""31,2 cm x 39 cm"", ""medium"": ""prints (visual works)"", ""type"": ""linocuts (prints)"", ""format"": ""Impressionist (style)"", ""collec"": ""Margo Veillon Art Collection"", ""source"": ""American University in Cairo"", ""licens"": ""Copyright the American University in Cairo"", ""rights"": ""To inquire about rights and permissions, contact the Rare Books and Special Collections Library, The American University in Cairo at +20.2.2615.3676 or rbscl-ref@aucegypt.edu."", ""google-site-verification"": ""UA-49762962-1"", ""viewport"": ""width=device-width, initial-scale=1.0"", ""og:title"": ""Dark feluccas"", ""og:description"": ""Lino Print of a scene of the riverbank, where it seems to be afternoon or evening. There is a group of approximately six unmanned feluccas docked on the riverbank, directly opposite the viewer. Behind them is the river and in the distance the river bank is visible. The drawing is very dark and there is a gloomy, oppressive feeling to it."", ""og:image"": ""http://digitalcollections.aucegypt.edu/iiif/2/p15795coll40:205/full/730,/0/default.jpg"", ""og:url"": ""https://digitalcollections.aucegypt.edu/digital/collection/p15795coll40/id/205/"", ""og:type"": ""website""}"
206,Riding horses,Margo Veillon,,Margo Veillon Art Collection,linocut print on paper,linocuts (prints),prints (visual works),"Lino Print of a scene of a group of approximately five Egyptian men on a riverbank, riding horses. The one on the far left in the foreground is wearing a white galabeya and riding a white horse. The one behind him, to the right, is riding a white horse but is dressed in a dark galabeya. The one behi","American University in Cairo, Egypt",https://digitalcollections.aucegypt.edu/digital/collection/p15795coll40/id/206/,"http://digitalcollections.aucegypt.edu/iiif/2/p15795coll40:206/full/730,/0/default.jpg",margo_data/images/0206.jpg,"{""title"": ""Riding horses"", ""titlea"": ""ركوب الخيل"", ""titleb"": ""Équitation"", ""creata"": ""Margo Veillon"", ""creato"": ""Egyptian-Swiss"", ""descri"": ""Lino Print of a scene of a group of approximately five Egyptian men on a riverbank, riding horses. The one on the far left in the foreground is wearing a white galabeya and riding a white horse. The one behind him, to the right, is riding a white horse but is dressed in a dark galabeya. The one behind him is dressed in a white galabeya but riding a dark horse. Behind them are the silhouettes of two other horse riders, one on a white horse, and one on a dark horse. The river can be seen in the background. The horses are all wearing elaborate patterned saddles, and are leaving dust clouds behind them as they run."", ""descra"": ""linoprint orig. Margo Veillon, collection personnel L32"", ""locati"": ""American University in Cairo, Egypt"", ""covera"": ""linocut print on paper"", ""artwor"": ""28 cm x 43.8 cm"", ""medium"": ""prints (visual works)"", ""type"": ""linocuts (prints)"", ""format"": ""Impressionist (style)"", ""collec"": ""Margo Veillon Art Collection"", ""source"": ""American University in Cairo"", ""licens"": ""Copyright the American University in Cairo"", ""rights"": ""To inquire about rights and permissions, contact the Rare Books and Special Collections Library, The American University in Cairo at +20.2.2615.3676 or rbscl-ref@aucegypt.edu."", ""google-site-verification"": ""UA-49762962-1"", ""viewport"": ""width=device-width, initial-scale=1.0"", ""og:title"": ""Riding horses"", ""og:description"": ""Lino Print of a scene of a group of approximately five Egyptian men on a riverbank, riding horses. The one on the far left in the foreground is wearing a white galabeya and riding a white horse. The one behind him, to the right, is riding a white horse but is dressed in a dark galabeya. The one behind him is dressed in a white galabeya but riding a dark horse. Behind them are the silhouettes of two other horse riders, one on a white horse, and one on a dark horse. The river can be seen in the background. The horses are all wearing elaborate patterned saddles, and are leaving dust clouds behind them as they run."", ""og:image"": ""http://digitalcollections.aucegypt.edu/iiif/2/p15795coll40:206/full/730,/0/default.jpg"", ""og:url"": ""https://digitalcollections.aucegypt.edu/digital/collection/p15795coll40/id/206/"", ""og:type"": ""website""}"
207,Eating food,Margo Veillon,,Margo Veillon Art Collection,linocut print on paper,linocuts (prints),prints (visual works),"Lino Print of a scene of four peasant women sitting around a round table, eating food. The largest woman, in the foreground, is wearing a white galabeya, earrings, and has a short scarf tied around her head. She is extending her right arm to take something from the bowl on the table. The woman behin","American University in Cairo, Egypt",https://digitalcollections.aucegypt.edu/digital/collection/p15795coll40/id/207/,"http://digitalcollections.aucegypt.edu/iiif/2/p15795coll40:207/full/730,/0/default.jpg",margo_data/images/0207.jpg,"{""title"": ""Eating food"", ""titlea"": ""تناول الطعام"", ""titleb"": ""Mange la nourriture"", ""creata"": ""Margo Veillon"", ""creato"": ""Egyptian-Swiss"", ""descri"": ""Lino Print of a scene of four peasant women sitting around a round table, eating food. The largest woman, in the foreground, is wearing a white galabeya, earrings, and has a short scarf tied around her head. She is extending her right arm to take something from the bowl on the table. The woman behind her is also behind the oven, and is extending her left arm to take something from the bowl. She is wearing a dark, long scarf on her head. The woman next to her, on her right, is dressed in a dark abaya and scarf, and is smiling, her cheek resting on her hands, as she watches the others eating. The last person, seemingly a child, is in the foreground, wearing a patterned galabeya with a handkerchief tied around her head, looking up as if asking about something."", ""descra"": ""linoprint orig. Margo Veillon, collection L30"", ""locati"": ""American University in Cairo, Egypt"", ""covera"": ""linocut print on paper"", ""artwor"": ""25 cm x 33 cm"", ""medium"": ""prints (visual works)"", ""type"": ""linocuts (prints)"", ""format"": ""Impressionist (style)"", ""collec"": ""Margo Veillon Art Collection"", ""source"": ""American University in Cairo"", ""licens"": ""Copyright the American University in Cairo"", ""rights"": ""To inquire about rights and permissions, contact the Rare Books and Special Collections Library, The American University in Cairo at +20.2.2615.3676 or rbscl-ref@aucegypt.edu."", ""google-site-verification"": ""UA-49762962-1"", ""viewport"": ""width=device-width, initial-scale=1.0"", ""og:title"": ""Eating food"", ""og:description"": ""Lino Print of a scene of four peasant women sitting around a round table, eating food. The largest woman, in the foreground, is wearing a white galabeya, earrings, and has a short scarf tied around her head. She is extending her right arm to take something from the bowl on the table. The woman behind her is also behind the oven, and is extending her left arm to take something from the bowl. She is wearing a dark, long scarf on her head. The woman next to her, on her right, is dressed in a dark abaya and scarf, and is smiling, her cheek resting on her hands, as she watches the others eating. The last person, seemingly a child, is in the foreground, wearing a patterned galabeya with a handkerchief tied around her head, looking up as if asking about something."", ""og:image"": ""http://digitalcollections.aucegypt.edu/iiif/2/p15795coll40:207/full/730,/0/default.jpg"", ""og:url"": ""https://digitalcollections.aucegypt.edu/digital/collection/p15795coll40/id/207/"", ""og:type"": ""website""}"
208,Sailing boats,Margo Veillon,,Margo Veillon Art Collection,linocut print on paper,linocuts (prints),prints (visual works),"Lino Print of a view of the riverbank. There are four feluccas onshore, in black. The one closest to the viewer, on the right, has symbols on its hull. Around it in the shallow water are women in dark jalabiyas unloading things from it in buckets. There is also a mustachioed man in a dark galabeya s","American University in Cairo, Egypt",https://digitalcollections.aucegypt.edu/digital/collection/p15795coll40/id/208/,"http://digitalcollections.aucegypt.edu/iiif/2/p15795coll40:208/full/730,/0/default.jpg",margo_data/images/0208.jpg,"{""title"": ""Sailing boats"", ""titlea"": ""القوارب الشراعية"", ""titleb"": ""Bateaux à voile"", ""creata"": ""Margo Veillon"", ""creato"": ""Egyptian-Swiss"", ""descri"": ""Lino Print of a view of the riverbank. There are four feluccas onshore, in black. The one closest to the viewer, on the right, has symbols on its hull. Around it in the shallow water are women in dark jalabiyas unloading things from it in buckets. There is also a mustachioed man in a dark galabeya sitting on it. The boat behind it also has a man on it, but the two behind them seem to be empty. On the riverbank itself there is a man in a white galabeya sitting down, watching the boats, and behind him, in the background, there are two men walking by. In the background, there are two small felucca sailing. There is also what seems to be a building or a temple on the opposite riverbank. The entire drawing is enclosed in a black border."", ""descra"": ""linocut print orig. Margo Veillon, L57"", ""locati"": ""American University in Cairo, Egypt"", ""covera"": ""linocut print on paper"", ""artwor"": ""52.8 cm x 59.8 cm"", ""medium"": ""prints (visual works)"", ""type"": ""linocuts (prints)"", ""format"": ""Impressionist (style)"", ""collec"": ""Margo Veillon Art Collection"", ""source"": ""American University in Cairo"", ""licens"": ""Copyright the American University in Cairo"", ""rights"": ""To inquire about rights and permissions, contact the Rare Books and Special Collections Library, The American University in Cairo at +20.2.2615.3676 or rbscl-ref@aucegypt.edu."", ""google-site-verification"": ""UA-49762962-1"", ""viewport"": ""width=device-width, initial-scale=1.0"", ""og:title"": ""Sailing boats"", ""og:description"": ""Lino Print of a view of the riverbank. There are four feluccas onshore, in black. The one closest to the viewer, on the right, has symbols on its hull. Around it in the shallow water are women in dark jalabiyas unloading things from it in buckets. There is also a mustachioed man in a dark galabeya sitting on it. The boat behind it also has a man on it, but the two behind them seem to be empty. On the riverbank itself there is a man in a white galabeya sitting down, watching the boats, and behind him, in the background, there are two men walking by. In the background, there are two small felucca sailing. There is also what seems to be a building or a temple on the opposite riverbank. The entire drawing is enclosed in a black border."", ""og:image"": ""http://digitalcollections.aucegypt.edu/iiif/2/p15795coll40:208/full/730,/0/default.jpg"", ""og:url"": ""https://digitalcollections.aucegypt.edu/digital/collection/p15795coll40/id/208/"", ""og:type"": ""website""}"
209,Girls,Margo Veillon,,Margo Veillon Art Collection,lithography print on paper,ithographs,mixed media works,"An impressionist painting, of four peasant girls in colorful patterned jalabiyas, standing and directly facing the viewer. The one on the far left has her fingers steepled over her sternum and is dressed in a blue patterned galabeya with an orange scarf tied over her head, her body angled towards th","American University in Cairo, Egypt",https://digitalcollections.aucegypt.edu/digital/collection/p15795coll40/id/209/,"http://digitalcollections.aucegypt.edu/iiif/2/p15795coll40:209/full/730,/0/default.jpg",margo_data/images/0209.jpg,"{""title"": ""Girls"", ""titlea"": ""البنات"", ""titleb"": ""Les filles"", ""creata"": ""Margo Veillon"", ""creato"": ""Egyptian-Swiss"", ""descri"": ""An impressionist painting, of four peasant girls in colorful patterned jalabiyas, standing and directly facing the viewer. The one on the far left has her fingers steepled over her sternum and is dressed in a blue patterned galabeya with an orange scarf tied over her head, her body angled towards the girl on her right. The girl on the right, older, is dressed in a blue and yellow patterned galabeya with an orange patterned scarf wrapped around her head. She is carrying the smallest girl, who is dressed in a yellow galabeya with an orange scarf wrapped around her head. The girl on the far right, the tallest girl, is dressed in an orange patterned galabeya with a brown and orange patterned scarf wrapped around her head, lifting the end of it to shyly hide the bottom half of her face. They are drawn against a plain black background."", ""descra"": ""Margo.Veillon, V/10, LT3"", ""locati"": ""American University in Cairo, Egypt"", ""covera"": ""lithography print on paper"", ""artwor"": ""46.5 cm x 36 cm"", ""medium"": ""mixed media works"", ""type"": ""ithographs"", ""format"": ""Impressionist (style)"", ""collec"": ""Margo Veillon Art Collection"", ""source"": ""American University in Cairo"", ""licens"": ""Copyright the American University in Cairo"", ""rights"": ""To inquire about rights and permissions, contact the Rare Books and Special Collections Library, The American University in Cairo at +20.2.2615.3676 or rbscl-ref@aucegypt.edu."", ""google-site-verification"": ""UA-49762962-1"", ""viewport"": ""width=device-width, initial-scale=1.0"", ""og:title"": ""Girls"", ""og:description"": ""An impressionist painting, of four peasant girls in colorful patterned jalabiyas, standing and directly facing the viewer. The one on the far left has her fingers steepled over her sternum and is dressed in a blue patterned galabeya with an orange scarf tied over her head, her body angled towards the girl on her right. The girl on the right, older, is dressed in a blue and yellow patterned galabeya with an orange patterned scarf wrapped around her head. She is carrying the smallest girl, who is dressed in a yellow galabeya with an orange scarf wrapped around her head. The girl on the far right, the tallest girl, is dressed in an orange patterned galabeya with a brown and orange patterned scarf wrapped around her head, lifting the end of it to shyly hide the bottom half of her face. They are drawn against a plain black background."", ""og:image"": ""http://digitalcollections.aucegypt.edu/iiif/2/p15795coll40:209/full/730,/0/default.jpg"", ""og:url"": ""https://digitalcollections.aucegypt.edu/digital/collection/p15795coll40/id/209/"", ""og:type"": ""website""}"
210,Carrying goats over river,Margo Veillon,,Margo Veillon Art Collection,lithography print on paper,ithographs,prints (visual works),"Seemingly gouache-stylized painting of a group of four Egyptian farmers standing in the river. They are all wearing white galabiyas and hats. They are accompanied by a group of four goats, who seem to be active and moving around. The man in the foreground is bent over, looking for his goat, who is b","American University in Cairo, Egypt",https://digitalcollections.aucegypt.edu/digital/collection/p15795coll40/id/210/,"http://digitalcollections.aucegypt.edu/iiif/2/p15795coll40:210/full/730,/0/default.jpg",margo_data/images/0210.jpg,"{""title"": ""Carrying goats over river"", ""titlea"": ""حمل الماعز فوق النهر"", ""titleb"": ""Porter des chèvres sur la rivière"", ""creata"": ""Margo Veillon"", ""creato"": ""Egyptian-Swiss"", ""descri"": ""Seemingly gouache-stylized painting of a group of four Egyptian farmers standing in the river. They are all wearing white galabiyas and hats. They are accompanied by a group of four goats, who seem to be active and moving around. The man in the foreground is bent over, looking for his goat, who is behind him. The one behind him is holding his goat by its forelegs. The one on his left is carrying his goat over his shoulder. The one in the back is holding the goat above his head. It seems they are crossing the river with the goats. On the left, there is a tree. The painting is done in blue, orange, yellow, and brown."", ""descra"": ""Margo.Veillon, 1955"", ""locati"": ""American University in Cairo, Egypt"", ""covera"": ""lithography print on paper"", ""artwor"": ""70.4 cm x 49.8 cm"", ""medium"": ""prints (visual works)"", ""type"": ""ithographs"", ""format"": ""Impressionist (style)"", ""collec"": ""Margo Veillon Art Collection"", ""source"": ""American University in Cairo"", ""licens"": ""Copyright the American University in Cairo"", ""rights"": ""To inquire about rights and permissions, contact the Rare Books and Special Collections Library, The American University in Cairo at +20.2.2615.3676 or rbscl-ref@aucegypt.edu."", ""google-site-verification"": ""UA-49762962-1"", ""viewport"": ""width=device-width, initial-scale=1.0"", ""og:title"": ""Carrying goats over river"", ""og:description"": ""Seemingly gouache-stylized painting of a group of four Egyptian farmers standing in the river. They are all wearing white galabiyas and hats. They are accompanied by a group of four goats, who seem to be active and moving around. The man in the foreground is bent over, looking for his goat, who is behind him. The one behind him is holding his goat by its forelegs. The one on his left is carrying his goat over his shoulder. The one in the back is holding the goat above his head. It seems they are crossing the river with the goats. On the left, there is a tree. The painting is done in blue, orange, yellow, and brown."", ""og:image"": ""http://digitalcollections.aucegypt.edu/iiif/2/p15795coll40:210/full/730,/0/default.jpg"", ""og:url"": ""https://digitalcollections.aucegypt.edu/digital/collection/p15795coll40/id/210/"", ""og:type"": ""website""}"
211,Women crossing with cows,Margo Veillon,,Margo Veillon Art Collection,linocut print on paper,linocuts (prints),prints (visual works),"A lino print of two Egyptian peasant women, crossing a river on the backs of their cows. They are dressed in the traditional dresses. The one in the foreground is dressed in a white robe with a black sash tied around her waist, and white fabric tied on her head. Her dark hair is showing. She is lean","American University in Cairo, Egypt",https://digitalcollections.aucegypt.edu/digital/collection/p15795coll40/id/211/,"http://digitalcollections.aucegypt.edu/iiif/2/p15795coll40:211/full/730,/0/default.jpg",margo_data/images/0211.jpg,"{""title"": ""Women crossing with cows"", ""titlea"": ""عبور النساء مع الأبقار"", ""titleb"": ""Croisement de femmes avec des vaches"", ""creata"": ""Margo Veillon"", ""creato"": ""Egyptian-Swiss"", ""descri"": ""A lino print of two Egyptian peasant women, crossing a river on the backs of their cows. They are dressed in the traditional dresses. The one in the foreground is dressed in a white robe with a black sash tied around her waist, and white fabric tied on her head. Her dark hair is showing. She is leaning forward on the cow she is sitting on, looking directly at the viewer and smiling. The cow is also looking at the viewer. Behind her is another woman, dressed in a white galabeya and with white fabric tied around her hair. She is looking to the left, where she and her cow are facing. Her cow is extending its head forward in the effort to carry her."", ""descra"": ""linogravy orig, Margo. Veillon"", ""locati"": ""American University in Cairo, Egypt"", ""covera"": ""linocut print on paper"", ""artwor"": ""53.3 cm x 38.7 cm"", ""medium"": ""prints (visual works)"", ""type"": ""linocuts (prints)"", ""format"": ""Impressionist (style)"", ""collec"": ""Margo Veillon Art Collection"", ""source"": ""American University in Cairo"", ""licens"": ""Copyright the American University in Cairo"", ""rights"": ""To inquire about rights and permissions, contact the Rare Books and Special Collections Library, The American University in Cairo at +20.2.2615.3676 or rbscl-ref@aucegypt.edu."", ""google-site-verification"": ""UA-49762962-1"", ""viewport"": ""width=device-width, initial-scale=1.0"", ""og:title"": ""Women crossing with cows"", ""og:description"": ""A lino print of two Egyptian peasant women, crossing a river on the backs of their cows. They are dressed in the traditional dresses. The one in the foreground is dressed in a white robe with a black sash tied around her waist, and white fabric tied on her head. Her dark hair is showing. She is leaning forward on the cow she is sitting on, looking directly at the viewer and smiling. The cow is also looking at the viewer. Behind her is another woman, dressed in a white galabeya and with white fabric tied around her hair. She is looking to the left, where she and her cow are facing. Her cow is extending its head forward in the effort to carry her."", ""og:image"": ""http://digitalcollections.aucegypt.edu/iiif/2/p15795coll40:211/full/730,/0/default.jpg"", ""og:url"": ""https://digitalcollections.aucegypt.edu/digital/collection/p15795coll40/id/211/"", ""og:type"": ""website""}"
212,Lying down on sheets,Margo Veillon,,Margo Veillon Art Collection,Colored pencils on paper,pencil drawings,drawings (visual works),"A person is lying down on green fabric, looking upwards, one leg crossed under the other. Their right arm is raised and bent above their head. The person is dressed in pink clothing. There is a river or body of water in the background. The drawing is done using colored pencils.","American University in Cairo, Egypt",https://digitalcollections.aucegypt.edu/digital/collection/p15795coll40/id/212/,"http://digitalcollections.aucegypt.edu/iiif/2/p15795coll40:212/full/730,/0/default.jpg",margo_data/images/0212.jpg,"{""title"": ""Lying down on sheets"", ""titlea"": ""الاستلقاء على الملاءات"", ""titleb"": ""Allongé sur les draps"", ""creata"": ""Margo Veillon"", ""creato"": ""Egyptian-Swiss"", ""descri"": ""A person is lying down on green fabric, looking upwards, one leg crossed under the other. Their right arm is raised and bent above their head. The person is dressed in pink clothing. There is a river or body of water in the background. The drawing is done using colored pencils."", ""descra"": ""Margo Veillon, VIII 1972"", ""locati"": ""American University in Cairo, Egypt"", ""covera"": ""Colored pencils on paper"", ""artwor"": ""32.3 cm x 23.5 cm"", ""medium"": ""drawings (visual works)"", ""type"": ""pencil drawings"", ""format"": ""Surrealist"", ""collec"": ""Margo Veillon Art Collection"", ""source"": ""American University in Cairo"", ""licens"": ""Copyright the American University in Cairo"", ""rights"": ""To inquire about rights and permissions, contact the Rare Books and Special Collections Library, The American University in Cairo at +20.2.2615.3676 or rbscl-ref@aucegypt.edu."", ""google-site-verification"": ""UA-49762962-1"", ""viewport"": ""width=device-width, initial-scale=1.0"", ""og:title"": ""Lying down on sheets"", ""og:description"": ""A person is lying down on green fabric, looking upwards, one leg crossed under the other. Their right arm is raised and bent above their head. The person is dressed in pink clothing. There is a river or body of water in the background. The drawing is done using colored pencils."", ""og:image"": ""http://digitalcollections.aucegypt.edu/iiif/2/p15795coll40:212/full/730,/0/default.jpg"", ""og:url"": ""https://digitalcollections.aucegypt.edu/digital/collection/p15795coll40/id/212/"", ""og:type"": ""website""}"
213,Hidden in shrubs,Margo Veillon,,Margo Veillon Art Collection,Colored pencils on paper,pencil drawings,drawings (visual works),"Yellow-colored plants with green accents on the edges grow from the center outward. Four stems are grown from the center out to the right but curve toward the center again and seem to be either flowers or fruits of some sort. They are yellow and jelly bean-shaped. On the right side, a foot is visibl","American University in Cairo, Egypt",https://digitalcollections.aucegypt.edu/digital/collection/p15795coll40/id/213/,"http://digitalcollections.aucegypt.edu/iiif/2/p15795coll40:213/full/730,/0/default.jpg",margo_data/images/0213.jpg,"{""title"": ""Hidden in shrubs"", ""titlea"": ""مخبأة في الشجيرات"", ""titleb"": ""Caché dans les buissons"", ""creata"": ""Margo Veillon"", ""creato"": ""Egyptian-Swiss"", ""descri"": ""Yellow-colored plants with green accents on the edges grow from the center outward. Four stems are grown from the center out to the right but curve toward the center again and seem to be either flowers or fruits of some sort. They are yellow and jelly bean-shaped. On the right side, a foot is visible poking out from the shrubs. From the left, a hand is relaxed and also barely appears, suggesting someone is sleeping inside the bed of plants"", ""descra"": ""Margo Veillon, VIII 1972"", ""locati"": ""American University in Cairo, Egypt"", ""covera"": ""Colored pencils on paper"", ""artwor"": ""25.4 cm x 34.5 cm"", ""medium"": ""drawings (visual works)"", ""type"": ""pencil drawings"", ""format"": ""Surrealist"", ""collec"": ""Margo Veillon Art Collection"", ""source"": ""American University in Cairo"", ""licens"": ""Copyright the American University in Cairo"", ""rights"": ""To inquire about rights and permissions, contact the Rare Books and Special Collections Library, The American University in Cairo at +20.2.2615.3676 or rbscl-ref@aucegypt.edu."", ""google-site-verification"": ""UA-49762962-1"", ""viewport"": ""width=device-width, initial-scale=1.0"", ""og:title"": ""Hidden in shrubs"", ""og:description"": ""Yellow-colored plants with green accents on the edges grow from the center outward. Four stems are grown from the center out to the right but curve toward the center again and seem to be either flowers or fruits of some sort. They are yellow and jelly bean-shaped. On the right side, a foot is visible poking out from the shrubs. From the left, a hand is relaxed and also barely appears, suggesting someone is sleeping inside the bed of plants"", ""og:image"": ""http://digitalcollections.aucegypt.edu/iiif/2/p15795coll40:213/full/730,/0/default.jpg"", ""og:url"": ""https://digitalcollections.aucegypt.edu/digital/collection/p15795coll40/id/213/"", ""og:type"": ""website""}"
214,Mermaids,Margo Veillon,,Margo Veillon Art Collection,Colored pencils on paper,pencil drawings,drawings (visual works),Colored pencil sketch of 4 individuals very fluidly dynamic with one another. The ground is covered with what seems to be hibiscus-shaped flowers growing from a vine across the bottom border of the drawing. A palm tree grows on the left side of the drawing. A man wearing a purple blue and green past,"American University in Cairo, Egypt",https://digitalcollections.aucegypt.edu/digital/collection/p15795coll40/id/214/,"http://digitalcollections.aucegypt.edu/iiif/2/p15795coll40:214/full/730,/0/default.jpg",margo_data/images/0214.jpg,"{""title"": ""Mermaids"", ""titlea"": ""حوريات البحر"", ""titleb"": ""Sirènes"", ""creata"": ""Margo Veillon"", ""creato"": ""Egyptian-Swiss"", ""descri"": ""Colored pencil sketch of 4 individuals very fluidly dynamic with one another. The ground is covered with what seems to be hibiscus-shaped flowers growing from a vine across the bottom border of the drawing. A palm tree grows on the left side of the drawing. A man wearing a purple blue and green pastel shade gown is holding some sort of musical instrument. the man in the middle is wearing a yellow gown swept to the right side and positioned as if he is bending his knees almost to a squat. the last man is upside down laying on top of one of his arms while the other is outstretched towards the vine. His gown is blue on the edges only. All the features are delicate and dynamic, as if underwater."", ""descra"": ""Margo Veillon, VIII 1972"", ""locati"": ""American University in Cairo, Egypt"", ""covera"": ""Colored pencils on paper"", ""artwor"": ""28.2 cm x 22.7 cm"", ""medium"": ""drawings (visual works)"", ""type"": ""pencil drawings"", ""format"": ""Surrealist"", ""collec"": ""Margo Veillon Art Collection"", ""source"": ""American University in Cairo"", ""licens"": ""Copyright the American University in Cairo"", ""rights"": ""To inquire about rights and permissions, contact the Rare Books and Special Collections Library, The American University in Cairo at +20.2.2615.3676 or rbscl-ref@aucegypt.edu."", ""google-site-verification"": ""UA-49762962-1"", ""viewport"": ""width=device-width, initial-scale=1.0"", ""og:title"": ""Mermaids"", ""og:description"": ""Colored pencil sketch of 4 individuals very fluidly dynamic with one another. The ground is covered with what seems to be hibiscus-shaped flowers growing from a vine across the bottom border of the drawing. A palm tree grows on the left side of the drawing. A man wearing a purple blue and green pastel shade gown is holding some sort of musical instrument. the man in the middle is wearing a yellow gown swept to the right side and positioned as if he is bending his knees almost to a squat. the last man is upside down laying on top of one of his arms while the other is outstretched towards the vine. His gown is blue on the edges only. All the features are delicate and dynamic, as if underwater."", ""og:image"": ""http://digitalcollections.aucegypt.edu/iiif/2/p15795coll40:214/full/730,/0/default.jpg"", ""og:url"": ""https://digitalcollections.aucegypt.edu/digital/collection/p15795coll40/id/214/"", ""og:type"": ""website""}"
215,Colorful painting splashed with black,Margo Veillon,,Margo Veillon Art Collection,oil pastels on paper,pastels (visual works),drawings (visual works),"Colored abstract splash-style drawing. The background of the painting is washed out colors including orange, yellow, blue, and green. There seems to be a mixture of acrylic and pastel colors. In the foreground, think black acrylic strokes are painted seeming very quickly through the center of the pa","American University in Cairo, Egypt",https://digitalcollections.aucegypt.edu/digital/collection/p15795coll40/id/215/,"http://digitalcollections.aucegypt.edu/iiif/2/p15795coll40:215/full/730,/0/default.jpg",margo_data/images/0215.jpg,"{""title"": ""Colorful painting splashed with black"", ""titlea"": ""لوحة ملونة مرشوشة باللون الأسود"", ""titleb"": ""Peinture colorée éclaboussée de noir"", ""creata"": ""Margo Veillon"", ""creato"": ""Egyptian-Swiss"", ""descri"": ""Colored abstract splash-style drawing. The background of the painting is washed out colors including orange, yellow, blue, and green. There seems to be a mixture of acrylic and pastel colors. In the foreground, think black acrylic strokes are painted seeming very quickly through the center of the painting. The black paint drips down to the edge of the paper where a thick black line is horizontal."", ""descra"": ""Margo Veillon, VII 1998"", ""locati"": ""American University in Cairo, Egypt"", ""covera"": ""oil pastels on paper"", ""artwor"": ""39.2 cm x 27 cm"", ""medium"": ""drawings (visual works)"", ""type"": ""pastels (visual works)"", ""format"": ""Abstract (modern European style)"", ""collec"": ""Margo Veillon Art Collection"", ""source"": ""American University in Cairo"", ""licens"": ""Copyright the American University in Cairo"", ""rights"": ""To inquire about rights and permissions, contact the Rare Books and Special Collections Library, The American University in Cairo at +20.2.2615.3676 or rbscl-ref@aucegypt.edu."", ""google-site-verification"": ""UA-49762962-1"", ""viewport"": ""width=device-width, initial-scale=1.0"", ""og:title"": ""Colorful painting splashed with black"", ""og:description"": ""Colored abstract splash-style drawing. The background of the painting is washed out colors including orange, yellow, blue, and green. There seems to be a mixture of acrylic and pastel colors. In the foreground, think black acrylic strokes are painted seeming very quickly through the center of the painting. The black paint drips down to the edge of the paper where a thick black line is horizontal."", ""og:image"": ""http://digitalcollections.aucegypt.edu/iiif/2/p15795coll40:215/full/730,/0/default.jpg"", ""og:url"": ""https://digitalcollections.aucegypt.edu/digital/collection/p15795coll40/id/215/"", ""og:type"": ""website""}"
216,Blue and yellow triangular forms,Margo Veillon,,Margo Veillon Art Collection,oil pastels on paper,pastels (visual works),drawings (visual works),Oil pastel drawing of geometric triangular shapes. The geometric triangular patterns are three dimensional. They alternate from blue to yellow from the right to the left of the drawing. There are sharp edges to the dimensional cordners of the drawing where the pastel colors are most saturated.,"American University in Cairo, Egypt",https://digitalcollections.aucegypt.edu/digital/collection/p15795coll40/id/216/,"http://digitalcollections.aucegypt.edu/iiif/2/p15795coll40:216/full/730,/0/default.jpg",margo_data/images/0216.jpg,"{""title"": ""Blue and yellow triangular forms"", ""titlea"": ""أشكال مثلثة زرقاء وصفراء"", ""titleb"": ""Formes triangulaires bleues et jaunes"", ""creata"": ""Margo Veillon"", ""creato"": ""Egyptian-Swiss"", ""descri"": ""Oil pastel drawing of geometric triangular shapes. The geometric triangular patterns are three dimensional. They alternate from blue to yellow from the right to the left of the drawing. There are sharp edges to the dimensional cordners of the drawing where the pastel colors are most saturated."", ""descra"": ""Margo Veillon, VII 1998"", ""locati"": ""American University in Cairo, Egypt"", ""covera"": ""oil pastels on paper"", ""artwor"": ""34.7 cm x 25.3 cm"", ""medium"": ""drawings (visual works)"", ""type"": ""pastels (visual works)"", ""format"": ""Cubist"", ""collec"": ""Margo Veillon Art Collection"", ""source"": ""American University in Cairo"", ""licens"": ""Copyright the American University in Cairo"", ""rights"": ""To inquire about rights and permissions, contact the Rare Books and Special Collections Library, The American University in Cairo at +20.2.2615.3676 or rbscl-ref@aucegypt.edu."", ""google-site-verification"": ""UA-49762962-1"", ""viewport"": ""width=device-width, initial-scale=1.0"", ""og:title"": ""Blue and yellow triangular forms"", ""og:description"": ""Oil pastel drawing of geometric triangular shapes. The geometric triangular patterns are three dimensional. They alternate from blue to yellow from the right to the left of the drawing. There are sharp edges to the dimensional cordners of the drawing where the pastel colors are most saturated."", ""og:image"": ""http://digitalcollections.aucegypt.edu/iiif/2/p15795coll40:216/full/730,/0/default.jpg"", ""og:url"": ""https://digitalcollections.aucegypt.edu/digital/collection/p15795coll40/id/216/"", ""og:type"": ""website""}"
217,Purple yellow shapes,Margo Veillon,,Margo Veillon Art Collection,oil pastels on paper,pastels (visual works),drawings (visual works),Oil pastel geometric drawing of clothlike folds between purple and yellow shapes. The figure hasa. purple base and a yellow body with light purple accents and shading on the edges of the folds.,"American University in Cairo, Egypt",https://digitalcollections.aucegypt.edu/digital/collection/p15795coll40/id/217/,"http://digitalcollections.aucegypt.edu/iiif/2/p15795coll40:217/full/730,/0/default.jpg",margo_data/images/0217.jpg,"{""title"": ""Purple yellow shapes"", ""titlea"": ""أشكال صفراء أرجوانية"", ""titleb"": ""Formes jaunes violettes"", ""creata"": ""Margo Veillon"", ""creato"": ""Egyptian-Swiss"", ""descri"": ""Oil pastel geometric drawing of clothlike folds between purple and yellow shapes. The figure hasa. purple base and a yellow body with light purple accents and shading on the edges of the folds."", ""descra"": ""Margo Veillon, VIII 1998"", ""locati"": ""American University in Cairo, Egypt"", ""covera"": ""oil pastels on paper"", ""artwor"": ""25.3 cm x 34.9 cm"", ""medium"": ""drawings (visual works)"", ""type"": ""pastels (visual works)"", ""format"": ""Cubist"", ""collec"": ""Margo Veillon Art Collection"", ""source"": ""American University in Cairo"", ""licens"": ""Copyright the American University in Cairo"", ""rights"": ""To inquire about rights and permissions, contact the Rare Books and Special Collections Library, The American University in Cairo at +20.2.2615.3676 or rbscl-ref@aucegypt.edu."", ""google-site-verification"": ""UA-49762962-1"", ""viewport"": ""width=device-width, initial-scale=1.0"", ""og:title"": ""Purple yellow shapes"", ""og:description"": ""Oil pastel geometric drawing of clothlike folds between purple and yellow shapes. The figure hasa. purple base and a yellow body with light purple accents and shading on the edges of the folds."", ""og:image"": ""http://digitalcollections.aucegypt.edu/iiif/2/p15795coll40:217/full/730,/0/default.jpg"", ""og:url"": ""https://digitalcollections.aucegypt.edu/digital/collection/p15795coll40/id/217/"", ""og:type"": ""website""}"
218,Cubist portrait,Margo Veillon,,Margo Veillon Art Collection,oil pastels on paper,pastels (visual works),drawings (visual works),"An oil pastel portrait of a woman with short hair, looking to the side. It is in the cubist style, with her hand held over her chest. It is done with blue, red, and brown. The woman is wearing a light brown blouse.","American University in Cairo, Egypt",https://digitalcollections.aucegypt.edu/digital/collection/p15795coll40/id/218/,"http://digitalcollections.aucegypt.edu/iiif/2/p15795coll40:218/full/730,/0/default.jpg",margo_data/images/0218.jpg,"{""title"": ""Cubist portrait"", ""titlea"": ""صورة ذاتيه التكعيبية"", ""titleb"": ""Portrait cubiste"", ""creata"": ""Margo Veillon"", ""creato"": ""Egyptian-Swiss"", ""descri"": ""An oil pastel portrait of a woman with short hair, looking to the side. It is in the cubist style, with her hand held over her chest. It is done with blue, red, and brown. The woman is wearing a light brown blouse."", ""descra"": ""Margo Veillon, VIII 1998"", ""locati"": ""American University in Cairo, Egypt"", ""covera"": ""oil pastels on paper"", ""artwor"": ""25.3 cm x 34.7 cm"", ""medium"": ""drawings (visual works)"", ""type"": ""pastels (visual works)"", ""format"": ""Cubist"", ""collec"": ""Margo Veillon Art Collection"", ""source"": ""American University in Cairo"", ""licens"": ""Copyright the American University in Cairo"", ""rights"": ""To inquire about rights and permissions, contact the Rare Books and Special Collections Library, The American University in Cairo at +20.2.2615.3676 or rbscl-ref@aucegypt.edu."", ""google-site-verification"": ""UA-49762962-1"", ""viewport"": ""width=device-width, initial-scale=1.0"", ""og:title"": ""Cubist portrait"", ""og:description"": ""An oil pastel portrait of a woman with short hair, looking to the side. It is in the cubist style, with her hand held over her chest. It is done with blue, red, and brown. The woman is wearing a light brown blouse."", ""og:image"": ""http://digitalcollections.aucegypt.edu/iiif/2/p15795coll40:218/full/730,/0/default.jpg"", ""og:url"": ""https://digitalcollections.aucegypt.edu/digital/collection/p15795coll40/id/218/"", ""og:type"": ""website""}"
219,Playing with marbles,Margo Veillon,,Margo Veillon Art Collection,oil pastels on paper,pastels (visual works),paintings (visual works),"An abstract painting of a group of women laughing together. There are two women in the foreground; the one on the right is orange, and the one on the left is yellow. In the background, there are dark silhouettes of other people. The orange woman is throwing her head back in laughter and holding up a","American University in Cairo, Egypt",https://digitalcollections.aucegypt.edu/digital/collection/p15795coll40/id/219/,"http://digitalcollections.aucegypt.edu/iiif/2/p15795coll40:219/full/730,/0/default.jpg",margo_data/images/0219.jpg,"{""title"": ""Playing with marbles"", ""titlea"": ""اللعب بالرخام"", ""titleb"": ""Jouer avec des billes"", ""creata"": ""Margo Veillon"", ""creato"": ""Egyptian-Swiss"", ""descri"": ""An abstract painting of a group of women laughing together. There are two women in the foreground; the one on the right is orange, and the one on the left is yellow. In the background, there are dark silhouettes of other people. The orange woman is throwing her head back in laughter and holding up a blue ball or marble. The yellow one is reaching towards the marble. There are more balls or marble on the ground next to them, and there are torn pieces of paper around them, on one of which is written \""\""Margo Veillon\""\""."", ""descra"": ""Margo Veillon, 1967"", ""locati"": ""American University in Cairo, Egypt"", ""covera"": ""oil pastels on paper"", ""artwor"": ""28.6 cm x 22.7 cm"", ""medium"": ""paintings (visual works)"", ""type"": ""pastels (visual works)"", ""format"": ""Abstract (modern European style)"", ""collec"": ""Margo Veillon Art Collection"", ""source"": ""American University in Cairo"", ""licens"": ""Copyright the American University in Cairo"", ""rights"": ""To inquire about rights and permissions, contact the Rare Books and Special Collections Library, The American University in Cairo at +20.2.2615.3676 or rbscl-ref@aucegypt.edu."", ""google-site-verification"": ""UA-49762962-1"", ""viewport"": ""width=device-width, initial-scale=1.0"", ""og:title"": ""Playing with marbles"", ""og:description"": ""An abstract painting of a group of women laughing together. There are two women in the foreground; the one on the right is orange, and the one on the left is yellow. In the background, there are dark silhouettes of other people. The orange woman is throwing her head back in laughter and holding up a blue ball or marble. The yellow one is reaching towards the marble. There are more balls or marble on the ground next to them, and there are torn pieces of paper around them, on one of which is written \""\""Margo Veillon\""\""."", ""og:image"": ""http://digitalcollections.aucegypt.edu/iiif/2/p15795coll40:219/full/730,/0/default.jpg"", ""og:url"": ""https://digitalcollections.aucegypt.edu/digital/collection/p15795coll40/id/219/"", ""og:type"": ""website""}"
220,Rose,Margo Veillon,,Margo Veillon Art Collection,oil pastels on paper,pastels (visual works),paintings (visual works),"An abstract drawing of a rose with long leaves. There is a mixing of different inks and textures. The lines are thick and white, bordered with black. The background is a light greyish periwinkle color with yellow splashes.","American University in Cairo, Egypt",https://digitalcollections.aucegypt.edu/digital/collection/p15795coll40/id/220/,"http://digitalcollections.aucegypt.edu/iiif/2/p15795coll40:220/full/730,/0/default.jpg",margo_data/images/0220.jpg,"{""title"": ""Rose"", ""titlea"": ""الوردة"", ""titleb"": ""La fleur"", ""creata"": ""Margo Veillon"", ""creato"": ""Egyptian-Swiss"", ""descri"": ""An abstract drawing of a rose with long leaves. There is a mixing of different inks and textures. The lines are thick and white, bordered with black. The background is a light greyish periwinkle color with yellow splashes."", ""descra"": ""Margo Veillon, 1978"", ""locati"": ""American University in Cairo, Egypt"", ""covera"": ""oil pastels on paper"", ""artwor"": ""35.3 cm x 21.5 cm"", ""medium"": ""paintings (visual works)"", ""type"": ""pastels (visual works)"", ""format"": ""Abstract (modern European style)"", ""collec"": ""Margo Veillon Art Collection"", ""source"": ""American University in Cairo"", ""licens"": ""Copyright the American University in Cairo"", ""rights"": ""To inquire about rights and permissions, contact the Rare Books and Special Collections Library, The American University in Cairo at +20.2.2615.3676 or rbscl-ref@aucegypt.edu."", ""google-site-verification"": ""UA-49762962-1"", ""viewport"": ""width=device-width, initial-scale=1.0"", ""og:title"": ""Rose"", ""og:description"": ""An abstract drawing of a rose with long leaves. There is a mixing of different inks and textures. The lines are thick and white, bordered with black. The background is a light greyish periwinkle color with yellow splashes."", ""og:image"": ""http://digitalcollections.aucegypt.edu/iiif/2/p15795coll40:220/full/730,/0/default.jpg"", ""og:url"": ""https://digitalcollections.aucegypt.edu/digital/collection/p15795coll40/id/220/"", ""og:type"": ""website""}"
221,Shapes in void,Margo Veillon,,Margo Veillon Art Collection,engraving print on paper,engravings (prints),prints (visual works),"A group of completely abstract white shapes and patterns on a completely dark, slightly textured background.","American University in Cairo, Egypt",https://digitalcollections.aucegypt.edu/digital/collection/p15795coll40/id/221/,"http://digitalcollections.aucegypt.edu/iiif/2/p15795coll40:221/full/730,/0/default.jpg",margo_data/images/0221.jpg,"{""title"": ""Shapes in void"", ""titlea"": ""الأشكال في الفراغ"", ""titleb"": ""Formes dans le vide"", ""creata"": ""Margo Veillon"", ""creato"": ""Egyptian-Swiss"", ""descri"": ""A group of completely abstract white shapes and patterns on a completely dark, slightly textured background."", ""locati"": ""American University in Cairo, Egypt"", ""covera"": ""engraving print on paper"", ""artwor"": ""37.7 cm x 26.7 cm"", ""medium"": ""prints (visual works)"", ""type"": ""engravings (prints)"", ""format"": ""Abstract (modern European style)"", ""collec"": ""Margo Veillon Art Collection"", ""source"": ""American University in Cairo"", ""licens"": ""Copyright the American University in Cairo"", ""rights"": ""To inquire about rights and permissions, contact the Rare Books and Special Collections Library, The American University in Cairo at +20.2.2615.3676 or rbscl-ref@aucegypt.edu."", ""google-site-verification"": ""UA-49762962-1"", ""viewport"": ""width=device-width, initial-scale=1.0"", ""og:title"": ""Shapes in void"", ""og:description"": ""A group of completely abstract white shapes and patterns on a completely dark, slightly textured background."", ""og:image"": ""http://digitalcollections.aucegypt.edu/iiif/2/p15795coll40:221/full/730,/0/default.jpg"", ""og:url"": ""https://digitalcollections.aucegypt.edu/digital/collection/p15795coll40/id/221/"", ""og:type"": ""website""}"
222,Leg pulling,Margo Veillon,,Margo Veillon Art Collection,lithography print on paper,ithographs,prints (visual works),"A mixed-media painting of two figures. The one on the right is kneeling and lifting the legs of the one on the left from the ground, and the one on the left, who appears to be a woman, is struggling. The background is textured and in dark watercolor. The people are above a white silhouette , and in ","American University in Cairo, Egypt",https://digitalcollections.aucegypt.edu/digital/collection/p15795coll40/id/222/,"http://digitalcollections.aucegypt.edu/iiif/2/p15795coll40:222/full/730,/0/default.jpg",margo_data/images/0222.jpg,"{""title"": ""Leg pulling"", ""titlea"": ""سحب الساق"", ""titleb"": ""Traction de la jambe"", ""creata"": ""Margo Veillon"", ""creato"": ""Egyptian-Swiss"", ""descri"": ""A mixed-media painting of two figures. The one on the right is kneeling and lifting the legs of the one on the left from the ground, and the one on the left, who appears to be a woman, is struggling. The background is textured and in dark watercolor. The people are above a white silhouette , and in brown watercolor texture."", ""descra"": ""Margo Veillon, 1967"", ""locati"": ""American University in Cairo, Egypt"", ""covera"": ""lithography print on paper"", ""artwor"": ""27.2 cm x 44.3 cm"", ""medium"": ""prints (visual works)"", ""type"": ""ithographs"", ""format"": ""Abstract (modern European style)"", ""collec"": ""Margo Veillon Art Collection"", ""source"": ""American University in Cairo"", ""licens"": ""Copyright the American University in Cairo"", ""rights"": ""To inquire about rights and permissions, contact the Rare Books and Special Collections Library, The American University in Cairo at +20.2.2615.3676 or rbscl-ref@aucegypt.edu."", ""google-site-verification"": ""UA-49762962-1"", ""viewport"": ""width=device-width, initial-scale=1.0"", ""og:title"": ""Leg pulling"", ""og:description"": ""A mixed-media painting of two figures. The one on the right is kneeling and lifting the legs of the one on the left from the ground, and the one on the left, who appears to be a woman, is struggling. The background is textured and in dark watercolor. The people are above a white silhouette , and in brown watercolor texture."", ""og:image"": ""http://digitalcollections.aucegypt.edu/iiif/2/p15795coll40:222/full/730,/0/default.jpg"", ""og:url"": ""https://digitalcollections.aucegypt.edu/digital/collection/p15795coll40/id/222/"", ""og:type"": ""website""}"
223,Red woman,Margo Veillon,,Margo Veillon Art Collection,lithography print on paper,ithographs,prints (visual works),"Painting of a woman with thick white outlines and red paint above a black, roughly painted background. The woman is nude and in abstract shapes. Her hair is in a curly ponytail. In front of the woman's face is a white, faint outline of another face,","American University in Cairo, Egypt",https://digitalcollections.aucegypt.edu/digital/collection/p15795coll40/id/223/,"http://digitalcollections.aucegypt.edu/iiif/2/p15795coll40:223/full/730,/0/default.jpg",margo_data/images/0223.jpg,"{""title"": ""Red woman"", ""titlea"": ""امرأة حمراء"", ""titleb"": ""Femme rouge"", ""creata"": ""Margo Veillon"", ""creato"": ""Egyptian-Swiss"", ""descri"": ""Painting of a woman with thick white outlines and red paint above a black, roughly painted background. The woman is nude and in abstract shapes. Her hair is in a curly ponytail. In front of the woman's face is a white, faint outline of another face,"", ""descra"": ""Margo Veillon"", ""locati"": ""American University in Cairo, Egypt"", ""covera"": ""lithography print on paper"", ""artwor"": ""19.5 cm x 29.4 cm"", ""medium"": ""prints (visual works)"", ""type"": ""ithographs"", ""format"": ""Abstract (modern European style)"", ""collec"": ""Margo Veillon Art Collection"", ""source"": ""American University in Cairo"", ""licens"": ""Copyright the American University in Cairo"", ""rights"": ""To inquire about rights and permissions, contact the Rare Books and Special Collections Library, The American University in Cairo at +20.2.2615.3676 or rbscl-ref@aucegypt.edu."", ""google-site-verification"": ""UA-49762962-1"", ""viewport"": ""width=device-width, initial-scale=1.0"", ""og:title"": ""Red woman"", ""og:description"": ""Painting of a woman with thick white outlines and red paint above a black, roughly painted background. The woman is nude and in abstract shapes. Her hair is in a curly ponytail. In front of the woman's face is a white, faint outline of another face,"", ""og:image"": ""http://digitalcollections.aucegypt.edu/iiif/2/p15795coll40:223/full/730,/0/default.jpg"", ""og:url"": ""https://digitalcollections.aucegypt.edu/digital/collection/p15795coll40/id/223/"", ""og:type"": ""website""}"
224,Woman in high heeled boots,Margo Veillon,,Margo Veillon Art Collection,oil pastels on paper,pastels (visual works),paintings (visual works),Abstract oil pastel drawing of a woman standing in the top left of the painting with her hair blowing in the wind. Her body is done in black oil pastels with high heeled boots. She is standing over a colorful background with a red border.,"American University in Cairo, Egypt",https://digitalcollections.aucegypt.edu/digital/collection/p15795coll40/id/224/,"http://digitalcollections.aucegypt.edu/iiif/2/p15795coll40:224/full/730,/0/default.jpg",margo_data/images/0224.jpg,"{""title"": ""Woman in high heeled boots"", ""titlea"": ""امرأة في أحذية عالية الكعب"", ""titleb"": ""Femme en bottes à talons hauts"", ""creata"": ""Margo Veillon"", ""creato"": ""Egyptian-Swiss"", ""descri"": ""Abstract oil pastel drawing of a woman standing in the top left of the painting with her hair blowing in the wind. Her body is done in black oil pastels with high heeled boots. She is standing over a colorful background with a red border."", ""descra"": ""Margo Veillon, 1925"", ""locati"": ""American University in Cairo, Egypt"", ""covera"": ""oil pastels on paper"", ""artwor"": ""23 cm x 35.5 cm"", ""medium"": ""paintings (visual works)"", ""type"": ""pastels (visual works)"", ""format"": ""Abstract (modern European style)"", ""collec"": ""Margo Veillon Art Collection"", ""source"": ""American University in Cairo"", ""licens"": ""Copyright the American University in Cairo"", ""rights"": ""To inquire about rights and permissions, contact the Rare Books and Special Collections Library, The American University in Cairo at +20.2.2615.3676 or rbscl-ref@aucegypt.edu."", ""google-site-verification"": ""UA-49762962-1"", ""viewport"": ""width=device-width, initial-scale=1.0"", ""og:title"": ""Woman in high heeled boots"", ""og:description"": ""Abstract oil pastel drawing of a woman standing in the top left of the painting with her hair blowing in the wind. Her body is done in black oil pastels with high heeled boots. She is standing over a colorful background with a red border."", ""og:image"": ""http://digitalcollections.aucegypt.edu/iiif/2/p15795coll40:224/full/730,/0/default.jpg"", ""og:url"": ""https://digitalcollections.aucegypt.edu/digital/collection/p15795coll40/id/224/"", ""og:type"": ""website""}"
225,Abstract lines,Margo Veillon,,Margo Veillon Art Collection,oil pastels on lithograph print paper,pastels (visual works),mixed media works,oil pastels over lithgraph print . A group of abstract shapes and lines done in black oil pastels over a greenish-gray background. The shapes look like faces and hands.,"American University in Cairo, Egypt",https://digitalcollections.aucegypt.edu/digital/collection/p15795coll40/id/225/,"http://digitalcollections.aucegypt.edu/iiif/2/p15795coll40:225/full/730,/0/default.jpg",margo_data/images/0225.jpg,"{""title"": ""Abstract lines"", ""titlea"": ""خطوط مجردة"", ""titleb"": ""Lignes abstraites"", ""creata"": ""Margo Veillon"", ""creato"": ""Egyptian-Swiss"", ""descri"": ""oil pastels over lithgraph print . A group of abstract shapes and lines done in black oil pastels over a greenish-gray background. The shapes look like faces and hands."", ""locati"": ""American University in Cairo, Egypt"", ""covera"": ""oil pastels on lithograph print paper"", ""artwor"": ""25.5 cm x 38 cm"", ""medium"": ""mixed media works"", ""type"": ""pastels (visual works)"", ""format"": ""Abstract (modern European style)"", ""collec"": ""Margo Veillon Art Collection"", ""source"": ""American University in Cairo"", ""licens"": ""Copyright the American University in Cairo"", ""rights"": ""To inquire about rights and permissions, contact the Rare Books and Special Collections Library, The American University in Cairo at +20.2.2615.3676 or rbscl-ref@aucegypt.edu."", ""google-site-verification"": ""UA-49762962-1"", ""viewport"": ""width=device-width, initial-scale=1.0"", ""og:title"": ""Abstract lines"", ""og:description"": ""oil pastels over lithgraph print . A group of abstract shapes and lines done in black oil pastels over a greenish-gray background. The shapes look like faces and hands."", ""og:image"": ""http://digitalcollections.aucegypt.edu/iiif/2/p15795coll40:225/full/730,/0/default.jpg"", ""og:url"": ""https://digitalcollections.aucegypt.edu/digital/collection/p15795coll40/id/225/"", ""og:type"": ""website""}"
226,Hole in belly,Margo Veillon,,Margo Veillon Art Collection,oil pastels on paper,pastels (visual works),paintings (visual works),"Abstract oil pastel drawing of a human skeleton with an animal's skull. It looks like it is sitting with its left leg over its right, the skull looking to the left. There is a hole in the abdomen of the skeleton where the rest of its spinal cord should be. The background is gray.","American University in Cairo, Egypt",https://digitalcollections.aucegypt.edu/digital/collection/p15795coll40/id/226/,"http://digitalcollections.aucegypt.edu/iiif/2/p15795coll40:226/full/730,/0/default.jpg",margo_data/images/0226.jpg,"{""title"": ""Hole in belly"", ""titlea"": ""ثقب في البطن"", ""titleb"": ""Trou dans le ventre"", ""creata"": ""Margo Veillon"", ""creato"": ""Egyptian-Swiss"", ""descri"": ""Abstract oil pastel drawing of a human skeleton with an animal's skull. It looks like it is sitting with its left leg over its right, the skull looking to the left. There is a hole in the abdomen of the skeleton where the rest of its spinal cord should be. The background is gray."", ""descra"": ""Margo Veillon, 1976"", ""locati"": ""American University in Cairo, Egypt"", ""covera"": ""oil pastels on paper"", ""artwor"": ""24 cm x 35 cm"", ""medium"": ""paintings (visual works)"", ""type"": ""pastels (visual works)"", ""format"": ""Abstract (modern European style)"", ""collec"": ""Margo Veillon Art Collection"", ""source"": ""American University in Cairo"", ""licens"": ""Copyright the American University in Cairo"", ""rights"": ""To inquire about rights and permissions, contact the Rare Books and Special Collections Library, The American University in Cairo at +20.2.2615.3676 or rbscl-ref@aucegypt.edu."", ""google-site-verification"": ""UA-49762962-1"", ""viewport"": ""width=device-width, initial-scale=1.0"", ""og:title"": ""Hole in belly"", ""og:description"": ""Abstract oil pastel drawing of a human skeleton with an animal's skull. It looks like it is sitting with its left leg over its right, the skull looking to the left. There is a hole in the abdomen of the skeleton where the rest of its spinal cord should be. The background is gray."", ""og:image"": ""http://digitalcollections.aucegypt.edu/iiif/2/p15795coll40:226/full/730,/0/default.jpg"", ""og:url"": ""https://digitalcollections.aucegypt.edu/digital/collection/p15795coll40/id/226/"", ""og:type"": ""website""}"
227,Unloading ship,Margo Veillon,,Margo Veillon Art Collection,watercolor on engraving print paper,engravings (prints),prints (visual works),"Rough drawing of a wooden boat that is docked on the riverbank, loaded with unknown cargo, with two lines of men walking away from it unloading the cargo from the ship in the form of baskets. In the background, you can see the other side of the river. On the left, there is a group of roughly sketche","American University in Cairo, Egypt",https://digitalcollections.aucegypt.edu/digital/collection/p15795coll40/id/227/,"http://digitalcollections.aucegypt.edu/iiif/2/p15795coll40:227/full/730,/0/default.jpg",margo_data/images/0227.jpg,"{""title"": ""Unloading ship"", ""titlea"": ""تفريغ السفن"", ""titleb"": ""Déchargement du navire"", ""creata"": ""Margo Veillon"", ""creato"": ""Egyptian-Swiss"", ""descri"": ""Rough drawing of a wooden boat that is docked on the riverbank, loaded with unknown cargo, with two lines of men walking away from it unloading the cargo from the ship in the form of baskets. In the background, you can see the other side of the river. On the left, there is a group of roughly sketched people collecting things from the shore. Done in pencil and colored with watercolor."", ""descra"": ""Margo Veillon"", ""locati"": ""American University in Cairo, Egypt"", ""covera"": ""watercolor on engraving print paper"", ""artwor"": ""22.9 cm x 25.4 cm"", ""medium"": ""prints (visual works)"", ""type"": ""engravings (prints)"", ""format"": ""Impressionist (style)"", ""collec"": ""Margo Veillon Art Collection"", ""source"": ""American University in Cairo"", ""licens"": ""Copyright the American University in Cairo"", ""rights"": ""To inquire about rights and permissions, contact the Rare Books and Special Collections Library, The American University in Cairo at +20.2.2615.3676 or rbscl-ref@aucegypt.edu."", ""google-site-verification"": ""UA-49762962-1"", ""viewport"": ""width=device-width, initial-scale=1.0"", ""og:title"": ""Unloading ship"", ""og:description"": ""Rough drawing of a wooden boat that is docked on the riverbank, loaded with unknown cargo, with two lines of men walking away from it unloading the cargo from the ship in the form of baskets. In the background, you can see the other side of the river. On the left, there is a group of roughly sketched people collecting things from the shore. Done in pencil and colored with watercolor."", ""og:image"": ""http://digitalcollections.aucegypt.edu/iiif/2/p15795coll40:227/full/730,/0/default.jpg"", ""og:url"": ""https://digitalcollections.aucegypt.edu/digital/collection/p15795coll40/id/227/"", ""og:type"": ""website""}"
228,Old man and his goats,Margo Veillon,,Margo Veillon Art Collection,acrylic on lithograph print on paper,monotypes (planographic prints),prints (visual works),"A rough lithograph painting of an old Egyptian man sitting down, his arms around his goats. They are above a black textured background. The man is plump, with a mustache.","American University in Cairo, Egypt",https://digitalcollections.aucegypt.edu/digital/collection/p15795coll40/id/228/,"http://digitalcollections.aucegypt.edu/iiif/2/p15795coll40:228/full/730,/0/default.jpg",margo_data/images/0228.jpg,"{""title"": ""Old man and his goats"", ""titlea"": ""الرجل العجوز وماعزه"", ""titleb"": ""Le vieil homme et sa chèvre"", ""creata"": ""Margo Veillon"", ""creato"": ""Egyptian-Swiss"", ""descri"": ""A rough lithograph painting of an old Egyptian man sitting down, his arms around his goats. They are above a black textured background. The man is plump, with a mustache."", ""descra"": ""Margo Veillon, 1967"", ""locati"": ""American University in Cairo, Egypt"", ""covera"": ""acrylic on lithograph print on paper"", ""artwor"": ""24.3 cm x 36 cm"", ""medium"": ""prints (visual works)"", ""type"": ""monotypes (planographic prints)"", ""format"": ""Impressionist (style)"", ""collec"": ""Margo Veillon Art Collection"", ""source"": ""American University in Cairo"", ""licens"": ""Copyright the American University in Cairo"", ""rights"": ""To inquire about rights and permissions, contact the Rare Books and Special Collections Library, The American University in Cairo at +20.2.2615.3676 or rbscl-ref@aucegypt.edu."", ""google-site-verification"": ""UA-49762962-1"", ""viewport"": ""width=device-width, initial-scale=1.0"", ""og:title"": ""Old man and his goats"", ""og:description"": ""A rough lithograph painting of an old Egyptian man sitting down, his arms around his goats. They are above a black textured background. The man is plump, with a mustache."", ""og:image"": ""http://digitalcollections.aucegypt.edu/iiif/2/p15795coll40:228/full/730,/0/default.jpg"", ""og:url"": ""https://digitalcollections.aucegypt.edu/digital/collection/p15795coll40/id/228/"", ""og:type"": ""website""}"
229,Gossipers,Margo Veillon,,Margo Veillon Art Collection,etching print on paper,etchings (prints),prints (visual works),"An abstract etching of a group of people sitting together. In the background, one of the people appears to have their arms around two of the other people. The two people in the left are engaged in a conversation. The one in the middle is looking straight at the viewer. The one on the right is lookin","American University in Cairo, Egypt",https://digitalcollections.aucegypt.edu/digital/collection/p15795coll40/id/229/,"http://digitalcollections.aucegypt.edu/iiif/2/p15795coll40:229/full/730,/0/default.jpg",margo_data/images/0229.jpg,"{""title"": ""Gossipers"", ""titlea"": ""النمّامون"", ""titleb"": ""Des commères"", ""creata"": ""Margo Veillon"", ""creato"": ""Egyptian-Swiss"", ""descri"": ""An abstract etching of a group of people sitting together. In the background, one of the people appears to have their arms around two of the other people. The two people in the left are engaged in a conversation. The one in the middle is looking straight at the viewer. The one on the right is looking to the right, and is the only one wearing a necklace. This is against a dark cross hatched background."", ""descra"": ""Margo Veillon"", ""locati"": ""American University in Cairo, Egypt"", ""covera"": ""etching print on paper"", ""artwor"": ""33 cm x 35.7 cm"", ""medium"": ""prints (visual works)"", ""type"": ""etchings (prints)"", ""format"": ""Abstract (modern European style)"", ""collec"": ""Margo Veillon Art Collection"", ""source"": ""American University in Cairo"", ""licens"": ""Copyright the American University in Cairo"", ""rights"": ""To inquire about rights and permissions, contact the Rare Books and Special Collections Library, The American University in Cairo at +20.2.2615.3676 or rbscl-ref@aucegypt.edu."", ""google-site-verification"": ""UA-49762962-1"", ""viewport"": ""width=device-width, initial-scale=1.0"", ""og:title"": ""Gossipers"", ""og:description"": ""An abstract etching of a group of people sitting together. In the background, one of the people appears to have their arms around two of the other people. The two people in the left are engaged in a conversation. The one in the middle is looking straight at the viewer. The one on the right is looking to the right, and is the only one wearing a necklace. This is against a dark cross hatched background."", ""og:image"": ""http://digitalcollections.aucegypt.edu/iiif/2/p15795coll40:229/full/730,/0/default.jpg"", ""og:url"": ""https://digitalcollections.aucegypt.edu/digital/collection/p15795coll40/id/229/"", ""og:type"": ""website""}"
230,Abstract faces and hands,Margo Veillon,,Margo Veillon Art Collection,aquatint print on paper,etchings (prints),prints (visual works),"An abstract etching of a large number of interlocking shapes and body parts such as side profiles of faces and hands, all of which form a white mass over a dark cross-hatched background.","American University in Cairo, Egypt",https://digitalcollections.aucegypt.edu/digital/collection/p15795coll40/id/230/,"http://digitalcollections.aucegypt.edu/iiif/2/p15795coll40:230/full/730,/0/default.jpg",margo_data/images/0230.jpg,"{""title"": ""Abstract faces and hands"", ""titlea"": ""وجوه مجردة وأيدي"", ""titleb"": ""Visages et mains abstraits"", ""creata"": ""Margo Veillon"", ""creato"": ""Egyptian-Swiss"", ""descri"": ""An abstract etching of a large number of interlocking shapes and body parts such as side profiles of faces and hands, all of which form a white mass over a dark cross-hatched background."", ""descra"": ""eau-forte-orgi"", ""locati"": ""American University in Cairo, Egypt"", ""covera"": ""aquatint print on paper"", ""artwor"": ""26.9 cm x 38 cm"", ""medium"": ""prints (visual works)"", ""type"": ""etchings (prints)"", ""format"": ""Abstract (modern European style)"", ""collec"": ""Margo Veillon Art Collection"", ""source"": ""American University in Cairo"", ""licens"": ""Copyright the American University in Cairo"", ""rights"": ""To inquire about rights and permissions, contact the Rare Books and Special Collections Library, The American University in Cairo at +20.2.2615.3676 or rbscl-ref@aucegypt.edu."", ""google-site-verification"": ""UA-49762962-1"", ""viewport"": ""width=device-width, initial-scale=1.0"", ""og:title"": ""Abstract faces and hands"", ""og:description"": ""An abstract etching of a large number of interlocking shapes and body parts such as side profiles of faces and hands, all of which form a white mass over a dark cross-hatched background."", ""og:image"": ""http://digitalcollections.aucegypt.edu/iiif/2/p15795coll40:230/full/730,/0/default.jpg"", ""og:url"": ""https://digitalcollections.aucegypt.edu/digital/collection/p15795coll40/id/230/"", ""og:type"": ""website""}"
231,Donkeys,Margo Veillon,,Margo Veillon Art Collection,aquatint print on paper,etchings (prints),prints (visual works),"Etching of four or more donkeys stacked on top of each other in a box, each of them wearing patterned saddles to varying degrees of detail. There are feeding bags tied to their snouts. There are also baskets around them.","American University in Cairo, Egypt",https://digitalcollections.aucegypt.edu/digital/collection/p15795coll40/id/231/,"http://digitalcollections.aucegypt.edu/iiif/2/p15795coll40:231/full/730,/0/default.jpg",margo_data/images/0231.jpg,"{""title"": ""Donkeys"", ""titlea"": ""الحمير"", ""titleb"": ""Des ânes"", ""creata"": ""Margo Veillon"", ""creato"": ""Egyptian-Swiss"", ""descri"": ""Etching of four or more donkeys stacked on top of each other in a box, each of them wearing patterned saddles to varying degrees of detail. There are feeding bags tied to their snouts. There are also baskets around them."", ""descra"": ""aquatint orig. Margo Veillon"", ""locati"": ""American University in Cairo, Egypt"", ""covera"": ""aquatint print on paper"", ""artwor"": ""37.6 cm x 55.3 cm"", ""medium"": ""prints (visual works)"", ""type"": ""etchings (prints)"", ""format"": ""Impressionist (style)"", ""collec"": ""Margo Veillon Art Collection"", ""source"": ""American University in Cairo"", ""licens"": ""Copyright the American University in Cairo"", ""rights"": ""To inquire about rights and permissions, contact the Rare Books and Special Collections Library, The American University in Cairo at +20.2.2615.3676 or rbscl-ref@aucegypt.edu."", ""google-site-verification"": ""UA-49762962-1"", ""viewport"": ""width=device-width, initial-scale=1.0"", ""og:title"": ""Donkeys"", ""og:description"": ""Etching of four or more donkeys stacked on top of each other in a box, each of them wearing patterned saddles to varying degrees of detail. There are feeding bags tied to their snouts. There are also baskets around them."", ""og:image"": ""http://digitalcollections.aucegypt.edu/iiif/2/p15795coll40:231/full/730,/0/default.jpg"", ""og:url"": ""https://digitalcollections.aucegypt.edu/digital/collection/p15795coll40/id/231/"", ""og:type"": ""website""}"
232,Dancing lambs,Margo Veillon,,Margo Veillon Art Collection,aquatint print on paper,etchings (prints),prints (visual works),Four young men dressed in long dress wear and cotton caps are standing in a pond surrounded by trees and shrubs. The boy in the foreground of the print is dragging a lamb by its front leg into the water and looking at his friend in the background carrying his lamb on his back. The boy dragging the l,"American University in Cairo, Egypt",https://digitalcollections.aucegypt.edu/digital/collection/p15795coll40/id/232/,"http://digitalcollections.aucegypt.edu/iiif/2/p15795coll40:232/full/730,/0/default.jpg",margo_data/images/0232.jpg,"{""title"": ""Dancing lambs"", ""titlea"": ""الحملان الراقصة"", ""titleb"": ""Les agneaux dansants"", ""creata"": ""Margo Veillon"", ""creato"": ""Egyptian-Swiss"", ""descri"": ""Four young men dressed in long dress wear and cotton caps are standing in a pond surrounded by trees and shrubs. The boy in the foreground of the print is dragging a lamb by its front leg into the water and looking at his friend in the background carrying his lamb on his back. The boy dragging the lamb is bent forward, his behind in the air. Next to him a boy is smiling and holding both legs of a lamb as if dancing with it, and stepping backward into the water. The boy has a content look on his face. On the very right, another boy is dragging a sheep in the background but he is facing away."", ""descra"": ""aquatint orig. 7/15, Margo Veillon"", ""locati"": ""American University in Cairo, Egypt"", ""covera"": ""aquatint print on paper"", ""artwor"": ""29.5 cm x 44.5 cm"", ""medium"": ""prints (visual works)"", ""type"": ""etchings (prints)"", ""format"": ""Impressionist (style)"", ""collec"": ""Margo Veillon Art Collection"", ""source"": ""American University in Cairo"", ""licens"": ""Copyright the American University in Cairo"", ""rights"": ""To inquire about rights and permissions, contact the Rare Books and Special Collections Library, The American University in Cairo at +20.2.2615.3676 or rbscl-ref@aucegypt.edu."", ""google-site-verification"": ""UA-49762962-1"", ""viewport"": ""width=device-width, initial-scale=1.0"", ""og:title"": ""Dancing lambs"", ""og:description"": ""Four young men dressed in long dress wear and cotton caps are standing in a pond surrounded by trees and shrubs. The boy in the foreground of the print is dragging a lamb by its front leg into the water and looking at his friend in the background carrying his lamb on his back. The boy dragging the lamb is bent forward, his behind in the air. Next to him a boy is smiling and holding both legs of a lamb as if dancing with it, and stepping backward into the water. The boy has a content look on his face. On the very right, another boy is dragging a sheep in the background but he is facing away."", ""og:image"": ""http://digitalcollections.aucegypt.edu/iiif/2/p15795coll40:232/full/730,/0/default.jpg"", ""og:url"": ""https://digitalcollections.aucegypt.edu/digital/collection/p15795coll40/id/232/"", ""og:type"": ""website""}"
233,Spring on foothills,Margo Veillon,,Margo Veillon Art Collection,watercolor on paper,watercolors (paintings),paintings (visual works),"Its watercolor drawing of the foothills of a dark colored purple mountain. The mountain is in the far right distance. Before it, layers of rocks colored orange, pigeon blue, and mustard line up to the edge of the painting. On the left, a branch of what seems to be a cherry tree stretches towards the","American University in Cairo, Egypt",https://digitalcollections.aucegypt.edu/digital/collection/p15795coll40/id/233/,"http://digitalcollections.aucegypt.edu/iiif/2/p15795coll40:233/full/730,/0/default.jpg",margo_data/images/0233.jpg,"{""title"": ""Spring on foothills"", ""titlea"": ""الربيع على سفوح التلال"", ""titleb"": ""Printemps sur les contreforts"", ""creata"": ""Margo Veillon"", ""creato"": ""Egyptian-Swiss"", ""descri"": ""Its watercolor drawing of the foothills of a dark colored purple mountain. The mountain is in the far right distance. Before it, layers of rocks colored orange, pigeon blue, and mustard line up to the edge of the painting. On the left, a branch of what seems to be a cherry tree stretches towards the center of the painting. Yellow, pink, and purple, blotches follow the branch as though flowers are being blown by the wind."", ""locati"": ""American University in Cairo, Egypt"", ""covera"": ""watercolor on paper"", ""artwor"": ""44.6 cm x 58.7 cm"", ""medium"": ""paintings (visual works)"", ""type"": ""watercolors (paintings)"", ""format"": ""Impressionist (style)"", ""collec"": ""Margo Veillon Art Collection"", ""source"": ""American University in Cairo"", ""licens"": ""Copyright the American University in Cairo"", ""rights"": ""To inquire about rights and permissions, contact the Rare Books and Special Collections Library, The American University in Cairo at +20.2.2615.3676 or rbscl-ref@aucegypt.edu."", ""google-site-verification"": ""UA-49762962-1"", ""viewport"": ""width=device-width, initial-scale=1.0"", ""og:title"": ""Spring on foothills"", ""og:description"": ""Its watercolor drawing of the foothills of a dark colored purple mountain. The mountain is in the far right distance. Before it, layers of rocks colored orange, pigeon blue, and mustard line up to the edge of the painting. On the left, a branch of what seems to be a cherry tree stretches towards the center of the painting. Yellow, pink, and purple, blotches follow the branch as though flowers are being blown by the wind."", ""og:image"": ""http://digitalcollections.aucegypt.edu/iiif/2/p15795coll40:233/full/730,/0/default.jpg"", ""og:url"": ""https://digitalcollections.aucegypt.edu/digital/collection/p15795coll40/id/233/"", ""og:type"": ""website""}"
234,Portrait of woman with headdress and pendant necklace,Margo Veillon,,Margo Veillon Art Collection,engraving print on paper,engravings (prints),prints (visual works),"A middle aged woman is looking slightly to the right. Her lips are pursed and her nose has a slight bump on it. Her eyebrows are a little close as if she is examining something, but her eyes are wide and curious. She wears a veil covering her hair but not her neck. Her neck carries a large necklace ","American University in Cairo, Egypt",https://digitalcollections.aucegypt.edu/digital/collection/p15795coll40/id/234/,"http://digitalcollections.aucegypt.edu/iiif/2/p15795coll40:234/full/730,/0/default.jpg",margo_data/images/0234.jpg,"{""title"": ""Portrait of woman with headdress and pendant necklace"", ""titlea"": ""صورة لامرأة مع غطاء الرأس وقلادة"", ""titleb"": ""Portrait d'une femme avec une coiffe et un collier"", ""creata"": ""Margo Veillon"", ""creato"": ""Egyptian-Swiss"", ""descri"": ""A middle aged woman is looking slightly to the right. Her lips are pursed and her nose has a slight bump on it. Her eyebrows are a little close as if she is examining something, but her eyes are wide and curious. She wears a veil covering her hair but not her neck. Her neck carries a large necklace with seven pendants hanging from it. She has a large earring that matches the pendant necklace."", ""locati"": ""American University in Cairo, Egypt"", ""covera"": ""engraving print on paper"", ""artwor"": ""37.5 cm x 55.3 cm"", ""medium"": ""prints (visual works)"", ""type"": ""engravings (prints)"", ""format"": ""Expressionist (style)"", ""collec"": ""Margo Veillon Art Collection"", ""source"": ""American University in Cairo"", ""licens"": ""Copyright the American University in Cairo"", ""rights"": ""To inquire about rights and permissions, contact the Rare Books and Special Collections Library, The American University in Cairo at +20.2.2615.3676 or rbscl-ref@aucegypt.edu."", ""google-site-verification"": ""UA-49762962-1"", ""viewport"": ""width=device-width, initial-scale=1.0"", ""og:title"": ""Portrait of woman with headdress and pendant necklace"", ""og:description"": ""A middle aged woman is looking slightly to the right. Her lips are pursed and her nose has a slight bump on it. Her eyebrows are a little close as if she is examining something, but her eyes are wide and curious. She wears a veil covering her hair but not her neck. Her neck carries a large necklace with seven pendants hanging from it. She has a large earring that matches the pendant necklace."", ""og:image"": ""http://digitalcollections.aucegypt.edu/iiif/2/p15795coll40:234/full/730,/0/default.jpg"", ""og:url"": ""https://digitalcollections.aucegypt.edu/digital/collection/p15795coll40/id/234/"", ""og:type"": ""website""}"
235,Extravagant bedouin women with children,Margo Veillon,,Margo Veillon Art Collection,aquatint print on paper,etchings (prints),prints (visual works),"Two bedouin women are sitting with their legs crossed on the ground. Both are wearing a veil across their face connected in the center to a veil that covers their hair. The vail on their faces has circular metal coins sewn onto it. The dresses are patterned with rectangles and dots, and the women ar","American University in Cairo, Egypt",https://digitalcollections.aucegypt.edu/digital/collection/p15795coll40/id/235/,"http://digitalcollections.aucegypt.edu/iiif/2/p15795coll40:235/full/730,/0/default.jpg",margo_data/images/0235.jpg,"{""title"": ""Extravagant bedouin women with children"", ""titlea"": ""بدويات مع اطفال"", ""titleb"": ""Femmes bédouines extravagantes avec enfants"", ""creata"": ""Margo Veillon"", ""creato"": ""Egyptian-Swiss"", ""descri"": ""Two bedouin women are sitting with their legs crossed on the ground. Both are wearing a veil across their face connected in the center to a veil that covers their hair. The vail on their faces has circular metal coins sewn onto it. The dresses are patterned with rectangles and dots, and the women are both wearing jewelry in form of bracelets. Both women are leaning their head against their hands, body language suggesting they are bored or resting. They are facing forward. Each woman has a child on her lap. The woman on the right's child has his arm wrapped around the woman's shoulder and his other hand in his mouth. He is looking to the bottom right and not wearing any clothes. The child on the left is sitting between the woman's legs. His mouth is open as though crying out."", ""descra"": ""aquatint orig V/XX. Margo Veillon"", ""locati"": ""American University in Cairo, Egypt"", ""covera"": ""aquatint print on paper"", ""artwor"": ""37.2 cm x 53.2 cm"", ""medium"": ""prints (visual works)"", ""type"": ""etchings (prints)"", ""format"": ""Impressionist (style)"", ""collec"": ""Margo Veillon Art Collection"", ""source"": ""American University in Cairo"", ""licens"": ""Copyright the American University in Cairo"", ""rights"": ""To inquire about rights and permissions, contact the Rare Books and Special Collections Library, The American University in Cairo at +20.2.2615.3676 or rbscl-ref@aucegypt.edu."", ""google-site-verification"": ""UA-49762962-1"", ""viewport"": ""width=device-width, initial-scale=1.0"", ""og:title"": ""Extravagant bedouin women with children"", ""og:description"": ""Two bedouin women are sitting with their legs crossed on the ground. Both are wearing a veil across their face connected in the center to a veil that covers their hair. The vail on their faces has circular metal coins sewn onto it. The dresses are patterned with rectangles and dots, and the women are both wearing jewelry in form of bracelets. Both women are leaning their head against their hands, body language suggesting they are bored or resting. They are facing forward. Each woman has a child on her lap. The woman on the right's child has his arm wrapped around the woman's shoulder and his other hand in his mouth. He is looking to the bottom right and not wearing any clothes. The child on the left is sitting between the woman's legs. His mouth is open as though crying out."", ""og:image"": ""http://digitalcollections.aucegypt.edu/iiif/2/p15795coll40:235/full/730,/0/default.jpg"", ""og:url"": ""https://digitalcollections.aucegypt.edu/digital/collection/p15795coll40/id/235/"", ""og:type"": ""website""}"
236,Farmers on plantation,Margo Veillon,,Margo Veillon Art Collection,aquatint print on paper,etchings (prints),prints (visual works),"Five farmers use hoes to penetrate the ground before them. They are standing in a line with the closest farmer in the front left of the sketch, and the farthest vanishing to the right background of the sketch. They are all bent over past their knees looking at the ground before them. Their mouths ar","American University in Cairo, Egypt",https://digitalcollections.aucegypt.edu/digital/collection/p15795coll40/id/236/,"http://digitalcollections.aucegypt.edu/iiif/2/p15795coll40:236/full/730,/0/default.jpg",margo_data/images/0236.jpg,"{""title"": ""Farmers on plantation"", ""titlea"": ""مزارعون يقومون بالزراعه"", ""titleb"": ""Les agriculteurs sur la plantation"", ""creata"": ""Margo Veillon"", ""creato"": ""Egyptian-Swiss"", ""descri"": ""Five farmers use hoes to penetrate the ground before them. They are standing in a line with the closest farmer in the front left of the sketch, and the farthest vanishing to the right background of the sketch. They are all bent over past their knees looking at the ground before them. Their mouths are purses and eyes focused, all of them wear a hat of some sort, turban or a cloth cap. A man stands behind them in the distance looking away."", ""descra"": ""aquatint orig. Margo Veillon"", ""locati"": ""American University in Cairo, Egypt"", ""covera"": ""aquatint print on paper"", ""artwor"": ""28 cm x 38 cm"", ""medium"": ""prints (visual works)"", ""type"": ""etchings (prints)"", ""format"": ""Impressionist (style)"", ""collec"": ""Margo Veillon Art Collection"", ""source"": ""American University in Cairo"", ""licens"": ""Copyright the American University in Cairo"", ""rights"": ""To inquire about rights and permissions, contact the Rare Books and Special Collections Library, The American University in Cairo at +20.2.2615.3676 or rbscl-ref@aucegypt.edu."", ""google-site-verification"": ""UA-49762962-1"", ""viewport"": ""width=device-width, initial-scale=1.0"", ""og:title"": ""Farmers on plantation"", ""og:description"": ""Five farmers use hoes to penetrate the ground before them. They are standing in a line with the closest farmer in the front left of the sketch, and the farthest vanishing to the right background of the sketch. They are all bent over past their knees looking at the ground before them. Their mouths are purses and eyes focused, all of them wear a hat of some sort, turban or a cloth cap. A man stands behind them in the distance looking away."", ""og:image"": ""http://digitalcollections.aucegypt.edu/iiif/2/p15795coll40:236/full/730,/0/default.jpg"", ""og:url"": ""https://digitalcollections.aucegypt.edu/digital/collection/p15795coll40/id/236/"", ""og:type"": ""website""}"
237,Water buffalo and sitting woman wearing black,Margo Veillon,,Margo Veillon Art Collection,aquatint print on paper,etchings (prints),prints (visual works),second Aquatint print copy of A water buffalo with A woman sitting beside it,"American University in Cairo, Egypt",https://digitalcollections.aucegypt.edu/digital/collection/p15795coll40/id/237/,"http://digitalcollections.aucegypt.edu/iiif/2/p15795coll40:237/full/730,/0/default.jpg",margo_data/images/0237.jpg,"{""title"": ""Water buffalo and sitting woman wearing black"", ""titlea"": ""جاموس الماء وامرأة جالسة ترتدي الاسود"", ""titleb"": ""Buffle d'eau et femme assise vêtue de noir"", ""creata"": ""Margo Veillon"", ""creato"": ""Egyptian-Swiss"", ""descri"": ""second Aquatint print copy of A water buffalo with A woman sitting beside it"", ""descra"": ""aquatint orig. Margo Veillon"", ""locati"": ""American University in Cairo, Egypt"", ""covera"": ""aquatint print on paper"", ""artwor"": ""20 cm x 32.3 cm"", ""medium"": ""prints (visual works)"", ""type"": ""etchings (prints)"", ""format"": ""Impressionist (style)"", ""collec"": ""Margo Veillon Art Collection"", ""source"": ""American University in Cairo"", ""licens"": ""Copyright the American University in Cairo"", ""rights"": ""To inquire about rights and permissions, contact the Rare Books and Special Collections Library, The American University in Cairo at +20.2.2615.3676 or rbscl-ref@aucegypt.edu."", ""google-site-verification"": ""UA-49762962-1"", ""viewport"": ""width=device-width, initial-scale=1.0"", ""og:title"": ""Water buffalo and sitting woman wearing black"", ""og:description"": ""second Aquatint print copy of A water buffalo with A woman sitting beside it"", ""og:image"": ""http://digitalcollections.aucegypt.edu/iiif/2/p15795coll40:237/full/730,/0/default.jpg"", ""og:url"": ""https://digitalcollections.aucegypt.edu/digital/collection/p15795coll40/id/237/"", ""og:type"": ""website""}"
238,Water buffalo and sitting woman,Margo Veillon,,Margo Veillon Art Collection,aquatint print on paper,etchings (prints),prints (visual works),"A water buffalo is laying down horizontally across the ground, rolled almost on its back. It has a huge bulging stomach, could be pregnant. Its horns are pointed in different directions, one is curved to upwards while the other is curved downwards. Near the hips of the buffalo a woman is sitting wit","American University in Cairo, Egypt",https://digitalcollections.aucegypt.edu/digital/collection/p15795coll40/id/238/,"http://digitalcollections.aucegypt.edu/iiif/2/p15795coll40:238/full/730,/0/default.jpg",margo_data/images/0238.jpg,"{""title"": ""Water buffalo and sitting woman"", ""titlea"": ""جاموس الماء وامرأة جالسة"", ""titleb"": ""Buffle d'eau et femme assise"", ""creata"": ""Margo Veillon"", ""creato"": ""Egyptian-Swiss"", ""descri"": ""A water buffalo is laying down horizontally across the ground, rolled almost on its back. It has a huge bulging stomach, could be pregnant. Its horns are pointed in different directions, one is curved to upwards while the other is curved downwards. Near the hips of the buffalo a woman is sitting with one knee to her chest and the other slightly below. She leans her elbow on the farther knee and is holding the toes of her other foot with her hand. Her right hand is resting on the knee held to her chest. Her profile is facing forward, looking at the buffalo's face. Her face is calm, neutral, as though she is waiting for something or in deep thought. She wears a cloth headband."", ""descra"": ""aquatint orig. 3/15, Margo Veillon"", ""locati"": ""American University in Cairo, Egypt"", ""covera"": ""aquatint print on paper"", ""artwor"": ""35 cm x 45.3 cm"", ""medium"": ""prints (visual works)"", ""type"": ""etchings (prints)"", ""format"": ""Impressionist (style)"", ""collec"": ""Margo Veillon Art Collection"", ""source"": ""American University in Cairo"", ""licens"": ""Copyright the American University in Cairo"", ""rights"": ""To inquire about rights and permissions, contact the Rare Books and Special Collections Library, The American University in Cairo at +20.2.2615.3676 or rbscl-ref@aucegypt.edu."", ""google-site-verification"": ""UA-49762962-1"", ""viewport"": ""width=device-width, initial-scale=1.0"", ""og:title"": ""Water buffalo and sitting woman"", ""og:description"": ""A water buffalo is laying down horizontally across the ground, rolled almost on its back. It has a huge bulging stomach, could be pregnant. Its horns are pointed in different directions, one is curved to upwards while the other is curved downwards. Near the hips of the buffalo a woman is sitting with one knee to her chest and the other slightly below. She leans her elbow on the farther knee and is holding the toes of her other foot with her hand. Her right hand is resting on the knee held to her chest. Her profile is facing forward, looking at the buffalo's face. Her face is calm, neutral, as though she is waiting for something or in deep thought. She wears a cloth headband."", ""og:image"": ""http://digitalcollections.aucegypt.edu/iiif/2/p15795coll40:238/full/730,/0/default.jpg"", ""og:url"": ""https://digitalcollections.aucegypt.edu/digital/collection/p15795coll40/id/238/"", ""og:type"": ""website""}"
239,Women cooking instruments in stream,Margo Veillon,,Margo Veillon Art Collection,engravings print on paper,engravings (prints),prints (visual works),"Eight women are centered in the sketch each holding a pot or a pan of sorts. The woman in the foreground is holding the bottom of her dress up to her stomach and standing upright starring into distance to the left, her profile only is shown. Two women in the middle ground are holding their dresses a","American University in Cairo, Egypt",https://digitalcollections.aucegypt.edu/digital/collection/p15795coll40/id/239/,"http://digitalcollections.aucegypt.edu/iiif/2/p15795coll40:239/full/730,/0/default.jpg",margo_data/images/0239.jpg,"{""title"": ""Women cooking instruments in stream"", ""titlea"": ""نساء تنظف الصحون في مجري ماءي"", ""titleb"": ""Femmes nettoyant des instruments de cuisine dans un ruisseau"", ""creata"": ""Margo Veillon"", ""creato"": ""Egyptian-Swiss"", ""descri"": ""Eight women are centered in the sketch each holding a pot or a pan of sorts. The woman in the foreground is holding the bottom of her dress up to her stomach and standing upright starring into distance to the left, her profile only is shown. Two women in the middle ground are holding their dresses and bending over the water which is up to their ankles. One woman is squatted over the edge of the stream holding an oval shaped pot in the water. A woman who carries an oval pot on her head behind the other women is facing the other direction and walking away. Only the back of her head and her long veil is visible. None of the faces are depicted in details."", ""descra"": ""Margo Veillon, eau-forte orig."", ""locati"": ""American University in Cairo, Egypt"", ""covera"": ""engravings print on paper"", ""artwor"": ""33.7 cm x 27 cm"", ""medium"": ""prints (visual works)"", ""type"": ""engravings (prints)"", ""format"": ""Impressionist (style)"", ""collec"": ""Margo Veillon Art Collection"", ""source"": ""American University in Cairo"", ""licens"": ""Copyright the American University in Cairo"", ""rights"": ""To inquire about rights and permissions, contact the Rare Books and Special Collections Library, The American University in Cairo at +20.2.2615.3676 or rbscl-ref@aucegypt.edu."", ""google-site-verification"": ""UA-49762962-1"", ""viewport"": ""width=device-width, initial-scale=1.0"", ""og:title"": ""Women cooking instruments in stream"", ""og:description"": ""Eight women are centered in the sketch each holding a pot or a pan of sorts. The woman in the foreground is holding the bottom of her dress up to her stomach and standing upright starring into distance to the left, her profile only is shown. Two women in the middle ground are holding their dresses and bending over the water which is up to their ankles. One woman is squatted over the edge of the stream holding an oval shaped pot in the water. A woman who carries an oval pot on her head behind the other women is facing the other direction and walking away. Only the back of her head and her long veil is visible. None of the faces are depicted in details."", ""og:image"": ""http://digitalcollections.aucegypt.edu/iiif/2/p15795coll40:239/full/730,/0/default.jpg"", ""og:url"": ""https://digitalcollections.aucegypt.edu/digital/collection/p15795coll40/id/239/"", ""og:type"": ""website""}"
240,Man riding horse,Margo Veillon,,Margo Veillon Art Collection,engravings print on paper,engravings (prints),prints (visual works),"Grown man with a faint moustache riding a horse. He is wearing a fez and long traditional dress wear. The saddle of the horse is covered in a long cloth that drapes from the sides. The man is smiling with his mouth parted, the image capturing the dynamic moment of the horse moving and the man speaki","American University in Cairo, Egypt",https://digitalcollections.aucegypt.edu/digital/collection/p15795coll40/id/240/,"http://digitalcollections.aucegypt.edu/iiif/2/p15795coll40:240/full/730,/0/default.jpg",margo_data/images/0240.jpg,"{""title"": ""Man riding horse"", ""titlea"": ""رجل يركب حصان"", ""titleb"": ""Homme à cheval"", ""creata"": ""Margo Veillon"", ""creato"": ""Egyptian-Swiss"", ""descri"": ""Grown man with a faint moustache riding a horse. He is wearing a fez and long traditional dress wear. The saddle of the horse is covered in a long cloth that drapes from the sides. The man is smiling with his mouth parted, the image capturing the dynamic moment of the horse moving and the man speaking."", ""locati"": ""American University in Cairo, Egypt"", ""covera"": ""engravings print on paper"", ""artwor"": ""53 cm x 37 cm"", ""medium"": ""prints (visual works)"", ""type"": ""engravings (prints)"", ""format"": ""Impressionist (style)"", ""collec"": ""Margo Veillon Art Collection"", ""source"": ""American University in Cairo"", ""licens"": ""Copyright the American University in Cairo"", ""rights"": ""To inquire about rights and permissions, contact the Rare Books and Special Collections Library, The American University in Cairo at +20.2.2615.3676 or rbscl-ref@aucegypt.edu."", ""google-site-verification"": ""UA-49762962-1"", ""viewport"": ""width=device-width, initial-scale=1.0"", ""og:title"": ""Man riding horse"", ""og:description"": ""Grown man with a faint moustache riding a horse. He is wearing a fez and long traditional dress wear. The saddle of the horse is covered in a long cloth that drapes from the sides. The man is smiling with his mouth parted, the image capturing the dynamic moment of the horse moving and the man speaking."", ""og:image"": ""http://digitalcollections.aucegypt.edu/iiif/2/p15795coll40:240/full/730,/0/default.jpg"", ""og:url"": ""https://digitalcollections.aucegypt.edu/digital/collection/p15795coll40/id/240/"", ""og:type"": ""website""}"
241,Margo drawing Cassandra,Margo Veillon,,Margo Veillon Art Collection,photograph on paper,photographs,photographs,"A photograph of Margo Veillon in the process of drawing a portrait of her muse Cassandra using charcoal. Viellon is seat on the left of the photo behind an easel; she is visible from her back. Cassandra is leaning on her elbows with her arms spread out on the table, looking towards the camera.","American University in Cairo, Egypt",https://digitalcollections.aucegypt.edu/digital/collection/p15795coll40/id/241/,"http://digitalcollections.aucegypt.edu/iiif/2/p15795coll40:241/full/730,/0/default.jpg",margo_data/images/0241.jpg,"{""title"": ""Margo drawing Cassandra"", ""titlea"": ""مارجو ترسم كاساندرا"", ""titleb"": ""Margo dessinant Cassandre"", ""creata"": ""Margo Veillon"", ""creato"": ""Egyptian-Swiss"", ""descri"": ""A photograph of Margo Veillon in the process of drawing a portrait of her muse Cassandra using charcoal. Viellon is seat on the left of the photo behind an easel; she is visible from her back. Cassandra is leaning on her elbows with her arms spread out on the table, looking towards the camera."", ""locati"": ""American University in Cairo, Egypt"", ""covera"": ""photograph on paper"", ""artwor"": ""40.5 cm x 50 cm"", ""medium"": ""photographs"", ""type"": ""photographs"", ""format"": ""Expressionist (style)"", ""collec"": ""Margo Veillon Art Collection"", ""source"": ""American University in Cairo"", ""licens"": ""Copyright the American University in Cairo"", ""rights"": ""To inquire about rights and permissions, contact the Rare Books and Special Collections Library, The American University in Cairo at +20.2.2615.3676 or rbscl-ref@aucegypt.edu."", ""google-site-verification"": ""UA-49762962-1"", ""viewport"": ""width=device-width, initial-scale=1.0"", ""og:title"": ""Margo drawing Cassandra"", ""og:description"": ""A photograph of Margo Veillon in the process of drawing a portrait of her muse Cassandra using charcoal. Viellon is seat on the left of the photo behind an easel; she is visible from her back. Cassandra is leaning on her elbows with her arms spread out on the table, looking towards the camera."", ""og:image"": ""http://digitalcollections.aucegypt.edu/iiif/2/p15795coll40:241/full/730,/0/default.jpg"", ""og:url"": ""https://digitalcollections.aucegypt.edu/digital/collection/p15795coll40/id/241/"", ""og:type"": ""website""}"
242,Yellow desert,Margo Veillon,,Margo Veillon Art Collection,sand on cardboard,sand paintings,mixed media works,"A desert landscape depicting three large mountains or dunes in yellow on the horizon. Below, in shades of brown, gray, and ochre, are the details of what might be a town or oasis.","American University in Cairo, Egypt",https://digitalcollections.aucegypt.edu/digital/collection/p15795coll40/id/242/,"http://digitalcollections.aucegypt.edu/iiif/2/p15795coll40:242/full/730,/0/default.jpg",margo_data/images/0242.jpg,"{""title"": ""Yellow desert"", ""titlea"": ""الصحراء الصفراء"", ""titleb"": ""Désert jaune"", ""creata"": ""Margo Veillon"", ""creato"": ""Egyptian-Swiss"", ""descri"": ""A desert landscape depicting three large mountains or dunes in yellow on the horizon. Below, in shades of brown, gray, and ochre, are the details of what might be a town or oasis."", ""descra"": ""Margo Veillon, 1981"", ""locati"": ""American University in Cairo, Egypt"", ""covera"": ""sand on cardboard"", ""artwor"": ""50 cm x 34.8 cm"", ""medium"": ""mixed media works"", ""type"": ""sand paintings"", ""format"": ""Impressionist (style)"", ""collec"": ""Margo Veillon Art Collection"", ""source"": ""American University in Cairo"", ""licens"": ""Copyright the American University in Cairo"", ""rights"": ""To inquire about rights and permissions, contact the Rare Books and Special Collections Library, The American University in Cairo at +20.2.2615.3676 or rbscl-ref@aucegypt.edu."", ""google-site-verification"": ""UA-49762962-1"", ""viewport"": ""width=device-width, initial-scale=1.0"", ""og:title"": ""Yellow desert"", ""og:description"": ""A desert landscape depicting three large mountains or dunes in yellow on the horizon. Below, in shades of brown, gray, and ochre, are the details of what might be a town or oasis."", ""og:image"": ""http://digitalcollections.aucegypt.edu/iiif/2/p15795coll40:242/full/730,/0/default.jpg"", ""og:url"": ""https://digitalcollections.aucegypt.edu/digital/collection/p15795coll40/id/242/"", ""og:type"": ""website""}"
243,Rocks,Margo Veillon,,Margo Veillon Art Collection,sand on cardboard,sand paintings,mixed media works,"An abstract sand painting of three feminine figures standing on rocks. The figures are in red, yellowish brown, and dark blue, and the stones are in shades of blue and greenish gray.","American University in Cairo, Egypt",https://digitalcollections.aucegypt.edu/digital/collection/p15795coll40/id/243/,"http://digitalcollections.aucegypt.edu/iiif/2/p15795coll40:243/full/730,/0/default.jpg",margo_data/images/0243.jpg,"{""title"": ""Rocks"", ""titlea"": ""الصخور"", ""titleb"": ""Rochers"", ""creata"": ""Margo Veillon"", ""creato"": ""Egyptian-Swiss"", ""descri"": ""An abstract sand painting of three feminine figures standing on rocks. The figures are in red, yellowish brown, and dark blue, and the stones are in shades of blue and greenish gray."", ""locati"": ""American University in Cairo, Egypt"", ""covera"": ""sand on cardboard"", ""artwor"": ""49.5 cm x 70 cm"", ""medium"": ""mixed media works"", ""type"": ""sand paintings"", ""format"": ""Abstract (modern European style)"", ""collec"": ""Margo Veillon Art Collection"", ""source"": ""American University in Cairo"", ""licens"": ""Copyright the American University in Cairo"", ""rights"": ""To inquire about rights and permissions, contact the Rare Books and Special Collections Library, The American University in Cairo at +20.2.2615.3676 or rbscl-ref@aucegypt.edu."", ""google-site-verification"": ""UA-49762962-1"", ""viewport"": ""width=device-width, initial-scale=1.0"", ""og:title"": ""Rocks"", ""og:description"": ""An abstract sand painting of three feminine figures standing on rocks. The figures are in red, yellowish brown, and dark blue, and the stones are in shades of blue and greenish gray."", ""og:image"": ""http://digitalcollections.aucegypt.edu/iiif/2/p15795coll40:243/full/730,/0/default.jpg"", ""og:url"": ""https://digitalcollections.aucegypt.edu/digital/collection/p15795coll40/id/243/"", ""og:type"": ""website""}"
244,Lady,Margo Veillon,,Margo Veillon Art Collection,sand on cardboard,sand paintings,mixed media works,"A mixed-media cubist painting depicting a nude woman with a stark hourglass figure, her arm bent so that her hand is below her chin. Next to her is a table and behind her is a shadow of red ochre.","American University in Cairo, Egypt",https://digitalcollections.aucegypt.edu/digital/collection/p15795coll40/id/244/,"http://digitalcollections.aucegypt.edu/iiif/2/p15795coll40:244/full/730,/0/default.jpg",margo_data/images/0244.jpg,"{""title"": ""Lady"", ""titlea"": ""سيدة"", ""titleb"": ""Dame"", ""creata"": ""Margo Veillon"", ""creato"": ""Egyptian-Swiss"", ""descri"": ""A mixed-media cubist painting depicting a nude woman with a stark hourglass figure, her arm bent so that her hand is below her chin. Next to her is a table and behind her is a shadow of red ochre."", ""locati"": ""American University in Cairo, Egypt"", ""covera"": ""sand on cardboard"", ""artwor"": ""49.1 cm x 70 cm"", ""medium"": ""mixed media works"", ""type"": ""sand paintings"", ""format"": ""Cubist"", ""collec"": ""Margo Veillon Art Collection"", ""source"": ""American University in Cairo"", ""licens"": ""Copyright the American University in Cairo"", ""rights"": ""To inquire about rights and permissions, contact the Rare Books and Special Collections Library, The American University in Cairo at +20.2.2615.3676 or rbscl-ref@aucegypt.edu."", ""google-site-verification"": ""UA-49762962-1"", ""viewport"": ""width=device-width, initial-scale=1.0"", ""og:title"": ""Lady"", ""og:description"": ""A mixed-media cubist painting depicting a nude woman with a stark hourglass figure, her arm bent so that her hand is below her chin. Next to her is a table and behind her is a shadow of red ochre."", ""og:image"": ""http://digitalcollections.aucegypt.edu/iiif/2/p15795coll40:244/full/730,/0/default.jpg"", ""og:url"": ""https://digitalcollections.aucegypt.edu/digital/collection/p15795coll40/id/244/"", ""og:type"": ""website""}"
245,Surrealist flowers,Margo Veillon,,Margo Veillon Art Collection,watercolors on paper,watercolors (paintings),paintings (visual works),"A surrealist painting showing three large spiky colorful flowers coming out of a large brown mass. The petals are blue and pink. The stems are large, segmented, and orange. They are above a yellow background.","American University in Cairo, Egypt",https://digitalcollections.aucegypt.edu/digital/collection/p15795coll40/id/245/,"http://digitalcollections.aucegypt.edu/iiif/2/p15795coll40:245/full/730,/0/default.jpg",margo_data/images/0245.jpg,"{""title"": ""Surrealist flowers"", ""titlea"": ""زهور سريالية"", ""titleb"": ""Fleurs surréalistes"", ""creata"": ""Margo Veillon"", ""creato"": ""Egyptian-Swiss"", ""descri"": ""A surrealist painting showing three large spiky colorful flowers coming out of a large brown mass. The petals are blue and pink. The stems are large, segmented, and orange. They are above a yellow background."", ""descra"": ""Margo Veillon, III 1973"", ""locati"": ""American University in Cairo, Egypt"", ""covera"": ""watercolors on paper"", ""artwor"": ""35.7 cm x 47.8 cm"", ""medium"": ""paintings (visual works)"", ""type"": ""watercolors (paintings)"", ""format"": ""Surrealist"", ""collec"": ""Margo Veillon Art Collection"", ""source"": ""American University in Cairo"", ""licens"": ""Copyright the American University in Cairo"", ""rights"": ""To inquire about rights and permissions, contact the Rare Books and Special Collections Library, The American University in Cairo at +20.2.2615.3676 or rbscl-ref@aucegypt.edu."", ""google-site-verification"": ""UA-49762962-1"", ""viewport"": ""width=device-width, initial-scale=1.0"", ""og:title"": ""Surrealist flowers"", ""og:description"": ""A surrealist painting showing three large spiky colorful flowers coming out of a large brown mass. The petals are blue and pink. The stems are large, segmented, and orange. They are above a yellow background."", ""og:image"": ""http://digitalcollections.aucegypt.edu/iiif/2/p15795coll40:245/full/730,/0/default.jpg"", ""og:url"": ""https://digitalcollections.aucegypt.edu/digital/collection/p15795coll40/id/245/"", ""og:type"": ""website""}"
246,Dream birds,Margo Veillon,,Margo Veillon Art Collection,pastels on paper,pastels (visual works),paintings (visual works),"A surrealist painting depicting six human faces. Two of them, in yellow and brown, are on one side, and a third, in blue, is in front of them. The blue face is smiling, and the yellow face behind it is smiling, and the one behind it is neutral. On the other side, there are two blue faces on the othe","American University in Cairo, Egypt",https://digitalcollections.aucegypt.edu/digital/collection/p15795coll40/id/246/,"http://digitalcollections.aucegypt.edu/iiif/2/p15795coll40:246/full/730,/0/default.jpg",margo_data/images/0246.jpg,"{""title"": ""Dream birds"", ""titlea"": ""طيور الأحلام"", ""titleb"": ""Oiseaux de rêve"", ""creata"": ""Margo Veillon"", ""creato"": ""Egyptian-Swiss"", ""descri"": ""A surrealist painting depicting six human faces. Two of them, in yellow and brown, are on one side, and a third, in blue, is in front of them. The blue face is smiling, and the yellow face behind it is smiling, and the one behind it is neutral. On the other side, there are two blue faces on the other side are smiling, and the one in the background is pouring what looks like surrealist birds on the other faces. All of the faces are above a white cloud, with a blue ghost in the far background."", ""descra"": ""Margo Veillon, VII 1973"", ""locati"": ""American University in Cairo, Egypt"", ""covera"": ""pastels on paper"", ""artwor"": ""47.8 cm x 35.7 cm"", ""medium"": ""paintings (visual works)"", ""type"": ""pastels (visual works)"", ""format"": ""Surrealist"", ""collec"": ""Margo Veillon Art Collection"", ""source"": ""American University in Cairo"", ""licens"": ""Copyright the American University in Cairo"", ""rights"": ""To inquire about rights and permissions, contact the Rare Books and Special Collections Library, The American University in Cairo at +20.2.2615.3676 or rbscl-ref@aucegypt.edu."", ""google-site-verification"": ""UA-49762962-1"", ""viewport"": ""width=device-width, initial-scale=1.0"", ""og:title"": ""Dream birds"", ""og:description"": ""A surrealist painting depicting six human faces. Two of them, in yellow and brown, are on one side, and a third, in blue, is in front of them. The blue face is smiling, and the yellow face behind it is smiling, and the one behind it is neutral. On the other side, there are two blue faces on the other side are smiling, and the one in the background is pouring what looks like surrealist birds on the other faces. All of the faces are above a white cloud, with a blue ghost in the far background."", ""og:image"": ""http://digitalcollections.aucegypt.edu/iiif/2/p15795coll40:246/full/730,/0/default.jpg"", ""og:url"": ""https://digitalcollections.aucegypt.edu/digital/collection/p15795coll40/id/246/"", ""og:type"": ""website""}"
247,Three boys,Margo Veillon,,Margo Veillon Art Collection,watercolors on paper,watercolors (paintings),mixed media works,"A watercolor painting of a group of young boys standing in the sunlight on a rural path surrounded by reeds. One of the boys is wearing a short white shirt, but the other two are nude.","American University in Cairo, Egypt",https://digitalcollections.aucegypt.edu/digital/collection/p15795coll40/id/247/,"http://digitalcollections.aucegypt.edu/iiif/2/p15795coll40:247/full/730,/0/default.jpg",margo_data/images/0247.jpg,"{""title"": ""Three boys"", ""titlea"": ""ثلاثة أولاد"", ""titleb"": ""Trois garçons"", ""creata"": ""Margo Veillon"", ""creato"": ""Egyptian-Swiss"", ""descri"": ""A watercolor painting of a group of young boys standing in the sunlight on a rural path surrounded by reeds. One of the boys is wearing a short white shirt, but the other two are nude."", ""descra"": ""Margo Veillon"", ""locati"": ""American University in Cairo, Egypt"", ""covera"": ""watercolors on paper"", ""artwor"": ""43.5 cm x 47.7 cm"", ""medium"": ""mixed media works"", ""type"": ""watercolors (paintings)"", ""format"": ""Expressionist (style)"", ""collec"": ""Margo Veillon Art Collection"", ""source"": ""American University in Cairo"", ""licens"": ""Copyright the American University in Cairo"", ""rights"": ""To inquire about rights and permissions, contact the Rare Books and Special Collections Library, The American University in Cairo at +20.2.2615.3676 or rbscl-ref@aucegypt.edu."", ""google-site-verification"": ""UA-49762962-1"", ""viewport"": ""width=device-width, initial-scale=1.0"", ""og:title"": ""Three boys"", ""og:description"": ""A watercolor painting of a group of young boys standing in the sunlight on a rural path surrounded by reeds. One of the boys is wearing a short white shirt, but the other two are nude."", ""og:image"": ""http://digitalcollections.aucegypt.edu/iiif/2/p15795coll40:247/full/730,/0/default.jpg"", ""og:url"": ""https://digitalcollections.aucegypt.edu/digital/collection/p15795coll40/id/247/"", ""og:type"": ""website""}"
248,Fellahi woman with son,Margo Veillon,,Margo Veillon Art Collection,watercolors on paper,watercolors (paintings),drawings (visual works),"A peasant woman is standing while looking directly at the viewer, holding the hands of her child, a toddler, who is nude but has clothing tied around his neck like a cape. The painting is rendered in very faint watercolors.","American University in Cairo, Egypt",https://digitalcollections.aucegypt.edu/digital/collection/p15795coll40/id/248/,"http://digitalcollections.aucegypt.edu/iiif/2/p15795coll40:248/full/730,/0/default.jpg",margo_data/images/0248.jpg,"{""title"": ""Fellahi woman with son"", ""titlea"": ""فلاحه مع ابنها"", ""titleb"": ""Fellahi femme avec fils"", ""creata"": ""Margo Veillon"", ""creato"": ""Egyptian-Swiss"", ""descri"": ""A peasant woman is standing while looking directly at the viewer, holding the hands of her child, a toddler, who is nude but has clothing tied around his neck like a cape. The painting is rendered in very faint watercolors."", ""locati"": ""American University in Cairo, Egypt"", ""covera"": ""watercolors on paper"", ""artwor"": ""62 cm x 42.5 cm"", ""medium"": ""drawings (visual works)"", ""type"": ""watercolors (paintings)"", ""format"": ""Impressionist (style)"", ""collec"": ""Margo Veillon Art Collection"", ""source"": ""American University in Cairo"", ""licens"": ""Copyright the American University in Cairo"", ""rights"": ""To inquire about rights and permissions, contact the Rare Books and Special Collections Library, The American University in Cairo at +20.2.2615.3676 or rbscl-ref@aucegypt.edu."", ""google-site-verification"": ""UA-49762962-1"", ""viewport"": ""width=device-width, initial-scale=1.0"", ""og:title"": ""Fellahi woman with son"", ""og:description"": ""A peasant woman is standing while looking directly at the viewer, holding the hands of her child, a toddler, who is nude but has clothing tied around his neck like a cape. The painting is rendered in very faint watercolors."", ""og:image"": ""http://digitalcollections.aucegypt.edu/iiif/2/p15795coll40:248/full/730,/0/default.jpg"", ""og:url"": ""https://digitalcollections.aucegypt.edu/digital/collection/p15795coll40/id/248/"", ""og:type"": ""website""}"
249,Man lying down,Margo Veillon,,Margo Veillon Art Collection,acrylic on paper,acrylic paintings (visual works),paintings (visual works),"A man lying down horizontally on the ground, one arm stretched above his head, the other resting on his abdomen. He is wearing a reddish jalabiya. The ground is grey, and the background behind him is yellow with white spots.","American University in Cairo, Egypt",https://digitalcollections.aucegypt.edu/digital/collection/p15795coll40/id/249/,"http://digitalcollections.aucegypt.edu/iiif/2/p15795coll40:249/full/730,/0/default.jpg",margo_data/images/0249.jpg,"{""title"": ""Man lying down"", ""titlea"": ""رجل مستلقي"", ""titleb"": ""Homme couché"", ""creata"": ""Margo Veillon"", ""creato"": ""Egyptian-Swiss"", ""descri"": ""A man lying down horizontally on the ground, one arm stretched above his head, the other resting on his abdomen. He is wearing a reddish jalabiya. The ground is grey, and the background behind him is yellow with white spots."", ""descra"": ""1959, Margo Veillon"", ""locati"": ""American University in Cairo, Egypt"", ""covera"": ""acrylic on paper"", ""artwor"": ""29.5 cm x 56.8 cm"", ""medium"": ""paintings (visual works)"", ""type"": ""acrylic paintings (visual works)"", ""format"": ""Expressionist (style)"", ""collec"": ""Margo Veillon Art Collection"", ""source"": ""American University in Cairo"", ""licens"": ""Copyright the American University in Cairo"", ""rights"": ""To inquire about rights and permissions, contact the Rare Books and Special Collections Library, The American University in Cairo at +20.2.2615.3676 or rbscl-ref@aucegypt.edu."", ""google-site-verification"": ""UA-49762962-1"", ""viewport"": ""width=device-width, initial-scale=1.0"", ""og:title"": ""Man lying down"", ""og:description"": ""A man lying down horizontally on the ground, one arm stretched above his head, the other resting on his abdomen. He is wearing a reddish jalabiya. The ground is grey, and the background behind him is yellow with white spots."", ""og:image"": ""http://digitalcollections.aucegypt.edu/iiif/2/p15795coll40:249/full/730,/0/default.jpg"", ""og:url"": ""https://digitalcollections.aucegypt.edu/digital/collection/p15795coll40/id/249/"", ""og:type"": ""website""}"
250,Two fellahi women,Margo Veillon,,Margo Veillon Art Collection,colored markers on paper,pen and ink drawings,paintings (visual works),"A colorful rendering of two Egyptian women in peasant farmers clothing. The woman in foreground, in a colorful dress of red, yellow, and green, is crossing her arms with a slightly confrontational expression on her face, whereas the woman in back, in a black dress, standing on three steps, seems to ","American University in Cairo, Egypt",https://digitalcollections.aucegypt.edu/digital/collection/p15795coll40/id/250/,"http://digitalcollections.aucegypt.edu/iiif/2/p15795coll40:250/full/730,/0/default.jpg",margo_data/images/0250.jpg,"{""title"": ""Two fellahi women"", ""titlea"": ""امرأتان فلاحيتان"", ""titleb"": ""Deux paysannes"", ""creata"": ""Margo Veillon"", ""creato"": ""Egyptian-Swiss"", ""descri"": ""A colorful rendering of two Egyptian women in peasant farmers clothing. The woman in foreground, in a colorful dress of red, yellow, and green, is crossing her arms with a slightly confrontational expression on her face, whereas the woman in back, in a black dress, standing on three steps, seems to be hiding behind a wall. There is an abundance of patterns shown in strokes of red, yellow, and green. Viellon uses these patterns to depict light patterns, textures, and depth."", ""descra"": ""Margo Veillon"", ""locati"": ""American University in Cairo, Egypt"", ""covera"": ""colored markers on paper"", ""artwor"": ""43.8 cm x 30 cm"", ""medium"": ""paintings (visual works)"", ""type"": ""pen and ink drawings"", ""format"": ""Impressionist (style)"", ""collec"": ""Margo Veillon Art Collection"", ""source"": ""American University in Cairo"", ""licens"": ""Copyright the American University in Cairo"", ""rights"": ""To inquire about rights and permissions, contact the Rare Books and Special Collections Library, The American University in Cairo at +20.2.2615.3676 or rbscl-ref@aucegypt.edu."", ""google-site-verification"": ""UA-49762962-1"", ""viewport"": ""width=device-width, initial-scale=1.0"", ""og:title"": ""Two fellahi women"", ""og:description"": ""A colorful rendering of two Egyptian women in peasant farmers clothing. The woman in foreground, in a colorful dress of red, yellow, and green, is crossing her arms with a slightly confrontational expression on her face, whereas the woman in back, in a black dress, standing on three steps, seems to be hiding behind a wall. There is an abundance of patterns shown in strokes of red, yellow, and green. Viellon uses these patterns to depict light patterns, textures, and depth."", ""og:image"": ""http://digitalcollections.aucegypt.edu/iiif/2/p15795coll40:250/full/730,/0/default.jpg"", ""og:url"": ""https://digitalcollections.aucegypt.edu/digital/collection/p15795coll40/id/250/"", ""og:type"": ""website""}"
251,Royal patient,Margo Veillon,,Margo Veillon Art Collection,oil on canvas,oil paintings (visual works),paintings (visual works),oil drawing of three black individuals sitting in lavish attire. The first seems to be a woman wearing a white tunic with a golden belt around the waist. She wears a golden choker made of several hoops around her neck and a bracelet to match it. She holds a pole in on hand and the other is held up t,"American University in Cairo, Egypt",https://digitalcollections.aucegypt.edu/digital/collection/p15795coll40/id/251/,"http://digitalcollections.aucegypt.edu/iiif/2/p15795coll40:251/full/730,/0/default.jpg",margo_data/images/0251.jpg,"{""title"": ""Royal patient"", ""titlea"": ""المريض الملكي"", ""titleb"": ""Patient royal"", ""creata"": ""Margo Veillon"", ""creato"": ""Egyptian-Swiss"", ""descri"": ""oil drawing of three black individuals sitting in lavish attire. The first seems to be a woman wearing a white tunic with a golden belt around the waist. She wears a golden choker made of several hoops around her neck and a bracelet to match it. She holds a pole in on hand and the other is held up to her mouth. The second individual could also be a girl based on her dress that is a golden tunic covering only one shoulder. She wears thick golden cuffs around her biceps on both arms. She has a matching thick gold choker around her neck. Her head is tilted in a bored manner and her legs relaxed. Her hands are clasped in her lap. The last individual is a Man wearing a pale colored skirt. He also has cuffs around his bicep. His hand is shielding his eyes from the sun although looking for something that has not yet arrived. he has a crescent shaped pattern on his upper body, done in blue. The background of the drawing is also blue. None of the faces show too many details."", ""locati"": ""American University in Cairo, Egypt"", ""covera"": ""oil on canvas"", ""artwor"": ""79.8 cm x 58 cm"", ""medium"": ""paintings (visual works)"", ""type"": ""oil paintings (visual works)"", ""format"": ""Impressionist (style)"", ""collec"": ""Margo Veillon Art Collection"", ""source"": ""American University in Cairo"", ""licens"": ""Copyright the American University in Cairo"", ""rights"": ""To inquire about rights and permissions, contact the Rare Books and Special Collections Library, The American University in Cairo at +20.2.2615.3676 or rbscl-ref@aucegypt.edu."", ""google-site-verification"": ""UA-49762962-1"", ""viewport"": ""width=device-width, initial-scale=1.0"", ""og:title"": ""Royal patient"", ""og:description"": ""oil drawing of three black individuals sitting in lavish attire. The first seems to be a woman wearing a white tunic with a golden belt around the waist. She wears a golden choker made of several hoops around her neck and a bracelet to match it. She holds a pole in on hand and the other is held up to her mouth. The second individual could also be a girl based on her dress that is a golden tunic covering only one shoulder. She wears thick golden cuffs around her biceps on both arms. She has a matching thick gold choker around her neck. Her head is tilted in a bored manner and her legs relaxed. Her hands are clasped in her lap. The last individual is a Man wearing a pale colored skirt. He also has cuffs around his bicep. His hand is shielding his eyes from the sun although looking for something that has not yet arrived. he has a crescent shaped pattern on his upper body, done in blue. The background of the drawing is also blue. None of the faces show too many details."", ""og:image"": ""http://digitalcollections.aucegypt.edu/iiif/2/p15795coll40:251/full/730,/0/default.jpg"", ""og:url"": ""https://digitalcollections.aucegypt.edu/digital/collection/p15795coll40/id/251/"", ""og:type"": ""website""}"
252,Squatters,Margo Veillon,,Margo Veillon Art Collection,ink on paper,pen and ink drawings,drawings (visual works),"A quick ink sketch of four dark-skinned individuals. Two in the front are squatted down sitting on their behinds with their knees bent and leaning onto the two individuals behind them. One Of the individuals has his hand around the neck of the person in front of him, and in his other hand he is hold","American University in Cairo, Egypt",https://digitalcollections.aucegypt.edu/digital/collection/p15795coll40/id/252/,"http://digitalcollections.aucegypt.edu/iiif/2/p15795coll40:252/full/730,/0/default.jpg",margo_data/images/0252.jpg,"{""title"": ""Squatters"", ""titlea"": ""واضعي اليد"", ""titleb"": ""Squatteuses"", ""creata"": ""Margo Veillon"", ""creato"": ""Egyptian-Swiss"", ""descri"": ""A quick ink sketch of four dark-skinned individuals. Two in the front are squatted down sitting on their behinds with their knees bent and leaning onto the two individuals behind them. One Of the individuals has his hand around the neck of the person in front of him, and in his other hand he is holding an object up to his own face. The individuals all have the same blank look on their faces. They are all shaded to some extent to suggest they are of darker skin tone."", ""locati"": ""American University in Cairo, Egypt"", ""covera"": ""ink on paper"", ""artwor"": ""64.5 cm x 74.5 cm"", ""medium"": ""drawings (visual works)"", ""type"": ""pen and ink drawings"", ""format"": ""Expressionist (style)"", ""collec"": ""Margo Veillon Art Collection"", ""source"": ""American University in Cairo"", ""licens"": ""Copyright the American University in Cairo"", ""rights"": ""To inquire about rights and permissions, contact the Rare Books and Special Collections Library, The American University in Cairo at +20.2.2615.3676 or rbscl-ref@aucegypt.edu."", ""google-site-verification"": ""UA-49762962-1"", ""viewport"": ""width=device-width, initial-scale=1.0"", ""og:title"": ""Squatters"", ""og:description"": ""A quick ink sketch of four dark-skinned individuals. Two in the front are squatted down sitting on their behinds with their knees bent and leaning onto the two individuals behind them. One Of the individuals has his hand around the neck of the person in front of him, and in his other hand he is holding an object up to his own face. The individuals all have the same blank look on their faces. They are all shaded to some extent to suggest they are of darker skin tone."", ""og:image"": ""http://digitalcollections.aucegypt.edu/iiif/2/p15795coll40:252/full/730,/0/default.jpg"", ""og:url"": ""https://digitalcollections.aucegypt.edu/digital/collection/p15795coll40/id/252/"", ""og:type"": ""website""}"
253,African lady,Margo Veillon,,Margo Veillon Art Collection,oil on cardboard,oil paintings (visual works),paintings (visual works),"An oil painting portrait of a woman of African descent looking directly at the viewer. She is wearing a large, circular, elaborate headdress, in yellowish brown, full of white designs. Her cultural clothing is much less detailed, showing a necklace and thick brown clothing with red accents beneath.","American University in Cairo, Egypt",https://digitalcollections.aucegypt.edu/digital/collection/p15795coll40/id/253/,"http://digitalcollections.aucegypt.edu/iiif/2/p15795coll40:253/full/730,/0/default.jpg",margo_data/images/0253.jpg,"{""title"": ""African lady"", ""titlea"": ""سيدة افريقية"", ""titleb"": ""Dame africaine"", ""creata"": ""Margo Veillon"", ""creato"": ""Egyptian-Swiss"", ""descri"": ""An oil painting portrait of a woman of African descent looking directly at the viewer. She is wearing a large, circular, elaborate headdress, in yellowish brown, full of white designs. Her cultural clothing is much less detailed, showing a necklace and thick brown clothing with red accents beneath."", ""locati"": ""American University in Cairo, Egypt"", ""covera"": ""oil on cardboard"", ""artwor"": ""100 cm x 70 cm"", ""medium"": ""paintings (visual works)"", ""type"": ""oil paintings (visual works)"", ""format"": ""Expressionist (style)"", ""collec"": ""Margo Veillon Art Collection"", ""source"": ""American University in Cairo"", ""licens"": ""Copyright the American University in Cairo"", ""rights"": ""To inquire about rights and permissions, contact the Rare Books and Special Collections Library, The American University in Cairo at +20.2.2615.3676 or rbscl-ref@aucegypt.edu."", ""google-site-verification"": ""UA-49762962-1"", ""viewport"": ""width=device-width, initial-scale=1.0"", ""og:title"": ""African lady"", ""og:description"": ""An oil painting portrait of a woman of African descent looking directly at the viewer. She is wearing a large, circular, elaborate headdress, in yellowish brown, full of white designs. Her cultural clothing is much less detailed, showing a necklace and thick brown clothing with red accents beneath."", ""og:image"": ""http://digitalcollections.aucegypt.edu/iiif/2/p15795coll40:253/full/730,/0/default.jpg"", ""og:url"": ""https://digitalcollections.aucegypt.edu/digital/collection/p15795coll40/id/253/"", ""og:type"": ""website""}"
254,Traveling bedouins,Margo Veillon,,Margo Veillon Art Collection,linocut print on paper,linocuts (prints),prints (visual works),A linocut of a group of travelers in a desert setting. There are 5 camels that carry people and parcels of belongings. Women and children accompany the travelers. There are palm trees in the background. The image is dynamic. There is a man on a donkey leading the way next to several other individual,"American University in Cairo, Egypt",https://digitalcollections.aucegypt.edu/digital/collection/p15795coll40/id/254/,"http://digitalcollections.aucegypt.edu/iiif/2/p15795coll40:254/full/730,/0/default.jpg",margo_data/images/0254.jpg,"{""title"": ""Traveling bedouins"", ""titlea"": ""البدو المتنقلون"", ""titleb"": ""Bédouins itinérants"", ""creata"": ""Margo Veillon"", ""creato"": ""Egyptian-Swiss"", ""descri"": ""A linocut of a group of travelers in a desert setting. There are 5 camels that carry people and parcels of belongings. Women and children accompany the travelers. There are palm trees in the background. The image is dynamic. There is a man on a donkey leading the way next to several other individuals."", ""descra"": ""linogravy orig 17/40, Margo.Veillon"", ""locati"": ""American University in Cairo, Egypt"", ""covera"": ""linocut print on paper"", ""artwor"": ""28.8 cm x 65.5 cm"", ""medium"": ""prints (visual works)"", ""type"": ""linocuts (prints)"", ""format"": ""Impressionist (style)"", ""collec"": ""Margo Veillon Art Collection"", ""source"": ""American University in Cairo"", ""licens"": ""Copyright the American University in Cairo"", ""rights"": ""To inquire about rights and permissions, contact the Rare Books and Special Collections Library, The American University in Cairo at +20.2.2615.3676 or rbscl-ref@aucegypt.edu."", ""google-site-verification"": ""UA-49762962-1"", ""viewport"": ""width=device-width, initial-scale=1.0"", ""og:title"": ""Traveling bedouins"", ""og:description"": ""A linocut of a group of travelers in a desert setting. There are 5 camels that carry people and parcels of belongings. Women and children accompany the travelers. There are palm trees in the background. The image is dynamic. There is a man on a donkey leading the way next to several other individuals."", ""og:image"": ""http://digitalcollections.aucegypt.edu/iiif/2/p15795coll40:254/full/730,/0/default.jpg"", ""og:url"": ""https://digitalcollections.aucegypt.edu/digital/collection/p15795coll40/id/254/"", ""og:type"": ""website""}"
255,Yellow roses,Margo Veillon,,Margo Veillon Art Collection,oil on cardboard,oil paintings (visual works),paintings (visual works),An impressionist painting of a bush of yellow roses above a greyish blue background.,"American University in Cairo, Egypt",https://digitalcollections.aucegypt.edu/digital/collection/p15795coll40/id/255/,"http://digitalcollections.aucegypt.edu/iiif/2/p15795coll40:255/full/730,/0/default.jpg",margo_data/images/0255.jpg,"{""title"": ""Yellow roses"", ""titlea"": ""الورود الصفراء"", ""titleb"": ""Roses jaunes"", ""creata"": ""Margo Veillon"", ""creato"": ""Egyptian-Swiss"", ""descri"": ""An impressionist painting of a bush of yellow roses above a greyish blue background."", ""locati"": ""American University in Cairo, Egypt"", ""covera"": ""oil on cardboard"", ""artwor"": ""100 cm x 70 cm"", ""medium"": ""paintings (visual works)"", ""type"": ""oil paintings (visual works)"", ""format"": ""Impressionist (style)"", ""collec"": ""Margo Veillon Art Collection"", ""source"": ""American University in Cairo"", ""licens"": ""Copyright the American University in Cairo"", ""rights"": ""To inquire about rights and permissions, contact the Rare Books and Special Collections Library, The American University in Cairo at +20.2.2615.3676 or rbscl-ref@aucegypt.edu."", ""google-site-verification"": ""UA-49762962-1"", ""viewport"": ""width=device-width, initial-scale=1.0"", ""og:title"": ""Yellow roses"", ""og:description"": ""An impressionist painting of a bush of yellow roses above a greyish blue background."", ""og:image"": ""http://digitalcollections.aucegypt.edu/iiif/2/p15795coll40:255/full/730,/0/default.jpg"", ""og:url"": ""https://digitalcollections.aucegypt.edu/digital/collection/p15795coll40/id/255/"", ""og:type"": ""website""}"
256,Old man wearing tarboosh,Margo Veillon,,Margo Veillon Art Collection,oil on cardboard,oil paintings (visual works),paintings (visual works),Oil painting portrait of an old man wearing a tarbooth. He is depicted from his torso upwards. He is very old. His features are all wrinkled. He has a forced smile on his face and many smile lines near the corners of his eyes. His cheeks are round and visible because of his thin face. his eyebrows a,"American University in Cairo, Egypt",https://digitalcollections.aucegypt.edu/digital/collection/p15795coll40/id/256/,"http://digitalcollections.aucegypt.edu/iiif/2/p15795coll40:256/full/730,/0/default.jpg",margo_data/images/0256.jpg,"{""title"": ""Old man wearing tarboosh"", ""titlea"": ""رجل عجوز يرتدي الطربوش"", ""titleb"": ""Un vieil homme portant un fez"", ""creata"": ""Margo Veillon"", ""creato"": ""Egyptian-Swiss"", ""descri"": ""Oil painting portrait of an old man wearing a tarbooth. He is depicted from his torso upwards. He is very old. His features are all wrinkled. He has a forced smile on his face and many smile lines near the corners of his eyes. His cheeks are round and visible because of his thin face. his eyebrows are curved downwards and are raised. He has very apparent smile lines from his nostril downwards. He is wearing a dark brown suit with a bright yellow v-cut pullover underneath and a black and red striped tie. A tuft of white hair can be seen fright above his ear under his bright red tarboosh. The background is light brown brushstrokes."", ""locati"": ""American University in Cairo, Egypt"", ""covera"": ""oil on cardboard"", ""artwor"": ""50 cm x 69.8 cm"", ""medium"": ""paintings (visual works)"", ""type"": ""oil paintings (visual works)"", ""format"": ""Expressionist (style)"", ""collec"": ""Margo Veillon Art Collection"", ""source"": ""American University in Cairo"", ""licens"": ""Copyright the American University in Cairo"", ""rights"": ""To inquire about rights and permissions, contact the Rare Books and Special Collections Library, The American University in Cairo at +20.2.2615.3676 or rbscl-ref@aucegypt.edu."", ""google-site-verification"": ""UA-49762962-1"", ""viewport"": ""width=device-width, initial-scale=1.0"", ""og:title"": ""Old man wearing tarboosh"", ""og:description"": ""Oil painting portrait of an old man wearing a tarbooth. He is depicted from his torso upwards. He is very old. His features are all wrinkled. He has a forced smile on his face and many smile lines near the corners of his eyes. His cheeks are round and visible because of his thin face. his eyebrows are curved downwards and are raised. He has very apparent smile lines from his nostril downwards. He is wearing a dark brown suit with a bright yellow v-cut pullover underneath and a black and red striped tie. A tuft of white hair can be seen fright above his ear under his bright red tarboosh. The background is light brown brushstrokes."", ""og:image"": ""http://digitalcollections.aucegypt.edu/iiif/2/p15795coll40:256/full/730,/0/default.jpg"", ""og:url"": ""https://digitalcollections.aucegypt.edu/digital/collection/p15795coll40/id/256/"", ""og:type"": ""website""}"
257,Ballas dance,Margo Veillon,,Margo Veillon Art Collection,ink on wood,pen and ink drawings,mixed media works,"ink and pencil sketch of 7 individuals each holding a basin used for water storage above their heads. The sketch is quick with no details, just outlines. It is not clear which direction these individuals are headed, though all their feet seem to be moving.","American University in Cairo, Egypt",https://digitalcollections.aucegypt.edu/digital/collection/p15795coll40/id/257/,"http://digitalcollections.aucegypt.edu/iiif/2/p15795coll40:257/full/730,/0/default.jpg",margo_data/images/0257.jpg,"{""title"": ""Ballas dance"", ""titlea"": ""رقصة بالاصص"", ""titleb"": ""Ballas de danse"", ""creata"": ""Margo Veillon"", ""creato"": ""Egyptian-Swiss"", ""descri"": ""ink and pencil sketch of 7 individuals each holding a basin used for water storage above their heads. The sketch is quick with no details, just outlines. It is not clear which direction these individuals are headed, though all their feet seem to be moving."", ""locati"": ""American University in Cairo, Egypt"", ""covera"": ""ink on wood"", ""artwor"": ""32.2 cm x 46.3 cm"", ""medium"": ""mixed media works"", ""type"": ""pen and ink drawings"", ""format"": ""Impressionist (style)"", ""collec"": ""Margo Veillon Art Collection"", ""source"": ""American University in Cairo"", ""licens"": ""Copyright the American University in Cairo"", ""rights"": ""To inquire about rights and permissions, contact the Rare Books and Special Collections Library, The American University in Cairo at +20.2.2615.3676 or rbscl-ref@aucegypt.edu."", ""google-site-verification"": ""UA-49762962-1"", ""viewport"": ""width=device-width, initial-scale=1.0"", ""og:title"": ""Ballas dance"", ""og:description"": ""ink and pencil sketch of 7 individuals each holding a basin used for water storage above their heads. The sketch is quick with no details, just outlines. It is not clear which direction these individuals are headed, though all their feet seem to be moving."", ""og:image"": ""http://digitalcollections.aucegypt.edu/iiif/2/p15795coll40:257/full/730,/0/default.jpg"", ""og:url"": ""https://digitalcollections.aucegypt.edu/digital/collection/p15795coll40/id/257/"", ""og:type"": ""website""}"
258,Nubian mom and her baby,Margo Veillon,,Margo Veillon Art Collection,oil on paper,oil paintings (visual works),paintings (visual works),"Oil painting portrait of a Nubian woman holding her baby. The woman is dressed in a golden galabeya with a yellow veil, with some of her dark hair visible. She has golden hoop earrings and a sad, melancholy look on her face. She is in the side profile, looking to her right. Her baby is looking direc","American University in Cairo, Egypt",https://digitalcollections.aucegypt.edu/digital/collection/p15795coll40/id/258/,"http://digitalcollections.aucegypt.edu/iiif/2/p15795coll40:258/full/730,/0/default.jpg",margo_data/images/0258.jpg,"{""title"": ""Nubian mom and her baby"", ""titlea"": ""الأم النوبية وطفلها"", ""titleb"": ""Maman nubienne et son bébé"", ""creata"": ""Margo Veillon"", ""creato"": ""Egyptian-Swiss"", ""descri"": ""Oil painting portrait of a Nubian woman holding her baby. The woman is dressed in a golden galabeya with a yellow veil, with some of her dark hair visible. She has golden hoop earrings and a sad, melancholy look on her face. She is in the side profile, looking to her right. Her baby is looking directly at the viewer and is fidgeting in her arms. They are dressed in white clothing and seem happy. The background is dark."", ""descra"": ""1955, Margo Veillon"", ""locati"": ""American University in Cairo, Egypt"", ""covera"": ""oil on paper"", ""artwor"": ""72.5 cm x 51.6 cm"", ""medium"": ""paintings (visual works)"", ""type"": ""oil paintings (visual works)"", ""format"": ""Expressionist (style)"", ""collec"": ""Margo Veillon Art Collection"", ""source"": ""American University in Cairo"", ""licens"": ""Copyright the American University in Cairo"", ""rights"": ""To inquire about rights and permissions, contact the Rare Books and Special Collections Library, The American University in Cairo at +20.2.2615.3676 or rbscl-ref@aucegypt.edu."", ""google-site-verification"": ""UA-49762962-1"", ""viewport"": ""width=device-width, initial-scale=1.0"", ""og:title"": ""Nubian mom and her baby"", ""og:description"": ""Oil painting portrait of a Nubian woman holding her baby. The woman is dressed in a golden galabeya with a yellow veil, with some of her dark hair visible. She has golden hoop earrings and a sad, melancholy look on her face. She is in the side profile, looking to her right. Her baby is looking directly at the viewer and is fidgeting in her arms. They are dressed in white clothing and seem happy. The background is dark."", ""og:image"": ""http://digitalcollections.aucegypt.edu/iiif/2/p15795coll40:258/full/730,/0/default.jpg"", ""og:url"": ""https://digitalcollections.aucegypt.edu/digital/collection/p15795coll40/id/258/"", ""og:type"": ""website""}"
259,Pose study,Margo Veillon,,Margo Veillon Art Collection,ink on wood,pen and ink drawings,mixed media works,"Three rough sketches of the same man, with short brown hair, dressed in a white shirt and shorts and barefoot, in various leisurely poses. In the first sketch on the left, he is leaning on his left hip, hip raised, and looking to his left, while holding a broom. In the second sketch, he is leaning a","American University in Cairo, Egypt",https://digitalcollections.aucegypt.edu/digital/collection/p15795coll40/id/259/,"http://digitalcollections.aucegypt.edu/iiif/2/p15795coll40:259/full/730,/0/default.jpg",margo_data/images/0259.jpg,"{""title"": ""Pose study"", ""titlea"": ""دراسه الاوضاع"", ""titleb"": ""Étude de pose"", ""creata"": ""Margo Veillon"", ""creato"": ""Egyptian-Swiss"", ""descri"": ""Three rough sketches of the same man, with short brown hair, dressed in a white shirt and shorts and barefoot, in various leisurely poses. In the first sketch on the left, he is leaning on his left hip, hip raised, and looking to his left, while holding a broom. In the second sketch, he is leaning against the wall to his right, looking to his left, in front of an open door. In the last sketch, he is fully leaning into the wall on his left, looking directly at the viewer, holding the broom. His body language is tired."", ""locati"": ""American University in Cairo, Egypt"", ""covera"": ""ink on wood"", ""artwor"": ""86.2 cm x 30 cm"", ""medium"": ""mixed media works"", ""type"": ""pen and ink drawings"", ""format"": ""Expressionist (style)"", ""collec"": ""Margo Veillon Art Collection"", ""source"": ""American University in Cairo"", ""licens"": ""Copyright the American University in Cairo"", ""rights"": ""To inquire about rights and permissions, contact the Rare Books and Special Collections Library, The American University in Cairo at +20.2.2615.3676 or rbscl-ref@aucegypt.edu."", ""google-site-verification"": ""UA-49762962-1"", ""viewport"": ""width=device-width, initial-scale=1.0"", ""og:title"": ""Pose study"", ""og:description"": ""Three rough sketches of the same man, with short brown hair, dressed in a white shirt and shorts and barefoot, in various leisurely poses. In the first sketch on the left, he is leaning on his left hip, hip raised, and looking to his left, while holding a broom. In the second sketch, he is leaning against the wall to his right, looking to his left, in front of an open door. In the last sketch, he is fully leaning into the wall on his left, looking directly at the viewer, holding the broom. His body language is tired."", ""og:image"": ""http://digitalcollections.aucegypt.edu/iiif/2/p15795coll40:259/full/730,/0/default.jpg"", ""og:url"": ""https://digitalcollections.aucegypt.edu/digital/collection/p15795coll40/id/259/"", ""og:type"": ""website""}"
260,Pose study,Margo Veillon,,Margo Veillon Art Collection,ink on wood,pen and ink drawings,mixed media works,"Three rough sketches of the same man, with short brown hair, dressed in a white shirt and shorts and barefoot, in various leisurely poses. In the first sketch on the left, he is leaning on his left hip, hip raised, and looking to his left, while holding a broom. In the second sketch, he is leaning a","American University in Cairo, Egypt",https://digitalcollections.aucegypt.edu/digital/collection/p15795coll40/id/260/,"http://digitalcollections.aucegypt.edu/iiif/2/p15795coll40:260/full/730,/0/default.jpg",margo_data/images/0260.jpg,"{""title"": ""Pose study"", ""titlea"": ""دراسه الاوضاع"", ""titleb"": ""Étude de pose"", ""creata"": ""Margo Veillon"", ""creato"": ""Egyptian-Swiss"", ""descri"": ""Three rough sketches of the same man, with short brown hair, dressed in a white shirt and shorts and barefoot, in various leisurely poses. In the first sketch on the left, he is leaning on his left hip, hip raised, and looking to his left, while holding a broom. In the second sketch, he is leaning against the wall to his right, looking to his left, in front of an open door. In the last sketch, he is fully leaning into the wall on his left, looking directly at the viewer, holding the broom. His body language is tired."", ""locati"": ""American University in Cairo, Egypt"", ""covera"": ""ink on wood"", ""artwor"": ""86.2 cm x 30 cm"", ""medium"": ""mixed media works"", ""type"": ""pen and ink drawings"", ""format"": ""Expressionist (style)"", ""collec"": ""Margo Veillon Art Collection"", ""source"": ""American University in Cairo"", ""licens"": ""Copyright the American University in Cairo"", ""rights"": ""To inquire about rights and permissions, contact the Rare Books and Special Collections Library, The American University in Cairo at +20.2.2615.3676 or rbscl-ref@aucegypt.edu."", ""google-site-verification"": ""UA-49762962-1"", ""viewport"": ""width=device-width, initial-scale=1.0"", ""og:title"": ""Pose study"", ""og:description"": ""Three rough sketches of the same man, with short brown hair, dressed in a white shirt and shorts and barefoot, in various leisurely poses. In the first sketch on the left, he is leaning on his left hip, hip raised, and looking to his left, while holding a broom. In the second sketch, he is leaning against the wall to his right, looking to his left, in front of an open door. In the last sketch, he is fully leaning into the wall on his left, looking directly at the viewer, holding the broom. His body language is tired."", ""og:image"": ""http://digitalcollections.aucegypt.edu/iiif/2/p15795coll40:260/full/730,/0/default.jpg"", ""og:url"": ""https://digitalcollections.aucegypt.edu/digital/collection/p15795coll40/id/260/"", ""og:type"": ""website""}"
261,Pose study,Margo Veillon,,Margo Veillon Art Collection,ink on wood,pen and ink drawings,mixed media works,"Three rough sketches of the same man, with short brown hair, dressed in a white shirt and shorts and barefoot, in various leisurely poses. In the first sketch on the left, he is leaning on his left hip, hip raised, and looking to his left, while holding a broom. In the second sketch, he is leaning a","American University in Cairo, Egypt",https://digitalcollections.aucegypt.edu/digital/collection/p15795coll40/id/261/,"http://digitalcollections.aucegypt.edu/iiif/2/p15795coll40:261/full/730,/0/default.jpg",margo_data/images/0261.jpg,"{""title"": ""Pose study"", ""titlea"": ""دراسه الاوضاع"", ""titleb"": ""Étude de pose"", ""creata"": ""Margo Veillon"", ""creato"": ""Egyptian-Swiss"", ""descri"": ""Three rough sketches of the same man, with short brown hair, dressed in a white shirt and shorts and barefoot, in various leisurely poses. In the first sketch on the left, he is leaning on his left hip, hip raised, and looking to his left, while holding a broom. In the second sketch, he is leaning against the wall to his right, looking to his left, in front of an open door. In the last sketch, he is fully leaning into the wall on his left, looking directly at the viewer, holding the broom. His body language is tired."", ""locati"": ""American University in Cairo, Egypt"", ""covera"": ""ink on wood"", ""artwor"": ""86.2 cm x 30 cm"", ""medium"": ""mixed media works"", ""type"": ""pen and ink drawings"", ""format"": ""Expressionist (style)"", ""collec"": ""Margo Veillon Art Collection"", ""source"": ""American University in Cairo"", ""licens"": ""Copyright the American University in Cairo"", ""rights"": ""To inquire about rights and permissions, contact the Rare Books and Special Collections Library, The American University in Cairo at +20.2.2615.3676 or rbscl-ref@aucegypt.edu."", ""google-site-verification"": ""UA-49762962-1"", ""viewport"": ""width=device-width, initial-scale=1.0"", ""og:title"": ""Pose study"", ""og:description"": ""Three rough sketches of the same man, with short brown hair, dressed in a white shirt and shorts and barefoot, in various leisurely poses. In the first sketch on the left, he is leaning on his left hip, hip raised, and looking to his left, while holding a broom. In the second sketch, he is leaning against the wall to his right, looking to his left, in front of an open door. In the last sketch, he is fully leaning into the wall on his left, looking directly at the viewer, holding the broom. His body language is tired."", ""og:image"": ""http://digitalcollections.aucegypt.edu/iiif/2/p15795coll40:261/full/730,/0/default.jpg"", ""og:url"": ""https://digitalcollections.aucegypt.edu/digital/collection/p15795coll40/id/261/"", ""og:type"": ""website""}"
262,Canyon oasis,Margo Veillon,,Margo Veillon Art Collection,watercolor on paper,watercolors (paintings),paintings (visual works),"A watercolor painting of a desert canyon with palm trees growing between two cliffs. The painting is brightly colored. The sand is bright orange and vivid brown, and the sky between the cliffs takes a triangular shape. Camels are racing into the palm trees.","American University in Cairo, Egypt",https://digitalcollections.aucegypt.edu/digital/collection/p15795coll40/id/262/,"http://digitalcollections.aucegypt.edu/iiif/2/p15795coll40:262/full/730,/0/default.jpg",margo_data/images/0262.jpg,"{""title"": ""Canyon oasis"", ""titlea"": ""واحة كانيون"", ""titleb"": ""Canyon Oasis"", ""creata"": ""Margo Veillon"", ""creato"": ""Egyptian-Swiss"", ""descri"": ""A watercolor painting of a desert canyon with palm trees growing between two cliffs. The painting is brightly colored. The sand is bright orange and vivid brown, and the sky between the cliffs takes a triangular shape. Camels are racing into the palm trees."", ""descra"": ""1956, Margo Veillon"", ""locati"": ""American University in Cairo, Egypt"", ""covera"": ""watercolor on paper"", ""artwor"": ""46.6 cm x 65.5 cm"", ""medium"": ""paintings (visual works)"", ""type"": ""watercolors (paintings)"", ""format"": ""Impressionist (style)"", ""collec"": ""Margo Veillon Art Collection"", ""source"": ""American University in Cairo"", ""licens"": ""Copyright the American University in Cairo"", ""rights"": ""To inquire about rights and permissions, contact the Rare Books and Special Collections Library, The American University in Cairo at +20.2.2615.3676 or rbscl-ref@aucegypt.edu."", ""google-site-verification"": ""UA-49762962-1"", ""viewport"": ""width=device-width, initial-scale=1.0"", ""og:title"": ""Canyon oasis"", ""og:description"": ""A watercolor painting of a desert canyon with palm trees growing between two cliffs. The painting is brightly colored. The sand is bright orange and vivid brown, and the sky between the cliffs takes a triangular shape. Camels are racing into the palm trees."", ""og:image"": ""http://digitalcollections.aucegypt.edu/iiif/2/p15795coll40:262/full/730,/0/default.jpg"", ""og:url"": ""https://digitalcollections.aucegypt.edu/digital/collection/p15795coll40/id/262/"", ""og:type"": ""website""}"
263,Little donkey,Margo Veillon,,Margo Veillon Art Collection,watercolor on paper,watercolors (paintings),drawings (visual works),"Watercolor and pencil drawing of a newborn donkey with thin legs in comparison to his body, facing a farmer who is squatted down next to him. The man holds the chin of the donkey in one hand, and faces him so both their profiles are visible. The farmer seems comfortable as his legs are spread apart ","American University in Cairo, Egypt",https://digitalcollections.aucegypt.edu/digital/collection/p15795coll40/id/263/,"http://digitalcollections.aucegypt.edu/iiif/2/p15795coll40:263/full/730,/0/default.jpg",margo_data/images/0263.jpg,"{""title"": ""Little donkey"", ""titlea"": ""حمار صغير"", ""titleb"": ""Petit âne"", ""creata"": ""Margo Veillon"", ""creato"": ""Egyptian-Swiss"", ""descri"": ""Watercolor and pencil drawing of a newborn donkey with thin legs in comparison to his body, facing a farmer who is squatted down next to him. The man holds the chin of the donkey in one hand, and faces him so both their profiles are visible. The farmer seems comfortable as his legs are spread apart and his face contempt, though no further details are visible. The donkey is grey with black hair along hits back and tail. The farmer wears an orange hat and a olive green galabya."", ""descra"": ""Margo Veillon"", ""locati"": ""American University in Cairo, Egypt"", ""covera"": ""watercolor on paper"", ""artwor"": ""47.4 cm x 64.7 cm"", ""medium"": ""drawings (visual works)"", ""type"": ""watercolors (paintings)"", ""format"": ""Impressionist (style)"", ""collec"": ""Margo Veillon Art Collection"", ""source"": ""American University in Cairo"", ""licens"": ""Copyright the American University in Cairo"", ""rights"": ""To inquire about rights and permissions, contact the Rare Books and Special Collections Library, The American University in Cairo at +20.2.2615.3676 or rbscl-ref@aucegypt.edu."", ""google-site-verification"": ""UA-49762962-1"", ""viewport"": ""width=device-width, initial-scale=1.0"", ""og:title"": ""Little donkey"", ""og:description"": ""Watercolor and pencil drawing of a newborn donkey with thin legs in comparison to his body, facing a farmer who is squatted down next to him. The man holds the chin of the donkey in one hand, and faces him so both their profiles are visible. The farmer seems comfortable as his legs are spread apart and his face contempt, though no further details are visible. The donkey is grey with black hair along hits back and tail. The farmer wears an orange hat and a olive green galabya."", ""og:image"": ""http://digitalcollections.aucegypt.edu/iiif/2/p15795coll40:263/full/730,/0/default.jpg"", ""og:url"": ""https://digitalcollections.aucegypt.edu/digital/collection/p15795coll40/id/263/"", ""og:type"": ""website""}"
264,Stories beneath donkeys,Margo Veillon,,Margo Veillon Art Collection,watercolor on paper,watercolors (paintings),drawings (visual works),A watercolor and pencil sketch of two men that are crouched down between two donkeys. The man facing forward is painted the most in the entire drawing. He is holding his hand in front of him and speaking with it while holding a stick in the other and leaning on it. His face is covered in dark shadow,"American University in Cairo, Egypt",https://digitalcollections.aucegypt.edu/digital/collection/p15795coll40/id/264/,"http://digitalcollections.aucegypt.edu/iiif/2/p15795coll40:264/full/730,/0/default.jpg",margo_data/images/0264.jpg,"{""title"": ""Stories beneath donkeys"", ""titlea"": ""قصص تحت الحمير"", ""titleb"": ""Histoires sous les ânes"", ""creata"": ""Margo Veillon"", ""creato"": ""Egyptian-Swiss"", ""descri"": ""A watercolor and pencil sketch of two men that are crouched down between two donkeys. The man facing forward is painted the most in the entire drawing. He is holding his hand in front of him and speaking with it while holding a stick in the other and leaning on it. His face is covered in dark shadows, and his body is painted pink and purple shades. The man he is facing is turned towards him and has a hand in the air, he is the speaker. The two donkeys face one another as if they hide the secrets of the two men from the rest of the world"", ""descra"": ""Margo Veillon"", ""locati"": ""American University in Cairo, Egypt"", ""covera"": ""watercolor on paper"", ""artwor"": ""31 cm x 38.8 cm"", ""medium"": ""drawings (visual works)"", ""type"": ""watercolors (paintings)"", ""format"": ""Impressionist (style)"", ""collec"": ""Margo Veillon Art Collection"", ""source"": ""American University in Cairo"", ""licens"": ""Copyright the American University in Cairo"", ""rights"": ""To inquire about rights and permissions, contact the Rare Books and Special Collections Library, The American University in Cairo at +20.2.2615.3676 or rbscl-ref@aucegypt.edu."", ""google-site-verification"": ""UA-49762962-1"", ""viewport"": ""width=device-width, initial-scale=1.0"", ""og:title"": ""Stories beneath donkeys"", ""og:description"": ""A watercolor and pencil sketch of two men that are crouched down between two donkeys. The man facing forward is painted the most in the entire drawing. He is holding his hand in front of him and speaking with it while holding a stick in the other and leaning on it. His face is covered in dark shadows, and his body is painted pink and purple shades. The man he is facing is turned towards him and has a hand in the air, he is the speaker. The two donkeys face one another as if they hide the secrets of the two men from the rest of the world"", ""og:image"": ""http://digitalcollections.aucegypt.edu/iiif/2/p15795coll40:264/full/730,/0/default.jpg"", ""og:url"": ""https://digitalcollections.aucegypt.edu/digital/collection/p15795coll40/id/264/"", ""og:type"": ""website""}"
265,Long-nosed woman,Margo Veillon,,Margo Veillon Art Collection,pastels on paper,pastels (visual works),drawings (visual works),"Side profile of a woman with long dark hair, looking to the left. Her eyes are drawn small, and her nose is very big and straight. She has a thoughtful expression on her face. She is holding up a cigarette with her right hand.","American University in Cairo, Egypt",https://digitalcollections.aucegypt.edu/digital/collection/p15795coll40/id/265/,"http://digitalcollections.aucegypt.edu/iiif/2/p15795coll40:265/full/730,/0/default.jpg",margo_data/images/0265.jpg,"{""title"": ""Long-nosed woman"", ""titlea"": ""امرأة طويلة الأنف"", ""titleb"": ""Femme au long nez"", ""creata"": ""Margo Veillon"", ""creato"": ""Egyptian-Swiss"", ""descri"": ""Side profile of a woman with long dark hair, looking to the left. Her eyes are drawn small, and her nose is very big and straight. She has a thoughtful expression on her face. She is holding up a cigarette with her right hand."", ""descra"": ""1986 II, Margo Veillon"", ""locati"": ""American University in Cairo, Egypt"", ""covera"": ""pastels on paper"", ""artwor"": ""71.8 cm x 59.4 cm"", ""medium"": ""drawings (visual works)"", ""type"": ""pastels (visual works)"", ""format"": ""Expressionist (style)"", ""collec"": ""Margo Veillon Art Collection"", ""source"": ""American University in Cairo"", ""licens"": ""Copyright the American University in Cairo"", ""rights"": ""To inquire about rights and permissions, contact the Rare Books and Special Collections Library, The American University in Cairo at +20.2.2615.3676 or rbscl-ref@aucegypt.edu."", ""google-site-verification"": ""UA-49762962-1"", ""viewport"": ""width=device-width, initial-scale=1.0"", ""og:title"": ""Long-nosed woman"", ""og:description"": ""Side profile of a woman with long dark hair, looking to the left. Her eyes are drawn small, and her nose is very big and straight. She has a thoughtful expression on her face. She is holding up a cigarette with her right hand."", ""og:image"": ""http://digitalcollections.aucegypt.edu/iiif/2/p15795coll40:265/full/730,/0/default.jpg"", ""og:url"": ""https://digitalcollections.aucegypt.edu/digital/collection/p15795coll40/id/265/"", ""og:type"": ""website""}"
266,Meadow and rocks,Margo Veillon,,Margo Veillon Art Collection,watercolor on paper,watercolors (paintings),drawings (visual works),"watercolor painting of a very irregular landscape with various colorful features. Green bushes, purple rocks, and brown boulders dot the painting. A blue moss creeps around the center and ride side of the painting. A yellow sky covers just the top fifth of the painting, while the rest is the close u","American University in Cairo, Egypt",https://digitalcollections.aucegypt.edu/digital/collection/p15795coll40/id/266/,"http://digitalcollections.aucegypt.edu/iiif/2/p15795coll40:266/full/730,/0/default.jpg",margo_data/images/0266.jpg,"{""title"": ""Meadow and rocks"", ""titlea"": ""المرج والصخور"", ""titleb"": ""Prairie et rochers"", ""creata"": ""Margo Veillon"", ""creato"": ""Egyptian-Swiss"", ""descri"": ""watercolor painting of a very irregular landscape with various colorful features. Green bushes, purple rocks, and brown boulders dot the painting. A blue moss creeps around the center and ride side of the painting. A yellow sky covers just the top fifth of the painting, while the rest is the close up of the colorful landscape"", ""locati"": ""American University in Cairo, Egypt"", ""covera"": ""watercolor on paper"", ""artwor"": ""48 cm x 67.4 cm"", ""medium"": ""drawings (visual works)"", ""type"": ""watercolors (paintings)"", ""format"": ""Impressionist (style)"", ""collec"": ""Margo Veillon Art Collection"", ""source"": ""American University in Cairo"", ""licens"": ""Copyright the American University in Cairo"", ""rights"": ""To inquire about rights and permissions, contact the Rare Books and Special Collections Library, The American University in Cairo at +20.2.2615.3676 or rbscl-ref@aucegypt.edu."", ""google-site-verification"": ""UA-49762962-1"", ""viewport"": ""width=device-width, initial-scale=1.0"", ""og:title"": ""Meadow and rocks"", ""og:description"": ""watercolor painting of a very irregular landscape with various colorful features. Green bushes, purple rocks, and brown boulders dot the painting. A blue moss creeps around the center and ride side of the painting. A yellow sky covers just the top fifth of the painting, while the rest is the close up of the colorful landscape"", ""og:image"": ""http://digitalcollections.aucegypt.edu/iiif/2/p15795coll40:266/full/730,/0/default.jpg"", ""og:url"": ""https://digitalcollections.aucegypt.edu/digital/collection/p15795coll40/id/266/"", ""og:type"": ""website""}"
267,Animal orbit,Margo Veillon,,Margo Veillon Art Collection,watercolor on paper,watercolors (paintings),drawings (visual works),"A watercolor painting in a perfect circular shape on a rectangular paper. An animal shaped being is in the center of the circle. Around it are other animals, colored light grey, each one turned 90 degrees based on its orientation to the viewer. There are two monkeys, what seems to be a horse, and a ","American University in Cairo, Egypt",https://digitalcollections.aucegypt.edu/digital/collection/p15795coll40/id/267/,"http://digitalcollections.aucegypt.edu/iiif/2/p15795coll40:267/full/730,/0/default.jpg",margo_data/images/0267.jpg,"{""title"": ""Animal orbit"", ""titlea"": ""مدار الحيوان"", ""titleb"": ""Orbite animale"", ""creata"": ""Margo Veillon"", ""creato"": ""Egyptian-Swiss"", ""descri"": ""A watercolor painting in a perfect circular shape on a rectangular paper. An animal shaped being is in the center of the circle. Around it are other animals, colored light grey, each one turned 90 degrees based on its orientation to the viewer. There are two monkeys, what seems to be a horse, and a duck shaped animal. Between the grey animals is a yellow matrix that fills up the circle. The left and right side of the circle is in grey too, however, much lighter grey than what is used for the animal bodies."", ""locati"": ""American University in Cairo, Egypt"", ""covera"": ""watercolor on paper"", ""artwor"": ""27.5 cm x 27.5 cm"", ""medium"": ""drawings (visual works)"", ""type"": ""watercolors (paintings)"", ""format"": ""Impressionist (style)"", ""collec"": ""Margo Veillon Art Collection"", ""source"": ""American University in Cairo"", ""licens"": ""Copyright the American University in Cairo"", ""rights"": ""To inquire about rights and permissions, contact the Rare Books and Special Collections Library, The American University in Cairo at +20.2.2615.3676 or rbscl-ref@aucegypt.edu."", ""google-site-verification"": ""UA-49762962-1"", ""viewport"": ""width=device-width, initial-scale=1.0"", ""og:title"": ""Animal orbit"", ""og:description"": ""A watercolor painting in a perfect circular shape on a rectangular paper. An animal shaped being is in the center of the circle. Around it are other animals, colored light grey, each one turned 90 degrees based on its orientation to the viewer. There are two monkeys, what seems to be a horse, and a duck shaped animal. Between the grey animals is a yellow matrix that fills up the circle. The left and right side of the circle is in grey too, however, much lighter grey than what is used for the animal bodies."", ""og:image"": ""http://digitalcollections.aucegypt.edu/iiif/2/p15795coll40:267/full/730,/0/default.jpg"", ""og:url"": ""https://digitalcollections.aucegypt.edu/digital/collection/p15795coll40/id/267/"", ""og:type"": ""website""}"
268,Taking care of animals,Margo Veillon,,Margo Veillon Art Collection,ink and oil pastels on paper,pen and ink drawings,mixed media works,"Rural scene, in oil pastel with thick ink outlines, of two barefoot men in blue jalabiyas trying to get a camel, colored in simple white oil pastel, to sit down on its knees. In the background, one can see a man sitting next to a cow and milking it. The horizon is made up of tall reeds rendered with","American University in Cairo, Egypt",https://digitalcollections.aucegypt.edu/digital/collection/p15795coll40/id/268/,"http://digitalcollections.aucegypt.edu/iiif/2/p15795coll40:268/full/730,/0/default.jpg",margo_data/images/0268.jpg,"{""title"": ""Taking care of animals"", ""titlea"": ""الاعتناء بالحيوانات"", ""titleb"": ""Prendre soin des animaux"", ""creata"": ""Margo Veillon"", ""creato"": ""Egyptian-Swiss"", ""descri"": ""Rural scene, in oil pastel with thick ink outlines, of two barefoot men in blue jalabiyas trying to get a camel, colored in simple white oil pastel, to sit down on its knees. In the background, one can see a man sitting next to a cow and milking it. The horizon is made up of tall reeds rendered with thick black ink. The style is very rough and simple."", ""descra"": ""Margo Veillon"", ""locati"": ""American University in Cairo, Egypt"", ""covera"": ""ink and oil pastels on paper"", ""artwor"": ""27.7 cm x 38.2 cm"", ""medium"": ""mixed media works"", ""type"": ""pen and ink drawings"", ""format"": ""Impressionist (style)"", ""collec"": ""Margo Veillon Art Collection"", ""source"": ""American University in Cairo"", ""licens"": ""Copyright the American University in Cairo"", ""rights"": ""To inquire about rights and permissions, contact the Rare Books and Special Collections Library, The American University in Cairo at +20.2.2615.3676 or rbscl-ref@aucegypt.edu."", ""google-site-verification"": ""UA-49762962-1"", ""viewport"": ""width=device-width, initial-scale=1.0"", ""og:title"": ""Taking care of animals"", ""og:description"": ""Rural scene, in oil pastel with thick ink outlines, of two barefoot men in blue jalabiyas trying to get a camel, colored in simple white oil pastel, to sit down on its knees. In the background, one can see a man sitting next to a cow and milking it. The horizon is made up of tall reeds rendered with thick black ink. The style is very rough and simple."", ""og:image"": ""http://digitalcollections.aucegypt.edu/iiif/2/p15795coll40:268/full/730,/0/default.jpg"", ""og:url"": ""https://digitalcollections.aucegypt.edu/digital/collection/p15795coll40/id/268/"", ""og:type"": ""website""}"
269,Camel cavalry,Margo Veillon,,Margo Veillon Art Collection,watercolor on paper,watercolors (paintings),drawings (visual works),"Watercolor painting of four almost identical men riding white camels, saddled with brown fabric, looking directly towards the viewer. Their facial features are not shown. They seem to be marching to the left of the drawing, and the background is a yellow desert with a blue sky. The painting is very ","American University in Cairo, Egypt",https://digitalcollections.aucegypt.edu/digital/collection/p15795coll40/id/269/,"http://digitalcollections.aucegypt.edu/iiif/2/p15795coll40:269/full/730,/0/default.jpg",margo_data/images/0269.jpg,"{""title"": ""Camel cavalry"", ""titlea"": ""سلاح الفرسان"", ""titleb"": ""Cavalerie de chameaux"", ""creata"": ""Margo Veillon"", ""creato"": ""Egyptian-Swiss"", ""descri"": ""Watercolor painting of four almost identical men riding white camels, saddled with brown fabric, looking directly towards the viewer. Their facial features are not shown. They seem to be marching to the left of the drawing, and the background is a yellow desert with a blue sky. The painting is very impressionistic and uses negative space."", ""locati"": ""American University in Cairo, Egypt"", ""covera"": ""watercolor on paper"", ""artwor"": ""28.7 cm x 42.7 cm"", ""medium"": ""drawings (visual works)"", ""type"": ""watercolors (paintings)"", ""format"": ""Impressionist (style)"", ""collec"": ""Margo Veillon Art Collection"", ""source"": ""American University in Cairo"", ""licens"": ""Copyright the American University in Cairo"", ""rights"": ""To inquire about rights and permissions, contact the Rare Books and Special Collections Library, The American University in Cairo at +20.2.2615.3676 or rbscl-ref@aucegypt.edu."", ""google-site-verification"": ""UA-49762962-1"", ""viewport"": ""width=device-width, initial-scale=1.0"", ""og:title"": ""Camel cavalry"", ""og:description"": ""Watercolor painting of four almost identical men riding white camels, saddled with brown fabric, looking directly towards the viewer. Their facial features are not shown. They seem to be marching to the left of the drawing, and the background is a yellow desert with a blue sky. The painting is very impressionistic and uses negative space."", ""og:image"": ""http://digitalcollections.aucegypt.edu/iiif/2/p15795coll40:269/full/730,/0/default.jpg"", ""og:url"": ""https://digitalcollections.aucegypt.edu/digital/collection/p15795coll40/id/269/"", ""og:type"": ""website""}"
270,Camels,Margo Veillon,,Margo Veillon Art Collection,pencil on paper,pencil drawings,drawings (visual works),"A pencil life drawing of two camels, looking to the left, tied up. The one in the back is saddled with a rug. The one in the front has its head down, and is unsaddled. The shadows beneath them are roughly hatched.","American University in Cairo, Egypt",https://digitalcollections.aucegypt.edu/digital/collection/p15795coll40/id/270/,"http://digitalcollections.aucegypt.edu/iiif/2/p15795coll40:270/full/730,/0/default.jpg",margo_data/images/0270.jpg,"{""title"": ""Camels"", ""titlea"": ""الجمال"", ""titleb"": ""Chameaux"", ""creata"": ""Margo Veillon"", ""creato"": ""Egyptian-Swiss"", ""descri"": ""A pencil life drawing of two camels, looking to the left, tied up. The one in the back is saddled with a rug. The one in the front has its head down, and is unsaddled. The shadows beneath them are roughly hatched."", ""locati"": ""American University in Cairo, Egypt"", ""covera"": ""pencil on paper"", ""artwor"": ""28.4 cm x 39.4 cm"", ""medium"": ""drawings (visual works)"", ""type"": ""pencil drawings"", ""format"": ""Impressionist (style)"", ""collec"": ""Margo Veillon Art Collection"", ""source"": ""American University in Cairo"", ""licens"": ""Copyright the American University in Cairo"", ""rights"": ""To inquire about rights and permissions, contact the Rare Books and Special Collections Library, The American University in Cairo at +20.2.2615.3676 or rbscl-ref@aucegypt.edu."", ""google-site-verification"": ""UA-49762962-1"", ""viewport"": ""width=device-width, initial-scale=1.0"", ""og:title"": ""Camels"", ""og:description"": ""A pencil life drawing of two camels, looking to the left, tied up. The one in the back is saddled with a rug. The one in the front has its head down, and is unsaddled. The shadows beneath them are roughly hatched."", ""og:image"": ""http://digitalcollections.aucegypt.edu/iiif/2/p15795coll40:270/full/730,/0/default.jpg"", ""og:url"": ""https://digitalcollections.aucegypt.edu/digital/collection/p15795coll40/id/270/"", ""og:type"": ""website""}"
271,Rooster,Margo Veillon,,Margo Veillon Art Collection,watercolor and charcoal on paper,watercolors (paintings),drawings (visual works),"Two simple pencil and watercolor studies of a stylized, almost cartoonish rooster, colored with white, grey, pink, yellow, and red. The rooster on the left is surrounded by grey charcoal background.","American University in Cairo, Egypt",https://digitalcollections.aucegypt.edu/digital/collection/p15795coll40/id/271/,"http://digitalcollections.aucegypt.edu/iiif/2/p15795coll40:271/full/730,/0/default.jpg",margo_data/images/0271.jpg,"{""title"": ""Rooster"", ""titlea"": ""الديك"", ""titleb"": ""Coq"", ""creata"": ""Margo Veillon"", ""creato"": ""Egyptian-Swiss"", ""descri"": ""Two simple pencil and watercolor studies of a stylized, almost cartoonish rooster, colored with white, grey, pink, yellow, and red. The rooster on the left is surrounded by grey charcoal background."", ""descra"": ""Margo Veillon"", ""locati"": ""American University in Cairo, Egypt"", ""covera"": ""watercolor and charcoal on paper"", ""artwor"": ""38.8 cm x 30.7 cm"", ""medium"": ""drawings (visual works)"", ""type"": ""watercolors (paintings)"", ""format"": ""Impressionist (style)"", ""collec"": ""Margo Veillon Art Collection"", ""source"": ""American University in Cairo"", ""licens"": ""Copyright the American University in Cairo"", ""rights"": ""To inquire about rights and permissions, contact the Rare Books and Special Collections Library, The American University in Cairo at +20.2.2615.3676 or rbscl-ref@aucegypt.edu."", ""google-site-verification"": ""UA-49762962-1"", ""viewport"": ""width=device-width, initial-scale=1.0"", ""og:title"": ""Rooster"", ""og:description"": ""Two simple pencil and watercolor studies of a stylized, almost cartoonish rooster, colored with white, grey, pink, yellow, and red. The rooster on the left is surrounded by grey charcoal background."", ""og:image"": ""http://digitalcollections.aucegypt.edu/iiif/2/p15795coll40:271/full/730,/0/default.jpg"", ""og:url"": ""https://digitalcollections.aucegypt.edu/digital/collection/p15795coll40/id/271/"", ""og:type"": ""website""}"
272,Pot washing,Margo Veillon,,Margo Veillon Art Collection,pastels on paper,pastels (visual works),drawings (visual works),"A charcoal and colorful oil pastel sketch of African women cleaning pots and water basins. There are 4 women in total. Three of them are brown skinned and wear colorful clothes of blues and gold. The first woman is holding a white plate in one hand, and holding a large clay colored water basin in th","American University in Cairo, Egypt",https://digitalcollections.aucegypt.edu/digital/collection/p15795coll40/id/272/,"http://digitalcollections.aucegypt.edu/iiif/2/p15795coll40:272/full/730,/0/default.jpg",margo_data/images/0272.jpg,"{""title"": ""Pot washing"", ""titlea"": ""غسل الصحون"", ""titleb"": ""Lavage de casseroles"", ""creata"": ""Margo Veillon"", ""creato"": ""Egyptian-Swiss"", ""descri"": ""A charcoal and colorful oil pastel sketch of African women cleaning pots and water basins. There are 4 women in total. Three of them are brown skinned and wear colorful clothes of blues and gold. The first woman is holding a white plate in one hand, and holding a large clay colored water basin in the other. She is sitting next to a woman holding a large serving plate made of copper, and next to her is a woman standing leaning over to wash something. A woman is supervising what is happening who has much darker skin."", ""locati"": ""American University in Cairo, Egypt"", ""covera"": ""pastels on paper"", ""artwor"": ""30 cm x 35.5 cm"", ""medium"": ""drawings (visual works)"", ""type"": ""pastels (visual works)"", ""format"": ""Impressionist (style)"", ""collec"": ""Margo Veillon Art Collection"", ""source"": ""American University in Cairo"", ""licens"": ""Copyright the American University in Cairo"", ""rights"": ""To inquire about rights and permissions, contact the Rare Books and Special Collections Library, The American University in Cairo at +20.2.2615.3676 or rbscl-ref@aucegypt.edu."", ""google-site-verification"": ""UA-49762962-1"", ""viewport"": ""width=device-width, initial-scale=1.0"", ""og:title"": ""Pot washing"", ""og:description"": ""A charcoal and colorful oil pastel sketch of African women cleaning pots and water basins. There are 4 women in total. Three of them are brown skinned and wear colorful clothes of blues and gold. The first woman is holding a white plate in one hand, and holding a large clay colored water basin in the other. She is sitting next to a woman holding a large serving plate made of copper, and next to her is a woman standing leaning over to wash something. A woman is supervising what is happening who has much darker skin."", ""og:image"": ""http://digitalcollections.aucegypt.edu/iiif/2/p15795coll40:272/full/730,/0/default.jpg"", ""og:url"": ""https://digitalcollections.aucegypt.edu/digital/collection/p15795coll40/id/272/"", ""og:type"": ""website""}"
273,Talking to us,Margo Veillon,,Margo Veillon Art Collection,"ink, oil pastels on paper",pen and ink drawings,mixed media works,"Two African women sitting and directly facing the viewer relaxed and talking. The one on the left is seated on her knees, with her back straight, and her hands folded in her lap. She is wearing only jewelry like her necklaces and the bands around her forearms. The woman next to her seems to be more ","American University in Cairo, Egypt",https://digitalcollections.aucegypt.edu/digital/collection/p15795coll40/id/273/,"http://digitalcollections.aucegypt.edu/iiif/2/p15795coll40:273/full/730,/0/default.jpg",margo_data/images/0273.jpg,"{""title"": ""Talking to us"", ""titlea"": ""التحدث إلينا"", ""titleb"": ""parle-nous"", ""creata"": ""Margo Veillon"", ""creato"": ""Egyptian-Swiss"", ""descri"": ""Two African women sitting and directly facing the viewer relaxed and talking. The one on the left is seated on her knees, with her back straight, and her hands folded in her lap. She is wearing only jewelry like her necklaces and the bands around her forearms. The woman next to her seems to be more relaxed, leaning on one side with her arms gathered to the other side, also looking at the viewer, and dressed like her counterpart. Their hair is styled in corkscrews. Their skin is colored with black and blue ink."", ""descra"": ""Margo Veillon, Ethiopie"", ""locati"": ""American University in Cairo, Egypt"", ""covera"": ""ink, oil pastels on paper"", ""artwor"": ""34.1 cm x 34 cm"", ""medium"": ""mixed media works"", ""type"": ""pen and ink drawings"", ""format"": ""Expressionist (style)"", ""collec"": ""Margo Veillon Art Collection"", ""source"": ""American University in Cairo"", ""licens"": ""Copyright the American University in Cairo"", ""rights"": ""To inquire about rights and permissions, contact the Rare Books and Special Collections Library, The American University in Cairo at +20.2.2615.3676 or rbscl-ref@aucegypt.edu."", ""google-site-verification"": ""UA-49762962-1"", ""viewport"": ""width=device-width, initial-scale=1.0"", ""og:title"": ""Talking to us"", ""og:description"": ""Two African women sitting and directly facing the viewer relaxed and talking. The one on the left is seated on her knees, with her back straight, and her hands folded in her lap. She is wearing only jewelry like her necklaces and the bands around her forearms. The woman next to her seems to be more relaxed, leaning on one side with her arms gathered to the other side, also looking at the viewer, and dressed like her counterpart. Their hair is styled in corkscrews. Their skin is colored with black and blue ink."", ""og:image"": ""http://digitalcollections.aucegypt.edu/iiif/2/p15795coll40:273/full/730,/0/default.jpg"", ""og:url"": ""https://digitalcollections.aucegypt.edu/digital/collection/p15795coll40/id/273/"", ""og:type"": ""website""}"
274,Painting the bowl,Margo Veillon,,Margo Veillon Art Collection,print and pastels on paper,ithographs,mixed media works,"lithography print with an Oil pastel painting of two African people sitting side by side on a tree trunk. The person closest to the viewer is a woman, looking somewhere in the distance and kneeling on the ground with her knees, wearing nothing but a necklace and a long piece of cloth around her hips","American University in Cairo, Egypt",https://digitalcollections.aucegypt.edu/digital/collection/p15795coll40/id/274/,"http://digitalcollections.aucegypt.edu/iiif/2/p15795coll40:274/full/730,/0/default.jpg",margo_data/images/0274.jpg,"{""title"": ""Painting the bowl"", ""titlea"": ""دهن الوعاء"", ""titleb"": ""Peindre le bol"", ""creata"": ""Margo Veillon"", ""creato"": ""Egyptian-Swiss"", ""descri"": ""lithography print with an Oil pastel painting of two African people sitting side by side on a tree trunk. The person closest to the viewer is a woman, looking somewhere in the distance and kneeling on the ground with her knees, wearing nothing but a necklace and a long piece of cloth around her hips. Next to her, there is a man, also dressed in nothing but the loincloth, sitting with one leg beneath him and one leg extended before him, carefully painting patterns on a clay pot. The background is in white oil pastel, and the ground is dark grey."", ""descra"": ""Margo Veillon, 3 variations"", ""locati"": ""American University in Cairo, Egypt"", ""covera"": ""print and pastels on paper"", ""artwor"": ""40 cm x 31.7 cm"", ""medium"": ""mixed media works"", ""type"": ""ithographs"", ""format"": ""Impressionist (style)"", ""collec"": ""Margo Veillon Art Collection"", ""source"": ""American University in Cairo"", ""licens"": ""Copyright the American University in Cairo"", ""rights"": ""To inquire about rights and permissions, contact the Rare Books and Special Collections Library, The American University in Cairo at +20.2.2615.3676 or rbscl-ref@aucegypt.edu."", ""google-site-verification"": ""UA-49762962-1"", ""viewport"": ""width=device-width, initial-scale=1.0"", ""og:title"": ""Painting the bowl"", ""og:description"": ""lithography print with an Oil pastel painting of two African people sitting side by side on a tree trunk. The person closest to the viewer is a woman, looking somewhere in the distance and kneeling on the ground with her knees, wearing nothing but a necklace and a long piece of cloth around her hips. Next to her, there is a man, also dressed in nothing but the loincloth, sitting with one leg beneath him and one leg extended before him, carefully painting patterns on a clay pot. The background is in white oil pastel, and the ground is dark grey."", ""og:image"": ""http://digitalcollections.aucegypt.edu/iiif/2/p15795coll40:274/full/730,/0/default.jpg"", ""og:url"": ""https://digitalcollections.aucegypt.edu/digital/collection/p15795coll40/id/274/"", ""og:type"": ""website""}"
275,Blue portrait,Margo Veillon,,Margo Veillon Art Collection,print and acrylic on paper,monotypes (planographic prints),prints (visual works),"Slightly abstract portrait of a person, rendered in dark paint, looking to the left, facing the viewer, with a forlorn look on their face. Their eyes are visible and outlined. They have a large and pronounced noses and pursed lips. They seem to be wearing a hat or headpiece. The background behind th","American University in Cairo, Egypt",https://digitalcollections.aucegypt.edu/digital/collection/p15795coll40/id/275/,"http://digitalcollections.aucegypt.edu/iiif/2/p15795coll40:275/full/730,/0/default.jpg",margo_data/images/0275.jpg,"{""title"": ""Blue portrait"", ""titlea"": ""صورة ذاتيه زرقاء"", ""titleb"": ""Portrait bleu"", ""creata"": ""Margo Veillon"", ""creato"": ""Egyptian-Swiss"", ""descri"": ""Slightly abstract portrait of a person, rendered in dark paint, looking to the left, facing the viewer, with a forlorn look on their face. Their eyes are visible and outlined. They have a large and pronounced noses and pursed lips. They seem to be wearing a hat or headpiece. The background behind them is bluish turquoise with some white lines of paint running through."", ""descra"": ""Margo Veillon"", ""locati"": ""American University in Cairo, Egypt"", ""covera"": ""print and acrylic on paper"", ""artwor"": ""31.3 cm x 20.3 cm"", ""medium"": ""prints (visual works)"", ""type"": ""monotypes (planographic prints)"", ""format"": ""Expressionist (style)"", ""collec"": ""Margo Veillon Art Collection"", ""source"": ""American University in Cairo"", ""licens"": ""Copyright the American University in Cairo"", ""rights"": ""To inquire about rights and permissions, contact the Rare Books and Special Collections Library, The American University in Cairo at +20.2.2615.3676 or rbscl-ref@aucegypt.edu."", ""google-site-verification"": ""UA-49762962-1"", ""viewport"": ""width=device-width, initial-scale=1.0"", ""og:title"": ""Blue portrait"", ""og:description"": ""Slightly abstract portrait of a person, rendered in dark paint, looking to the left, facing the viewer, with a forlorn look on their face. Their eyes are visible and outlined. They have a large and pronounced noses and pursed lips. They seem to be wearing a hat or headpiece. The background behind them is bluish turquoise with some white lines of paint running through."", ""og:image"": ""http://digitalcollections.aucegypt.edu/iiif/2/p15795coll40:275/full/730,/0/default.jpg"", ""og:url"": ""https://digitalcollections.aucegypt.edu/digital/collection/p15795coll40/id/275/"", ""og:type"": ""website""}"
276,Sad man looking aside,Margo Veillon,,Margo Veillon Art Collection,print and acrylic on paper,monotypes (planographic prints),prints (visual works),"Monotype print portrait of an African man from the neck up with an unhappy look on his face, looking to his left. His eyes are colored light brown, and his skin is colored in a range of shades of brown and black. His left ear holds a large hoop earring. He is against a painted white color background","American University in Cairo, Egypt",https://digitalcollections.aucegypt.edu/digital/collection/p15795coll40/id/276/,"http://digitalcollections.aucegypt.edu/iiif/2/p15795coll40:276/full/730,/0/default.jpg",margo_data/images/0276.jpg,"{""title"": ""Sad man looking aside"", ""titlea"": ""رجل حزين ينظر إلى الجانب"", ""titleb"": ""Homme triste regardant sur le côté"", ""creata"": ""Margo Veillon"", ""creato"": ""Egyptian-Swiss"", ""descri"": ""Monotype print portrait of an African man from the neck up with an unhappy look on his face, looking to his left. His eyes are colored light brown, and his skin is colored in a range of shades of brown and black. His left ear holds a large hoop earring. He is against a painted white color background, against another background of the same color as the man."", ""descra"": ""Margo Veillon"", ""locati"": ""American University in Cairo, Egypt"", ""covera"": ""print and acrylic on paper"", ""artwor"": ""29.3 cm x 19.7 cm"", ""medium"": ""prints (visual works)"", ""type"": ""monotypes (planographic prints)"", ""format"": ""Expressionist (style)"", ""collec"": ""Margo Veillon Art Collection"", ""source"": ""American University in Cairo"", ""licens"": ""Copyright the American University in Cairo"", ""rights"": ""To inquire about rights and permissions, contact the Rare Books and Special Collections Library, The American University in Cairo at +20.2.2615.3676 or rbscl-ref@aucegypt.edu."", ""google-site-verification"": ""UA-49762962-1"", ""viewport"": ""width=device-width, initial-scale=1.0"", ""og:title"": ""Sad man looking aside"", ""og:description"": ""Monotype print portrait of an African man from the neck up with an unhappy look on his face, looking to his left. His eyes are colored light brown, and his skin is colored in a range of shades of brown and black. His left ear holds a large hoop earring. He is against a painted white color background, against another background of the same color as the man."", ""og:image"": ""http://digitalcollections.aucegypt.edu/iiif/2/p15795coll40:276/full/730,/0/default.jpg"", ""og:url"": ""https://digitalcollections.aucegypt.edu/digital/collection/p15795coll40/id/276/"", ""og:type"": ""website""}"
277,Standing man,Margo Veillon,,Margo Veillon Art Collection,ink and pencil on paper,pen and ink drawings,drawings (visual works),"Nude ink studies a man standing with his back to the viewer, leaning on one hip and gazing at his reflection in the mirror, wearing a long necklace around his neck, and holding a long stick. The details of his anatomy and musculature are visible. In the background, you can see the reflection of Marg","American University in Cairo, Egypt",https://digitalcollections.aucegypt.edu/digital/collection/p15795coll40/id/277/,"http://digitalcollections.aucegypt.edu/iiif/2/p15795coll40:277/full/730,/0/default.jpg",margo_data/images/0277.jpg,"{""title"": ""Standing man"", ""titlea"": ""رجل واقف"", ""titleb"": ""Homme debout"", ""creata"": ""Margo Veillon"", ""creato"": ""Egyptian-Swiss"", ""descri"": ""Nude ink studies a man standing with his back to the viewer, leaning on one hip and gazing at his reflection in the mirror, wearing a long necklace around his neck, and holding a long stick. The details of his anatomy and musculature are visible. In the background, you can see the reflection of Margo as she draws the subject."", ""descra"": ""Margo Veillon, homme debout"", ""locati"": ""American University in Cairo, Egypt"", ""covera"": ""ink and pencil on paper"", ""artwor"": ""28.1 cm x 20.3 cm"", ""medium"": ""drawings (visual works)"", ""type"": ""pen and ink drawings"", ""format"": ""Impressionist (style)"", ""collec"": ""Margo Veillon Art Collection"", ""source"": ""American University in Cairo"", ""licens"": ""Copyright the American University in Cairo"", ""rights"": ""To inquire about rights and permissions, contact the Rare Books and Special Collections Library, The American University in Cairo at +20.2.2615.3676 or rbscl-ref@aucegypt.edu."", ""google-site-verification"": ""UA-49762962-1"", ""viewport"": ""width=device-width, initial-scale=1.0"", ""og:title"": ""Standing man"", ""og:description"": ""Nude ink studies a man standing with his back to the viewer, leaning on one hip and gazing at his reflection in the mirror, wearing a long necklace around his neck, and holding a long stick. The details of his anatomy and musculature are visible. In the background, you can see the reflection of Margo as she draws the subject."", ""og:image"": ""http://digitalcollections.aucegypt.edu/iiif/2/p15795coll40:277/full/730,/0/default.jpg"", ""og:url"": ""https://digitalcollections.aucegypt.edu/digital/collection/p15795coll40/id/277/"", ""og:type"": ""website""}"
278,Three African men,Margo Veillon,,Margo Veillon Art Collection,ink and watercolor on paper,watercolors (paintings),mixed media works,"A rough ink sketch of three African men walking towards the viewer together. The two on the left are wearing white fabric wrapped around their bodies; one of the two on the right is leaning his hands on a walking stick. The other man, on the right, is wearing colorful fabric in blue and purple and i","American University in Cairo, Egypt",https://digitalcollections.aucegypt.edu/digital/collection/p15795coll40/id/278/,"http://digitalcollections.aucegypt.edu/iiif/2/p15795coll40:278/full/730,/0/default.jpg",margo_data/images/0278.jpg,"{""title"": ""Three African men"", ""titlea"": ""ثلاثة رجال أفارقة"", ""titleb"": ""Trois hommes africains"", ""creata"": ""Margo Veillon"", ""creato"": ""Egyptian-Swiss"", ""descri"": ""A rough ink sketch of three African men walking towards the viewer together. The two on the left are wearing white fabric wrapped around their bodies; one of the two on the right is leaning his hands on a walking stick. The other man, on the right, is wearing colorful fabric in blue and purple and is holding a stick in his hand. They are against a background of yellow and some splashes of ochre."", ""descra"": ""Margo Veillon"", ""locati"": ""American University in Cairo, Egypt"", ""covera"": ""ink and watercolor on paper"", ""artwor"": ""20.3 cm x 27.8 cm"", ""medium"": ""mixed media works"", ""type"": ""watercolors (paintings)"", ""format"": ""Expressionist (style)"", ""collec"": ""Margo Veillon Art Collection"", ""source"": ""American University in Cairo"", ""licens"": ""Copyright the American University in Cairo"", ""rights"": ""To inquire about rights and permissions, contact the Rare Books and Special Collections Library, The American University in Cairo at +20.2.2615.3676 or rbscl-ref@aucegypt.edu."", ""google-site-verification"": ""UA-49762962-1"", ""viewport"": ""width=device-width, initial-scale=1.0"", ""og:title"": ""Three African men"", ""og:description"": ""A rough ink sketch of three African men walking towards the viewer together. The two on the left are wearing white fabric wrapped around their bodies; one of the two on the right is leaning his hands on a walking stick. The other man, on the right, is wearing colorful fabric in blue and purple and is holding a stick in his hand. They are against a background of yellow and some splashes of ochre."", ""og:image"": ""http://digitalcollections.aucegypt.edu/iiif/2/p15795coll40:278/full/730,/0/default.jpg"", ""og:url"": ""https://digitalcollections.aucegypt.edu/digital/collection/p15795coll40/id/278/"", ""og:type"": ""website""}"
279,Balancing child,Margo Veillon,,Margo Veillon Art Collection,ink on paper,pen and ink drawings,drawings (visual works),"ink sketch of an African mother holding her child in her left arm and her other arm is held in the air. She is leaning her leg on a stick planted in the ground. Her leg is bent on the stick, and she is standing like a flamingo.","American University in Cairo, Egypt",https://digitalcollections.aucegypt.edu/digital/collection/p15795coll40/id/279/,"http://digitalcollections.aucegypt.edu/iiif/2/p15795coll40:279/full/730,/0/default.jpg",margo_data/images/0279.jpg,"{""title"": ""Balancing child"", ""titlea"": ""موازنة الطفل"", ""titleb"": ""Enfant en équilibre"", ""creata"": ""Margo Veillon"", ""creato"": ""Egyptian-Swiss"", ""descri"": ""ink sketch of an African mother holding her child in her left arm and her other arm is held in the air. She is leaning her leg on a stick planted in the ground. Her leg is bent on the stick, and she is standing like a flamingo."", ""descra"": ""Margo Veillon"", ""locati"": ""American University in Cairo, Egypt"", ""covera"": ""ink on paper"", ""artwor"": ""17.7 cm x 27.8 cm"", ""medium"": ""drawings (visual works)"", ""type"": ""pen and ink drawings"", ""format"": ""Expressionist (style)"", ""collec"": ""Margo Veillon Art Collection"", ""source"": ""American University in Cairo"", ""licens"": ""Copyright the American University in Cairo"", ""rights"": ""To inquire about rights and permissions, contact the Rare Books and Special Collections Library, The American University in Cairo at +20.2.2615.3676 or rbscl-ref@aucegypt.edu."", ""google-site-verification"": ""UA-49762962-1"", ""viewport"": ""width=device-width, initial-scale=1.0"", ""og:title"": ""Balancing child"", ""og:description"": ""ink sketch of an African mother holding her child in her left arm and her other arm is held in the air. She is leaning her leg on a stick planted in the ground. Her leg is bent on the stick, and she is standing like a flamingo."", ""og:image"": ""http://digitalcollections.aucegypt.edu/iiif/2/p15795coll40:279/full/730,/0/default.jpg"", ""og:url"": ""https://digitalcollections.aucegypt.edu/digital/collection/p15795coll40/id/279/"", ""og:type"": ""website""}"
280,Monkeys,Margo Veillon,,Margo Veillon Art Collection,pencil and watercolor on paper,pencil drawings,mixed media works,"Some sketches and studies of monkeys, particularly the head.","American University in Cairo, Egypt",https://digitalcollections.aucegypt.edu/digital/collection/p15795coll40/id/280/,"http://digitalcollections.aucegypt.edu/iiif/2/p15795coll40:280/full/730,/0/default.jpg",margo_data/images/0280.jpg,"{""title"": ""Monkeys"", ""titlea"": ""القرود"", ""titleb"": ""Guenons"", ""creata"": ""Margo Veillon"", ""creato"": ""Egyptian-Swiss"", ""descri"": ""Some sketches and studies of monkeys, particularly the head."", ""descra"": ""la guenon de malakal"", ""locati"": ""American University in Cairo, Egypt"", ""covera"": ""pencil and watercolor on paper"", ""artwor"": ""21 cm x 38.5 cm"", ""medium"": ""mixed media works"", ""type"": ""pencil drawings"", ""format"": ""Expressionist (style)"", ""collec"": ""Margo Veillon Art Collection"", ""source"": ""American University in Cairo"", ""licens"": ""Copyright the American University in Cairo"", ""rights"": ""To inquire about rights and permissions, contact the Rare Books and Special Collections Library, The American University in Cairo at +20.2.2615.3676 or rbscl-ref@aucegypt.edu."", ""google-site-verification"": ""UA-49762962-1"", ""viewport"": ""width=device-width, initial-scale=1.0"", ""og:title"": ""Monkeys"", ""og:description"": ""Some sketches and studies of monkeys, particularly the head."", ""og:image"": ""http://digitalcollections.aucegypt.edu/iiif/2/p15795coll40:280/full/730,/0/default.jpg"", ""og:url"": ""https://digitalcollections.aucegypt.edu/digital/collection/p15795coll40/id/280/"", ""og:type"": ""website""}"
281,Watching dogs fight,Margo Veillon,,Margo Veillon Art Collection,"ink, pencil, watercolor on paper",pen and ink drawings,mixed media works,"Ink drawing of children sitting and watching three white dogs fight. The people are vague silhouettes, implied only by negative space, but the six children are in watercolor, and it is not clear whether or not they are wearing clothes.","American University in Cairo, Egypt",https://digitalcollections.aucegypt.edu/digital/collection/p15795coll40/id/281/,"http://digitalcollections.aucegypt.edu/iiif/2/p15795coll40:281/full/730,/0/default.jpg",margo_data/images/0281.jpg,"{""title"": ""Watching dogs fight"", ""titlea"": ""مشاهده الكلاب تتقاتل"", ""titleb"": ""Regarder les chiens se battre"", ""creata"": ""Margo Veillon"", ""creato"": ""Egyptian-Swiss"", ""descri"": ""Ink drawing of children sitting and watching three white dogs fight. The people are vague silhouettes, implied only by negative space, but the six children are in watercolor, and it is not clear whether or not they are wearing clothes."", ""descra"": ""Margo Veillon"", ""locati"": ""American University in Cairo, Egypt"", ""covera"": ""ink, pencil, watercolor on paper"", ""artwor"": ""35.2 cm x 25.1 cm"", ""medium"": ""mixed media works"", ""type"": ""pen and ink drawings"", ""format"": ""Impressionist (style)"", ""collec"": ""Margo Veillon Art Collection"", ""source"": ""American University in Cairo"", ""licens"": ""Copyright the American University in Cairo"", ""rights"": ""To inquire about rights and permissions, contact the Rare Books and Special Collections Library, The American University in Cairo at +20.2.2615.3676 or rbscl-ref@aucegypt.edu."", ""google-site-verification"": ""UA-49762962-1"", ""viewport"": ""width=device-width, initial-scale=1.0"", ""og:title"": ""Watching dogs fight"", ""og:description"": ""Ink drawing of children sitting and watching three white dogs fight. The people are vague silhouettes, implied only by negative space, but the six children are in watercolor, and it is not clear whether or not they are wearing clothes."", ""og:image"": ""http://digitalcollections.aucegypt.edu/iiif/2/p15795coll40:281/full/730,/0/default.jpg"", ""og:url"": ""https://digitalcollections.aucegypt.edu/digital/collection/p15795coll40/id/281/"", ""og:type"": ""website""}"
282,Old Tree,Margo Veillon,,Margo Veillon Art Collection,watercolor on paper,watercolors (paintings),drawings (visual works),Watercolor rendition of an old tree with bent branches and very scarce leaves. It is in front of what seems to be a mountain range.,"American University in Cairo, Egypt",https://digitalcollections.aucegypt.edu/digital/collection/p15795coll40/id/282/,"http://digitalcollections.aucegypt.edu/iiif/2/p15795coll40:282/full/730,/0/default.jpg",margo_data/images/0282.jpg,"{""title"": ""Old Tree"", ""titlea"": ""الشجرة القديمة"", ""titleb"": ""Vieil arbre"", ""creata"": ""Margo Veillon"", ""creato"": ""Egyptian-Swiss"", ""descri"": ""Watercolor rendition of an old tree with bent branches and very scarce leaves. It is in front of what seems to be a mountain range."", ""locati"": ""American University in Cairo, Egypt"", ""covera"": ""watercolor on paper"", ""artwor"": ""30.7 cm x 48.2 cm"", ""medium"": ""drawings (visual works)"", ""type"": ""watercolors (paintings)"", ""format"": ""Impressionist (style)"", ""collec"": ""Margo Veillon Art Collection"", ""source"": ""American University in Cairo"", ""licens"": ""Copyright the American University in Cairo"", ""rights"": ""To inquire about rights and permissions, contact the Rare Books and Special Collections Library, The American University in Cairo at +20.2.2615.3676 or rbscl-ref@aucegypt.edu."", ""google-site-verification"": ""UA-49762962-1"", ""viewport"": ""width=device-width, initial-scale=1.0"", ""og:title"": ""Old Tree"", ""og:description"": ""Watercolor rendition of an old tree with bent branches and very scarce leaves. It is in front of what seems to be a mountain range."", ""og:image"": ""http://digitalcollections.aucegypt.edu/iiif/2/p15795coll40:282/full/730,/0/default.jpg"", ""og:url"": ""https://digitalcollections.aucegypt.edu/digital/collection/p15795coll40/id/282/"", ""og:type"": ""website""}"
283,Country landscape,Margo Veillon,,Margo Veillon Art Collection,watercolor on paper,watercolors (paintings),drawings (visual works),"A watercolor painting of a landscape in the countryside, shows a courtyard with some mud-brick structures, next to which is a tall tree bent slightly to the right. Behind the tree, there is an empty field that extends into the distance. On the right of the composition, in the background, there is a ","American University in Cairo, Egypt",https://digitalcollections.aucegypt.edu/digital/collection/p15795coll40/id/283/,"http://digitalcollections.aucegypt.edu/iiif/2/p15795coll40:283/full/730,/0/default.jpg",margo_data/images/0283.jpg,"{""title"": ""Country landscape"", ""titlea"": ""المناظر الطبيعية الريفية"", ""titleb"": ""Paysage de campagne"", ""creata"": ""Margo Veillon"", ""creato"": ""Egyptian-Swiss"", ""descri"": ""A watercolor painting of a landscape in the countryside, shows a courtyard with some mud-brick structures, next to which is a tall tree bent slightly to the right. Behind the tree, there is an empty field that extends into the distance. On the right of the composition, in the background, there is a palm tree. On the horizon, there are some shapes like hills or maybe buildings that are silhouetted."", ""descra"": ""Margo Veillon"", ""locati"": ""American University in Cairo, Egypt"", ""covera"": ""watercolor on paper"", ""artwor"": ""42 cm x 48.1 cm"", ""medium"": ""drawings (visual works)"", ""type"": ""watercolors (paintings)"", ""format"": ""Impressionist (style)"", ""collec"": ""Margo Veillon Art Collection"", ""source"": ""American University in Cairo"", ""licens"": ""Copyright the American University in Cairo"", ""rights"": ""To inquire about rights and permissions, contact the Rare Books and Special Collections Library, The American University in Cairo at +20.2.2615.3676 or rbscl-ref@aucegypt.edu."", ""google-site-verification"": ""UA-49762962-1"", ""viewport"": ""width=device-width, initial-scale=1.0"", ""og:title"": ""Country landscape"", ""og:description"": ""A watercolor painting of a landscape in the countryside, shows a courtyard with some mud-brick structures, next to which is a tall tree bent slightly to the right. Behind the tree, there is an empty field that extends into the distance. On the right of the composition, in the background, there is a palm tree. On the horizon, there are some shapes like hills or maybe buildings that are silhouetted."", ""og:image"": ""http://digitalcollections.aucegypt.edu/iiif/2/p15795coll40:283/full/730,/0/default.jpg"", ""og:url"": ""https://digitalcollections.aucegypt.edu/digital/collection/p15795coll40/id/283/"", ""og:type"": ""website""}"
284,Fields and feluccas,Margo Veillon,,Margo Veillon Art Collection,watercolor on paper,watercolors (paintings),drawings (visual works),"Impressionist watercolor of a landscape, showing a farmer's field of crops alongside the Nile, with feluccas passing through the water. The painting is done in blue, green, and yellow. There seem to be different types of crops and reeds.","American University in Cairo, Egypt",https://digitalcollections.aucegypt.edu/digital/collection/p15795coll40/id/284/,"http://digitalcollections.aucegypt.edu/iiif/2/p15795coll40:284/full/730,/0/default.jpg",margo_data/images/0284.jpg,"{""title"": ""Fields and feluccas"", ""titlea"": ""الحقول والفلوكات"", ""titleb"": ""Champs et felouques"", ""creata"": ""Margo Veillon"", ""creato"": ""Egyptian-Swiss"", ""descri"": ""Impressionist watercolor of a landscape, showing a farmer's field of crops alongside the Nile, with feluccas passing through the water. The painting is done in blue, green, and yellow. There seem to be different types of crops and reeds."", ""descra"": ""1942, Margo Veillon"", ""locati"": ""American University in Cairo, Egypt"", ""covera"": ""watercolor on paper"", ""artwor"": ""46.7 cm x 59.6 cm"", ""medium"": ""drawings (visual works)"", ""type"": ""watercolors (paintings)"", ""format"": ""Impressionist (style)"", ""collec"": ""Margo Veillon Art Collection"", ""source"": ""American University in Cairo"", ""licens"": ""Copyright the American University in Cairo"", ""rights"": ""To inquire about rights and permissions, contact the Rare Books and Special Collections Library, The American University in Cairo at +20.2.2615.3676 or rbscl-ref@aucegypt.edu."", ""google-site-verification"": ""UA-49762962-1"", ""viewport"": ""width=device-width, initial-scale=1.0"", ""og:title"": ""Fields and feluccas"", ""og:description"": ""Impressionist watercolor of a landscape, showing a farmer's field of crops alongside the Nile, with feluccas passing through the water. The painting is done in blue, green, and yellow. There seem to be different types of crops and reeds."", ""og:image"": ""http://digitalcollections.aucegypt.edu/iiif/2/p15795coll40:284/full/730,/0/default.jpg"", ""og:url"": ""https://digitalcollections.aucegypt.edu/digital/collection/p15795coll40/id/284/"", ""og:type"": ""website""}"
285,Sadness,Margo Veillon,,Margo Veillon Art Collection,pastels on paper,pastels (visual works),drawings (visual works),"Oil pastel cubist side profile of a face done in brown, gray, and shades of blue. There seems to be an eye on the top that is sadly looking down. There is a background of sky blue and gray, and the ground is green and yellow.","American University in Cairo, Egypt",https://digitalcollections.aucegypt.edu/digital/collection/p15795coll40/id/285/,"http://digitalcollections.aucegypt.edu/iiif/2/p15795coll40:285/full/730,/0/default.jpg",margo_data/images/0285.jpg,"{""title"": ""Sadness"", ""titlea"": ""حزن"", ""titleb"": ""Tristesse"", ""creata"": ""Margo Veillon"", ""creato"": ""Egyptian-Swiss"", ""descri"": ""Oil pastel cubist side profile of a face done in brown, gray, and shades of blue. There seems to be an eye on the top that is sadly looking down. There is a background of sky blue and gray, and the ground is green and yellow."", ""descra"": ""1977, Margo Veillon"", ""locati"": ""American University in Cairo, Egypt"", ""covera"": ""pastels on paper"", ""artwor"": ""25.3 cm x 38.3 cm"", ""medium"": ""drawings (visual works)"", ""type"": ""pastels (visual works)"", ""format"": ""Cubist"", ""collec"": ""Margo Veillon Art Collection"", ""source"": ""American University in Cairo"", ""licens"": ""Copyright the American University in Cairo"", ""rights"": ""To inquire about rights and permissions, contact the Rare Books and Special Collections Library, The American University in Cairo at +20.2.2615.3676 or rbscl-ref@aucegypt.edu."", ""google-site-verification"": ""UA-49762962-1"", ""viewport"": ""width=device-width, initial-scale=1.0"", ""og:title"": ""Sadness"", ""og:description"": ""Oil pastel cubist side profile of a face done in brown, gray, and shades of blue. There seems to be an eye on the top that is sadly looking down. There is a background of sky blue and gray, and the ground is green and yellow."", ""og:image"": ""http://digitalcollections.aucegypt.edu/iiif/2/p15795coll40:285/full/730,/0/default.jpg"", ""og:url"": ""https://digitalcollections.aucegypt.edu/digital/collection/p15795coll40/id/285/"", ""og:type"": ""website""}"
286,Spectacles,Margo Veillon,,Margo Veillon Art Collection,pastels on paper,pastels (visual works),drawings (visual works),"Oil pastel drawing of a pair of circular glasses, over a group of abstract shapes in gray, purple, and blue. The background is lavender, framed with yellow.","American University in Cairo, Egypt",https://digitalcollections.aucegypt.edu/digital/collection/p15795coll40/id/286/,"http://digitalcollections.aucegypt.edu/iiif/2/p15795coll40:286/full/730,/0/default.jpg",margo_data/images/0286.jpg,"{""title"": ""Spectacles"", ""titlea"": ""نظارات"", ""titleb"": ""Lunettes"", ""creata"": ""Margo Veillon"", ""creato"": ""Egyptian-Swiss"", ""descri"": ""Oil pastel drawing of a pair of circular glasses, over a group of abstract shapes in gray, purple, and blue. The background is lavender, framed with yellow."", ""descra"": ""1977, Margo Veillon"", ""locati"": ""American University in Cairo, Egypt"", ""covera"": ""pastels on paper"", ""artwor"": ""25.7 cm x 37.7 cm"", ""medium"": ""drawings (visual works)"", ""type"": ""pastels (visual works)"", ""format"": ""Abstract (modern European style)"", ""collec"": ""Margo Veillon Art Collection"", ""source"": ""American University in Cairo"", ""licens"": ""Copyright the American University in Cairo"", ""rights"": ""To inquire about rights and permissions, contact the Rare Books and Special Collections Library, The American University in Cairo at +20.2.2615.3676 or rbscl-ref@aucegypt.edu."", ""google-site-verification"": ""UA-49762962-1"", ""viewport"": ""width=device-width, initial-scale=1.0"", ""og:title"": ""Spectacles"", ""og:description"": ""Oil pastel drawing of a pair of circular glasses, over a group of abstract shapes in gray, purple, and blue. The background is lavender, framed with yellow."", ""og:image"": ""http://digitalcollections.aucegypt.edu/iiif/2/p15795coll40:286/full/730,/0/default.jpg"", ""og:url"": ""https://digitalcollections.aucegypt.edu/digital/collection/p15795coll40/id/286/"", ""og:type"": ""website""}"
287,Orchard,Margo Veillon,,Margo Veillon Art Collection,oil on canvas,oil paintings (visual works),mixed media works,"Two drawings of the same orchard or farm field. The first one, on the left, is done in ink, using cubist shapes. The second, on the right, is colored using paint. The sky is yellow. The field is done in many colors, such as orange, black, red, and blue. There is a canal, in blue, and a small field, ","American University in Cairo, Egypt",https://digitalcollections.aucegypt.edu/digital/collection/p15795coll40/id/287/,"http://digitalcollections.aucegypt.edu/iiif/2/p15795coll40:287/full/730,/0/default.jpg",margo_data/images/0287.jpg,"{""title"": ""Orchard"", ""titlea"": ""بستان"", ""titleb"": ""Verger"", ""creata"": ""Margo Veillon"", ""creato"": ""Egyptian-Swiss"", ""descri"": ""Two drawings of the same orchard or farm field. The first one, on the left, is done in ink, using cubist shapes. The second, on the right, is colored using paint. The sky is yellow. The field is done in many colors, such as orange, black, red, and blue. There is a canal, in blue, and a small field, in green. The composition is framed by roughly painted trees."", ""locati"": ""American University in Cairo, Egypt"", ""covera"": ""oil on canvas"", ""artwor"": ""30.2 cm x 42.5 cm"", ""medium"": ""mixed media works"", ""type"": ""oil paintings (visual works)"", ""format"": ""Impressionist (style)"", ""collec"": ""Margo Veillon Art Collection"", ""source"": ""American University in Cairo"", ""licens"": ""Copyright the American University in Cairo"", ""rights"": ""To inquire about rights and permissions, contact the Rare Books and Special Collections Library, The American University in Cairo at +20.2.2615.3676 or rbscl-ref@aucegypt.edu."", ""google-site-verification"": ""UA-49762962-1"", ""viewport"": ""width=device-width, initial-scale=1.0"", ""og:title"": ""Orchard"", ""og:description"": ""Two drawings of the same orchard or farm field. The first one, on the left, is done in ink, using cubist shapes. The second, on the right, is colored using paint. The sky is yellow. The field is done in many colors, such as orange, black, red, and blue. There is a canal, in blue, and a small field, in green. The composition is framed by roughly painted trees."", ""og:image"": ""http://digitalcollections.aucegypt.edu/iiif/2/p15795coll40:287/full/730,/0/default.jpg"", ""og:url"": ""https://digitalcollections.aucegypt.edu/digital/collection/p15795coll40/id/287/"", ""og:type"": ""website""}"
288,Nature,Margo Veillon,,Margo Veillon Art Collection,pastels on paper,pastels (visual works),drawings (visual works),"An abstract oil pastel drawing using cool tones of green, blue, yellow, and brown, in the roughly abstract shapes of a leaves and trees.","American University in Cairo, Egypt",https://digitalcollections.aucegypt.edu/digital/collection/p15795coll40/id/288/,"http://digitalcollections.aucegypt.edu/iiif/2/p15795coll40:288/full/730,/0/default.jpg",margo_data/images/0288.jpg,"{""title"": ""Nature"", ""titlea"": ""طبيعة سجية"", ""titleb"": ""la Nature"", ""creata"": ""Margo Veillon"", ""creato"": ""Egyptian-Swiss"", ""descri"": ""An abstract oil pastel drawing using cool tones of green, blue, yellow, and brown, in the roughly abstract shapes of a leaves and trees."", ""descra"": ""1974, Margo Veillon VIII"", ""locati"": ""American University in Cairo, Egypt"", ""covera"": ""pastels on paper"", ""artwor"": ""27 cm x 35 cm"", ""medium"": ""drawings (visual works)"", ""type"": ""pastels (visual works)"", ""format"": ""Abstract (modern European style)"", ""collec"": ""Margo Veillon Art Collection"", ""source"": ""American University in Cairo"", ""licens"": ""Copyright the American University in Cairo"", ""rights"": ""To inquire about rights and permissions, contact the Rare Books and Special Collections Library, The American University in Cairo at +20.2.2615.3676 or rbscl-ref@aucegypt.edu."", ""google-site-verification"": ""UA-49762962-1"", ""viewport"": ""width=device-width, initial-scale=1.0"", ""og:title"": ""Nature"", ""og:description"": ""An abstract oil pastel drawing using cool tones of green, blue, yellow, and brown, in the roughly abstract shapes of a leaves and trees."", ""og:image"": ""http://digitalcollections.aucegypt.edu/iiif/2/p15795coll40:288/full/730,/0/default.jpg"", ""og:url"": ""https://digitalcollections.aucegypt.edu/digital/collection/p15795coll40/id/288/"", ""og:type"": ""website""}"
289,Sunlight up close,Margo Veillon,,Margo Veillon Art Collection,pastels on paper,pastels (visual works),drawings (visual works),"Abstract oil pastel drawing using several bright colors, such as yellow, orange, light blue, and purple, all coalescing into a focal shape in the middle of the drawing.","American University in Cairo, Egypt",https://digitalcollections.aucegypt.edu/digital/collection/p15795coll40/id/289/,"http://digitalcollections.aucegypt.edu/iiif/2/p15795coll40:289/full/730,/0/default.jpg",margo_data/images/0289.jpg,"{""title"": ""Sunlight up close"", ""titlea"": ""ضوء الشمس عن قرب"", ""titleb"": ""Lumière du soleil gros plan"", ""creata"": ""Margo Veillon"", ""creato"": ""Egyptian-Swiss"", ""descri"": ""Abstract oil pastel drawing using several bright colors, such as yellow, orange, light blue, and purple, all coalescing into a focal shape in the middle of the drawing."", ""descra"": ""1974, Margo Veillon"", ""locati"": ""American University in Cairo, Egypt"", ""covera"": ""pastels on paper"", ""artwor"": ""27 cm x 35 cm"", ""medium"": ""drawings (visual works)"", ""type"": ""pastels (visual works)"", ""format"": ""Abstract (modern European style)"", ""collec"": ""Margo Veillon Art Collection"", ""source"": ""American University in Cairo"", ""licens"": ""Copyright the American University in Cairo"", ""rights"": ""To inquire about rights and permissions, contact the Rare Books and Special Collections Library, The American University in Cairo at +20.2.2615.3676 or rbscl-ref@aucegypt.edu."", ""google-site-verification"": ""UA-49762962-1"", ""viewport"": ""width=device-width, initial-scale=1.0"", ""og:title"": ""Sunlight up close"", ""og:description"": ""Abstract oil pastel drawing using several bright colors, such as yellow, orange, light blue, and purple, all coalescing into a focal shape in the middle of the drawing."", ""og:image"": ""http://digitalcollections.aucegypt.edu/iiif/2/p15795coll40:289/full/730,/0/default.jpg"", ""og:url"": ""https://digitalcollections.aucegypt.edu/digital/collection/p15795coll40/id/289/"", ""og:type"": ""website""}"
290,Preparing to run,Margo Veillon,,Margo Veillon Art Collection,pastels on paper,pastels (visual works),mixed media works,"oil pastel drawing of a back view of two men, each on a horse. One man, in a blue galabeya, in the back, is on a brown horse. The one in the front, in a white galabeya, is on a horse that is rearing up on its back legs, probably about to start running.","American University in Cairo, Egypt",https://digitalcollections.aucegypt.edu/digital/collection/p15795coll40/id/290/,"http://digitalcollections.aucegypt.edu/iiif/2/p15795coll40:290/full/730,/0/default.jpg",margo_data/images/0290.jpg,"{""title"": ""Preparing to run"", ""titlea"": ""يستعد للجري"", ""titleb"": ""Se préparer à courir"", ""creata"": ""Margo Veillon"", ""creato"": ""Egyptian-Swiss"", ""descri"": ""oil pastel drawing of a back view of two men, each on a horse. One man, in a blue galabeya, in the back, is on a brown horse. The one in the front, in a white galabeya, is on a horse that is rearing up on its back legs, probably about to start running."", ""descra"": ""Margo Veillon"", ""locati"": ""American University in Cairo, Egypt"", ""covera"": ""pastels on paper"", ""artwor"": ""28.2 cm x 21.7 cm"", ""medium"": ""mixed media works"", ""type"": ""pastels (visual works)"", ""format"": ""Impressionist (style)"", ""collec"": ""Margo Veillon Art Collection"", ""source"": ""American University in Cairo"", ""licens"": ""Copyright the American University in Cairo"", ""rights"": ""To inquire about rights and permissions, contact the Rare Books and Special Collections Library, The American University in Cairo at +20.2.2615.3676 or rbscl-ref@aucegypt.edu."", ""google-site-verification"": ""UA-49762962-1"", ""viewport"": ""width=device-width, initial-scale=1.0"", ""og:title"": ""Preparing to run"", ""og:description"": ""oil pastel drawing of a back view of two men, each on a horse. One man, in a blue galabeya, in the back, is on a brown horse. The one in the front, in a white galabeya, is on a horse that is rearing up on its back legs, probably about to start running."", ""og:image"": ""http://digitalcollections.aucegypt.edu/iiif/2/p15795coll40:290/full/730,/0/default.jpg"", ""og:url"": ""https://digitalcollections.aucegypt.edu/digital/collection/p15795coll40/id/290/"", ""og:type"": ""website""}"
291,Caravan,Margo Veillon,,Margo Veillon Art Collection,watercolors on paper,watercolors (paintings),drawings (visual works),"An abstract watercolor painting of a group of people walking in an unknown location. The two people at the front, dressed in white and gray jalabiyas, are walking towards the left of the painting, and walking next to them is a child, also in a white galabeya. Behind them, two more figures are follow","American University in Cairo, Egypt",https://digitalcollections.aucegypt.edu/digital/collection/p15795coll40/id/291/,"http://digitalcollections.aucegypt.edu/iiif/2/p15795coll40:291/full/730,/0/default.jpg",margo_data/images/0291.jpg,"{""title"": ""Caravan"", ""titlea"": ""المنزل المتنقل"", ""titleb"": ""Caravane"", ""creata"": ""Margo Veillon"", ""creato"": ""Egyptian-Swiss"", ""descri"": ""An abstract watercolor painting of a group of people walking in an unknown location. The two people at the front, dressed in white and gray jalabiyas, are walking towards the left of the painting, and walking next to them is a child, also in a white galabeya. Behind them, two more figures are following. The background is done in blue and orange watercolor, and the people are left uncolored."", ""descra"": ""Margo Veillon"", ""locati"": ""American University in Cairo, Egypt"", ""covera"": ""watercolors on paper"", ""artwor"": ""30.7 cm x 43.3 cm"", ""medium"": ""drawings (visual works)"", ""type"": ""watercolors (paintings)"", ""format"": ""Abstract (modern European style)"", ""collec"": ""Margo Veillon Art Collection"", ""source"": ""American University in Cairo"", ""licens"": ""Copyright the American University in Cairo"", ""rights"": ""To inquire about rights and permissions, contact the Rare Books and Special Collections Library, The American University in Cairo at +20.2.2615.3676 or rbscl-ref@aucegypt.edu."", ""google-site-verification"": ""UA-49762962-1"", ""viewport"": ""width=device-width, initial-scale=1.0"", ""og:title"": ""Caravan"", ""og:description"": ""An abstract watercolor painting of a group of people walking in an unknown location. The two people at the front, dressed in white and gray jalabiyas, are walking towards the left of the painting, and walking next to them is a child, also in a white galabeya. Behind them, two more figures are following. The background is done in blue and orange watercolor, and the people are left uncolored."", ""og:image"": ""http://digitalcollections.aucegypt.edu/iiif/2/p15795coll40:291/full/730,/0/default.jpg"", ""og:url"": ""https://digitalcollections.aucegypt.edu/digital/collection/p15795coll40/id/291/"", ""og:type"": ""website""}"
292,Dancing,Margo Veillon,,Margo Veillon Art Collection,pastels on paper,pastels (visual works),drawings (visual works),"A very abstract oil pastel drawing of a figure caught in various directions of motion, either walking to the left or the right, arms raised up to their head or down by their sides. There is a type of yellow fabric flowing between all of the different figures as well. The background is grey and blue.","American University in Cairo, Egypt",https://digitalcollections.aucegypt.edu/digital/collection/p15795coll40/id/292/,"http://digitalcollections.aucegypt.edu/iiif/2/p15795coll40:292/full/730,/0/default.jpg",margo_data/images/0292.jpg,"{""title"": ""Dancing"", ""titlea"": ""الرقص"", ""titleb"": ""Danse"", ""creata"": ""Margo Veillon"", ""creato"": ""Egyptian-Swiss"", ""descri"": ""A very abstract oil pastel drawing of a figure caught in various directions of motion, either walking to the left or the right, arms raised up to their head or down by their sides. There is a type of yellow fabric flowing between all of the different figures as well. The background is grey and blue."", ""descra"": ""1967-1997, Margo Veillon"", ""locati"": ""American University in Cairo, Egypt"", ""covera"": ""pastels on paper"", ""artwor"": ""33.7 cm x 19.8 cm"", ""medium"": ""drawings (visual works)"", ""type"": ""pastels (visual works)"", ""format"": ""Abstract (modern European style)"", ""collec"": ""Margo Veillon Art Collection"", ""source"": ""American University in Cairo"", ""licens"": ""Copyright the American University in Cairo"", ""rights"": ""To inquire about rights and permissions, contact the Rare Books and Special Collections Library, The American University in Cairo at +20.2.2615.3676 or rbscl-ref@aucegypt.edu."", ""google-site-verification"": ""UA-49762962-1"", ""viewport"": ""width=device-width, initial-scale=1.0"", ""og:title"": ""Dancing"", ""og:description"": ""A very abstract oil pastel drawing of a figure caught in various directions of motion, either walking to the left or the right, arms raised up to their head or down by their sides. There is a type of yellow fabric flowing between all of the different figures as well. The background is grey and blue."", ""og:image"": ""http://digitalcollections.aucegypt.edu/iiif/2/p15795coll40:292/full/730,/0/default.jpg"", ""og:url"": ""https://digitalcollections.aucegypt.edu/digital/collection/p15795coll40/id/292/"", ""og:type"": ""website""}"
293,Picking fruit,Margo Veillon,,Margo Veillon Art Collection,ink and watercolor on paper,watercolors (paintings),mixed media works,"Stylized depiction of a woman in a grove of trees, standing beneath two trees, her hand extended as she goes to pick fruit off of a tree. She is dressed in European clothing and seems to be smiling. There is a nest of birds at her feet. The painting is roughly colored with watercolors.","American University in Cairo, Egypt",https://digitalcollections.aucegypt.edu/digital/collection/p15795coll40/id/293/,"http://digitalcollections.aucegypt.edu/iiif/2/p15795coll40:293/full/730,/0/default.jpg",margo_data/images/0293.jpg,"{""title"": ""Picking fruit"", ""titlea"": ""قطف الثمار"", ""titleb"": ""Cueillir des fruits"", ""creata"": ""Margo Veillon"", ""creato"": ""Egyptian-Swiss"", ""descri"": ""Stylized depiction of a woman in a grove of trees, standing beneath two trees, her hand extended as she goes to pick fruit off of a tree. She is dressed in European clothing and seems to be smiling. There is a nest of birds at her feet. The painting is roughly colored with watercolors."", ""descra"": ""Margo Veillon"", ""locati"": ""American University in Cairo, Egypt"", ""covera"": ""ink and watercolor on paper"", ""artwor"": ""27 cm x 30.9 cm"", ""medium"": ""mixed media works"", ""type"": ""watercolors (paintings)"", ""format"": ""Impressionist (style)"", ""collec"": ""Margo Veillon Art Collection"", ""source"": ""American University in Cairo"", ""licens"": ""Copyright the American University in Cairo"", ""rights"": ""To inquire about rights and permissions, contact the Rare Books and Special Collections Library, The American University in Cairo at +20.2.2615.3676 or rbscl-ref@aucegypt.edu."", ""google-site-verification"": ""UA-49762962-1"", ""viewport"": ""width=device-width, initial-scale=1.0"", ""og:title"": ""Picking fruit"", ""og:description"": ""Stylized depiction of a woman in a grove of trees, standing beneath two trees, her hand extended as she goes to pick fruit off of a tree. She is dressed in European clothing and seems to be smiling. There is a nest of birds at her feet. The painting is roughly colored with watercolors."", ""og:image"": ""http://digitalcollections.aucegypt.edu/iiif/2/p15795coll40:293/full/730,/0/default.jpg"", ""og:url"": ""https://digitalcollections.aucegypt.edu/digital/collection/p15795coll40/id/293/"", ""og:type"": ""website""}"
294,Pot holder,Margo Veillon,,Margo Veillon Art Collection,watercolor on paper,watercolors (paintings),drawings (visual works),"A watercolor of a young woman resting her head on her head in a bored manner and looking to the right. She is tan with dark features and curved eyebrows. She has childlike features, and dark slicked back hair. She is wearing a blue shirt and holding a copper pot in her other hand on her lap. She is ","American University in Cairo, Egypt",https://digitalcollections.aucegypt.edu/digital/collection/p15795coll40/id/294/,"http://digitalcollections.aucegypt.edu/iiif/2/p15795coll40:294/full/730,/0/default.jpg",margo_data/images/0294.jpg,"{""title"": ""Pot holder"", ""titlea"": ""حامل وعاء"", ""titleb"": ""Le porte-pot"", ""creata"": ""Margo Veillon"", ""creato"": ""Egyptian-Swiss"", ""descri"": ""A watercolor of a young woman resting her head on her head in a bored manner and looking to the right. She is tan with dark features and curved eyebrows. She has childlike features, and dark slicked back hair. She is wearing a blue shirt and holding a copper pot in her other hand on her lap. She is sitting in a large black armchair, and seems to be waiting for something."", ""descra"": ""1955, Margo Veillon"", ""locati"": ""American University in Cairo, Egypt"", ""covera"": ""watercolor on paper"", ""artwor"": ""45.3 cm x 61.7 cm"", ""medium"": ""drawings (visual works)"", ""type"": ""watercolors (paintings)"", ""format"": ""Expressionist (style)"", ""collec"": ""Margo Veillon Art Collection"", ""source"": ""American University in Cairo"", ""licens"": ""Copyright the American University in Cairo"", ""rights"": ""To inquire about rights and permissions, contact the Rare Books and Special Collections Library, The American University in Cairo at +20.2.2615.3676 or rbscl-ref@aucegypt.edu."", ""google-site-verification"": ""UA-49762962-1"", ""viewport"": ""width=device-width, initial-scale=1.0"", ""og:title"": ""Pot holder"", ""og:description"": ""A watercolor of a young woman resting her head on her head in a bored manner and looking to the right. She is tan with dark features and curved eyebrows. She has childlike features, and dark slicked back hair. She is wearing a blue shirt and holding a copper pot in her other hand on her lap. She is sitting in a large black armchair, and seems to be waiting for something."", ""og:image"": ""http://digitalcollections.aucegypt.edu/iiif/2/p15795coll40:294/full/730,/0/default.jpg"", ""og:url"": ""https://digitalcollections.aucegypt.edu/digital/collection/p15795coll40/id/294/"", ""og:type"": ""website""}"
295,Motherhood,Margo Veillon,,Margo Veillon Art Collection,lithography print on paper,ithographs,prints (visual works),"Semi-realistic portraits of a veiled woman in traditional Egyptian clothing. In the portrait on the left, she is sitting contemplatively, her hands entwined in her lap, looking off to the side thoughtfully. In the portrait on the right, she is holding a baby in her arms, lifting the fabric from abov","American University in Cairo, Egypt",https://digitalcollections.aucegypt.edu/digital/collection/p15795coll40/id/295/,"http://digitalcollections.aucegypt.edu/iiif/2/p15795coll40:295/full/730,/0/default.jpg",margo_data/images/0295.jpg,"{""title"": ""Motherhood"", ""titlea"": ""أمومة"", ""titleb"": ""Maternité"", ""creata"": ""Margo Veillon"", ""creato"": ""Egyptian-Swiss"", ""descri"": ""Semi-realistic portraits of a veiled woman in traditional Egyptian clothing. In the portrait on the left, she is sitting contemplatively, her hands entwined in her lap, looking off to the side thoughtfully. In the portrait on the right, she is holding a baby in her arms, lifting the fabric from above them to give them a loving smile."", ""locati"": ""American University in Cairo, Egypt"", ""covera"": ""lithography print on paper"", ""artwor"": ""58.2 cm x 66.4 cm"", ""medium"": ""prints (visual works)"", ""type"": ""ithographs"", ""format"": ""Expressionist (style)"", ""collec"": ""Margo Veillon Art Collection"", ""source"": ""American University in Cairo"", ""licens"": ""Copyright the American University in Cairo"", ""rights"": ""To inquire about rights and permissions, contact the Rare Books and Special Collections Library, The American University in Cairo at +20.2.2615.3676 or rbscl-ref@aucegypt.edu."", ""google-site-verification"": ""UA-49762962-1"", ""viewport"": ""width=device-width, initial-scale=1.0"", ""og:title"": ""Motherhood"", ""og:description"": ""Semi-realistic portraits of a veiled woman in traditional Egyptian clothing. In the portrait on the left, she is sitting contemplatively, her hands entwined in her lap, looking off to the side thoughtfully. In the portrait on the right, she is holding a baby in her arms, lifting the fabric from above them to give them a loving smile."", ""og:image"": ""http://digitalcollections.aucegypt.edu/iiif/2/p15795coll40:295/full/730,/0/default.jpg"", ""og:url"": ""https://digitalcollections.aucegypt.edu/digital/collection/p15795coll40/id/295/"", ""og:type"": ""website""}"
296,Tantrum,Margo Veillon,,Margo Veillon Art Collection,Markers color on paper,pen and ink drawings,drawings (visual works),"Heavily stylized colored markers illustrate a voluptuous woman in a white dress with blue flowers, her hair tied in a red bandana, bent almost 90 degrees over her son, a chubby boy in baggy trousers, as he hugs her legs and cries. There is a bangle around the woman's ankle. She is clearly comforting","American University in Cairo, Egypt",https://digitalcollections.aucegypt.edu/digital/collection/p15795coll40/id/296/,"http://digitalcollections.aucegypt.edu/iiif/2/p15795coll40:296/full/730,/0/default.jpg",margo_data/images/0296.jpg,"{""title"": ""Tantrum"", ""titlea"": ""نوبة غضب"", ""titleb"": ""Colère"", ""creata"": ""Margo Veillon"", ""creato"": ""Egyptian-Swiss"", ""descri"": ""Heavily stylized colored markers illustrate a voluptuous woman in a white dress with blue flowers, her hair tied in a red bandana, bent almost 90 degrees over her son, a chubby boy in baggy trousers, as he hugs her legs and cries. There is a bangle around the woman's ankle. She is clearly comforting her son but there is a slightly annoyed look on her face. The colors used in this illustration are white, black, red, and blue."", ""descra"": ""Margo Veillon"", ""locati"": ""American University in Cairo, Egypt"", ""covera"": ""Markers color on paper"", ""artwor"": ""41.5 cm x 58.2 cm"", ""medium"": ""drawings (visual works)"", ""type"": ""pen and ink drawings"", ""format"": ""Expressionist (style)"", ""collec"": ""Margo Veillon Art Collection"", ""source"": ""American University in Cairo"", ""licens"": ""Copyright the American University in Cairo"", ""rights"": ""To inquire about rights and permissions, contact the Rare Books and Special Collections Library, The American University in Cairo at +20.2.2615.3676 or rbscl-ref@aucegypt.edu."", ""google-site-verification"": ""UA-49762962-1"", ""viewport"": ""width=device-width, initial-scale=1.0"", ""og:title"": ""Tantrum"", ""og:description"": ""Heavily stylized colored markers illustrate a voluptuous woman in a white dress with blue flowers, her hair tied in a red bandana, bent almost 90 degrees over her son, a chubby boy in baggy trousers, as he hugs her legs and cries. There is a bangle around the woman's ankle. She is clearly comforting her son but there is a slightly annoyed look on her face. The colors used in this illustration are white, black, red, and blue."", ""og:image"": ""http://digitalcollections.aucegypt.edu/iiif/2/p15795coll40:296/full/730,/0/default.jpg"", ""og:url"": ""https://digitalcollections.aucegypt.edu/digital/collection/p15795coll40/id/296/"", ""og:type"": ""website""}"
297,Pistachio princess,Margo Veillon,,Margo Veillon Art Collection,watercolor on paper,watercolors (paintings),drawings (visual works),A watercolor drawing of an elegant woman. She is dressed in a pistachio green shawl that is draped lightly on her shoulders. She has at least 5 different layers of similar shades of green and orange necklaces. She has a long neck and high cheekbones. She is facing the right and her hair is pulled ba,"American University in Cairo, Egypt",https://digitalcollections.aucegypt.edu/digital/collection/p15795coll40/id/297/,"http://digitalcollections.aucegypt.edu/iiif/2/p15795coll40:297/full/730,/0/default.jpg",margo_data/images/0297.jpg,"{""title"": ""Pistachio princess"", ""titlea"": ""أميرة الفستق"", ""titleb"": ""Princesse Pistache"", ""creata"": ""Margo Veillon"", ""creato"": ""Egyptian-Swiss"", ""descri"": ""A watercolor drawing of an elegant woman. She is dressed in a pistachio green shawl that is draped lightly on her shoulders. She has at least 5 different layers of similar shades of green and orange necklaces. She has a long neck and high cheekbones. She is facing the right and her hair is pulled back in an elegant bun. She has wide doe eyes and pursed lips."", ""locati"": ""American University in Cairo, Egypt"", ""covera"": ""watercolor on paper"", ""artwor"": ""41.5 cm x 60.5 cm"", ""medium"": ""drawings (visual works)"", ""type"": ""watercolors (paintings)"", ""format"": ""Expressionist (style)"", ""collec"": ""Margo Veillon Art Collection"", ""source"": ""American University in Cairo"", ""licens"": ""Copyright the American University in Cairo"", ""rights"": ""To inquire about rights and permissions, contact the Rare Books and Special Collections Library, The American University in Cairo at +20.2.2615.3676 or rbscl-ref@aucegypt.edu."", ""google-site-verification"": ""UA-49762962-1"", ""viewport"": ""width=device-width, initial-scale=1.0"", ""og:title"": ""Pistachio princess"", ""og:description"": ""A watercolor drawing of an elegant woman. She is dressed in a pistachio green shawl that is draped lightly on her shoulders. She has at least 5 different layers of similar shades of green and orange necklaces. She has a long neck and high cheekbones. She is facing the right and her hair is pulled back in an elegant bun. She has wide doe eyes and pursed lips."", ""og:image"": ""http://digitalcollections.aucegypt.edu/iiif/2/p15795coll40:297/full/730,/0/default.jpg"", ""og:url"": ""https://digitalcollections.aucegypt.edu/digital/collection/p15795coll40/id/297/"", ""og:type"": ""website""}"
298,Big eyes portrait,Margo Veillon,,Margo Veillon Art Collection,charcoal on paper,charcoal drawings,drawings (visual works),A charcoal portrait of a woman from the bust upwards. Her hair is tied in an updo and she is staring at an indeterminate point in the distance. Her eyes are large and wide and seem to be staring in two opposite directions. She has a facial expression that looks vaguely strained like she is annoyed b,"American University in Cairo, Egypt",https://digitalcollections.aucegypt.edu/digital/collection/p15795coll40/id/298/,"http://digitalcollections.aucegypt.edu/iiif/2/p15795coll40:298/full/730,/0/default.jpg",margo_data/images/0298.jpg,"{""title"": ""Big eyes portrait"", ""titlea"": ""عيون كبيرة بورتريه"", ""titleb"": ""Portrait de grands yeux"", ""creata"": ""Margo Veillon"", ""creato"": ""Egyptian-Swiss"", ""descri"": ""A charcoal portrait of a woman from the bust upwards. Her hair is tied in an updo and she is staring at an indeterminate point in the distance. Her eyes are large and wide and seem to be staring in two opposite directions. She has a facial expression that looks vaguely strained like she is annoyed but trying not to show it. She is wearing a necklace with a large circular pendant."", ""descra"": ""1977, Margo Veillon"", ""locati"": ""American University in Cairo, Egypt"", ""covera"": ""charcoal on paper"", ""artwor"": ""57.6 cm x 38.5 cm"", ""medium"": ""drawings (visual works)"", ""type"": ""charcoal drawings"", ""format"": ""Expressionist (style)"", ""collec"": ""Margo Veillon Art Collection"", ""source"": ""American University in Cairo"", ""licens"": ""Copyright the American University in Cairo"", ""rights"": ""To inquire about rights and permissions, contact the Rare Books and Special Collections Library, The American University in Cairo at +20.2.2615.3676 or rbscl-ref@aucegypt.edu."", ""google-site-verification"": ""UA-49762962-1"", ""viewport"": ""width=device-width, initial-scale=1.0"", ""og:title"": ""Big eyes portrait"", ""og:description"": ""A charcoal portrait of a woman from the bust upwards. Her hair is tied in an updo and she is staring at an indeterminate point in the distance. Her eyes are large and wide and seem to be staring in two opposite directions. She has a facial expression that looks vaguely strained like she is annoyed but trying not to show it. She is wearing a necklace with a large circular pendant."", ""og:image"": ""http://digitalcollections.aucegypt.edu/iiif/2/p15795coll40:298/full/730,/0/default.jpg"", ""og:url"": ""https://digitalcollections.aucegypt.edu/digital/collection/p15795coll40/id/298/"", ""og:type"": ""website""}"
299,Angular macho man,Margo Veillon,,Margo Veillon Art Collection,charcoal on paper,charcoal drawings,drawings (visual works),"A sharp charcoal face portrait of a man wish sharp and peculiar features. He is facing the right and lifting his right eyebrow. His nose has a bump and is angular in shape. He has a thick moustache that dips down his smile lines. He also has a very pointed cleft chin, and small pursed lips.","American University in Cairo, Egypt",https://digitalcollections.aucegypt.edu/digital/collection/p15795coll40/id/299/,"http://digitalcollections.aucegypt.edu/iiif/2/p15795coll40:299/full/730,/0/default.jpg",margo_data/images/0299.jpg,"{""title"": ""Angular macho man"", ""titlea"": ""رجل مفتول العضلات"", ""titleb"": ""Homme macho angulaire"", ""creata"": ""Margo Veillon"", ""creato"": ""Egyptian-Swiss"", ""descri"": ""A sharp charcoal face portrait of a man wish sharp and peculiar features. He is facing the right and lifting his right eyebrow. His nose has a bump and is angular in shape. He has a thick moustache that dips down his smile lines. He also has a very pointed cleft chin, and small pursed lips."", ""descra"": ""Margo Veillon"", ""locati"": ""American University in Cairo, Egypt"", ""covera"": ""charcoal on paper"", ""artwor"": ""28.5 cm x 59 cm"", ""medium"": ""drawings (visual works)"", ""type"": ""charcoal drawings"", ""format"": ""Expressionist (style)"", ""collec"": ""Margo Veillon Art Collection"", ""source"": ""American University in Cairo"", ""licens"": ""Copyright the American University in Cairo"", ""rights"": ""To inquire about rights and permissions, contact the Rare Books and Special Collections Library, The American University in Cairo at +20.2.2615.3676 or rbscl-ref@aucegypt.edu."", ""google-site-verification"": ""UA-49762962-1"", ""viewport"": ""width=device-width, initial-scale=1.0"", ""og:title"": ""Angular macho man"", ""og:description"": ""A sharp charcoal face portrait of a man wish sharp and peculiar features. He is facing the right and lifting his right eyebrow. His nose has a bump and is angular in shape. He has a thick moustache that dips down his smile lines. He also has a very pointed cleft chin, and small pursed lips."", ""og:image"": ""http://digitalcollections.aucegypt.edu/iiif/2/p15795coll40:299/full/730,/0/default.jpg"", ""og:url"": ""https://digitalcollections.aucegypt.edu/digital/collection/p15795coll40/id/299/"", ""og:type"": ""website""}"
300,Smug woman,Margo Veillon,,Margo Veillon Art Collection,pastels on paper,pastels (visual works),drawings (visual works),"Two rough black pastel color portraits of the same woman. Her hair is tied in a knot above her head, and she has large, wide, expressive eyes, a long nose, and full lips. She has dangling earrings that end with a ball in each earring. In the portrait on the left, she is leaning slightly forward, eng","American University in Cairo, Egypt",https://digitalcollections.aucegypt.edu/digital/collection/p15795coll40/id/300/,"http://digitalcollections.aucegypt.edu/iiif/2/p15795coll40:300/full/730,/0/default.jpg",margo_data/images/0300.jpg,"{""title"": ""Smug woman"", ""titlea"": ""امرأة متعجرفة"", ""titleb"": ""Femme suffisante"", ""creata"": ""Margo Veillon"", ""creato"": ""Egyptian-Swiss"", ""descri"": ""Two rough black pastel color portraits of the same woman. Her hair is tied in a knot above her head, and she has large, wide, expressive eyes, a long nose, and full lips. She has dangling earrings that end with a ball in each earring. In the portrait on the left, she is leaning slightly forward, engaged in conversation. In the second portrait, she is more dignified, looking to her left with an absent looks in her eyes and smiling a bit smugly."", ""descra"": ""1983, Margo Veillon"", ""locati"": ""American University in Cairo, Egypt"", ""covera"": ""pastels on paper"", ""artwor"": ""70 cm x 55.7 cm"", ""medium"": ""drawings (visual works)"", ""type"": ""pastels (visual works)"", ""format"": ""Expressionist (style)"", ""collec"": ""Margo Veillon Art Collection"", ""source"": ""American University in Cairo"", ""licens"": ""Copyright the American University in Cairo"", ""rights"": ""To inquire about rights and permissions, contact the Rare Books and Special Collections Library, The American University in Cairo at +20.2.2615.3676 or rbscl-ref@aucegypt.edu."", ""google-site-verification"": ""UA-49762962-1"", ""viewport"": ""width=device-width, initial-scale=1.0"", ""og:title"": ""Smug woman"", ""og:description"": ""Two rough black pastel color portraits of the same woman. Her hair is tied in a knot above her head, and she has large, wide, expressive eyes, a long nose, and full lips. She has dangling earrings that end with a ball in each earring. In the portrait on the left, she is leaning slightly forward, engaged in conversation. In the second portrait, she is more dignified, looking to her left with an absent looks in her eyes and smiling a bit smugly."", ""og:image"": ""http://digitalcollections.aucegypt.edu/iiif/2/p15795coll40:300/full/730,/0/default.jpg"", ""og:url"": ""https://digitalcollections.aucegypt.edu/digital/collection/p15795coll40/id/300/"", ""og:type"": ""website""}"
301,Touching skin,Margo Veillon,,Margo Veillon Art Collection,pastels on paper,pastels (visual works),drawings (visual works),"Stylized portrait of a woman seemingly looking in an off-view mirror, her head turned slightly to her left, her right arm touching her cheek thoughtfully. She has large, dark, almond-shaped eyes and a large hooked nose. Her hair is shoulder-length and slightly disheveled. Her clothes are unclear but","American University in Cairo, Egypt",https://digitalcollections.aucegypt.edu/digital/collection/p15795coll40/id/301/,"http://digitalcollections.aucegypt.edu/iiif/2/p15795coll40:301/full/730,/0/default.jpg",margo_data/images/0301.jpg,"{""title"": ""Touching skin"", ""titlea"": ""لمس الجلد"", ""titleb"": ""Toucher la peau"", ""creata"": ""Margo Veillon"", ""creato"": ""Egyptian-Swiss"", ""descri"": ""Stylized portrait of a woman seemingly looking in an off-view mirror, her head turned slightly to her left, her right arm touching her cheek thoughtfully. She has large, dark, almond-shaped eyes and a large hooked nose. Her hair is shoulder-length and slightly disheveled. Her clothes are unclear but there are some splashes of red throughout the portrait."", ""descra"": ""1990, Margo Veillon"", ""locati"": ""American University in Cairo, Egypt"", ""covera"": ""pastels on paper"", ""artwor"": ""64.5 cm x 51.2 cm"", ""medium"": ""drawings (visual works)"", ""type"": ""pastels (visual works)"", ""format"": ""Expressionist (style)"", ""collec"": ""Margo Veillon Art Collection"", ""source"": ""American University in Cairo"", ""licens"": ""Copyright the American University in Cairo"", ""rights"": ""To inquire about rights and permissions, contact the Rare Books and Special Collections Library, The American University in Cairo at +20.2.2615.3676 or rbscl-ref@aucegypt.edu."", ""google-site-verification"": ""UA-49762962-1"", ""viewport"": ""width=device-width, initial-scale=1.0"", ""og:title"": ""Touching skin"", ""og:description"": ""Stylized portrait of a woman seemingly looking in an off-view mirror, her head turned slightly to her left, her right arm touching her cheek thoughtfully. She has large, dark, almond-shaped eyes and a large hooked nose. Her hair is shoulder-length and slightly disheveled. Her clothes are unclear but there are some splashes of red throughout the portrait."", ""og:image"": ""http://digitalcollections.aucegypt.edu/iiif/2/p15795coll40:301/full/730,/0/default.jpg"", ""og:url"": ""https://digitalcollections.aucegypt.edu/digital/collection/p15795coll40/id/301/"", ""og:type"": ""website""}"
302,Glasses woman,Margo Veillon,,Margo Veillon Art Collection,pastels on paper,pastels (visual works),drawings (visual works),"Colored pastels portrait of a woman looking wryly at something beyond the drawing. She has short, choppily cut hair, large round glasses, and big, light colored eyes. Her nose is long, and her face is heart-shaped. She is wearing a baggy striped sweater, and is leaning with her arm on her right leg,","American University in Cairo, Egypt",https://digitalcollections.aucegypt.edu/digital/collection/p15795coll40/id/302/,"http://digitalcollections.aucegypt.edu/iiif/2/p15795coll40:302/full/730,/0/default.jpg",margo_data/images/0302.jpg,"{""title"": ""Glasses woman"", ""titlea"": ""نظارات امرأة"", ""titleb"": ""Lunettes Femme"", ""creata"": ""Margo Veillon"", ""creato"": ""Egyptian-Swiss"", ""descri"": ""Colored pastels portrait of a woman looking wryly at something beyond the drawing. She has short, choppily cut hair, large round glasses, and big, light colored eyes. Her nose is long, and her face is heart-shaped. She is wearing a baggy striped sweater, and is leaning with her arm on her right leg, her right arm holding her knee. There is a brown scribbled background behind her."", ""descra"": ""1979, Margo Veillon"", ""locati"": ""American University in Cairo, Egypt"", ""covera"": ""pastels on paper"", ""artwor"": ""43.7 cm x 64.2 cm"", ""medium"": ""drawings (visual works)"", ""type"": ""pastels (visual works)"", ""format"": ""Expressionist (style)"", ""collec"": ""Margo Veillon Art Collection"", ""source"": ""American University in Cairo"", ""licens"": ""Copyright the American University in Cairo"", ""rights"": ""To inquire about rights and permissions, contact the Rare Books and Special Collections Library, The American University in Cairo at +20.2.2615.3676 or rbscl-ref@aucegypt.edu."", ""google-site-verification"": ""UA-49762962-1"", ""viewport"": ""width=device-width, initial-scale=1.0"", ""og:title"": ""Glasses woman"", ""og:description"": ""Colored pastels portrait of a woman looking wryly at something beyond the drawing. She has short, choppily cut hair, large round glasses, and big, light colored eyes. Her nose is long, and her face is heart-shaped. She is wearing a baggy striped sweater, and is leaning with her arm on her right leg, her right arm holding her knee. There is a brown scribbled background behind her."", ""og:image"": ""http://digitalcollections.aucegypt.edu/iiif/2/p15795coll40:302/full/730,/0/default.jpg"", ""og:url"": ""https://digitalcollections.aucegypt.edu/digital/collection/p15795coll40/id/302/"", ""og:type"": ""website""}"
303,Pipe smoker,Margo Veillon,,Margo Veillon Art Collection,charcoal on paper,charcoal drawings,drawings (visual works),"Two charcoal portraits of the same man, who is smoking a pipe. His dark hair is receding, giving him a wide forehead. He has dark eyebrows and large, light-colored eyes, with a strong nose and a mustache. In the portrait on the left, he is looking to his right, holding the pipe to his mouth, with a ","American University in Cairo, Egypt",https://digitalcollections.aucegypt.edu/digital/collection/p15795coll40/id/303/,"http://digitalcollections.aucegypt.edu/iiif/2/p15795coll40:303/full/730,/0/default.jpg",margo_data/images/0303.jpg,"{""title"": ""Pipe smoker"", ""titlea"": ""مدخن البايب"", ""titleb"": ""Pipe-Fumeur"", ""creata"": ""Margo Veillon"", ""creato"": ""Egyptian-Swiss"", ""descri"": ""Two charcoal portraits of the same man, who is smoking a pipe. His dark hair is receding, giving him a wide forehead. He has dark eyebrows and large, light-colored eyes, with a strong nose and a mustache. In the portrait on the left, he is looking to his right, holding the pipe to his mouth, with a thoughtful expression, wearing a high-collared shirt. The portrait on the right seems to have been drawn from another angle, catching him in a frontal view. His expression is much more melancholy and somber and the pipe is rendered in much more detail."", ""descra"": ""Margo Veillon"", ""locati"": ""American University in Cairo, Egypt"", ""covera"": ""charcoal on paper"", ""artwor"": ""63.7 cm x 48 cm"", ""medium"": ""drawings (visual works)"", ""type"": ""charcoal drawings"", ""format"": ""Expressionist (style)"", ""collec"": ""Margo Veillon Art Collection"", ""source"": ""American University in Cairo"", ""licens"": ""Copyright the American University in Cairo"", ""rights"": ""To inquire about rights and permissions, contact the Rare Books and Special Collections Library, The American University in Cairo at +20.2.2615.3676 or rbscl-ref@aucegypt.edu."", ""google-site-verification"": ""UA-49762962-1"", ""viewport"": ""width=device-width, initial-scale=1.0"", ""og:title"": ""Pipe smoker"", ""og:description"": ""Two charcoal portraits of the same man, who is smoking a pipe. His dark hair is receding, giving him a wide forehead. He has dark eyebrows and large, light-colored eyes, with a strong nose and a mustache. In the portrait on the left, he is looking to his right, holding the pipe to his mouth, with a thoughtful expression, wearing a high-collared shirt. The portrait on the right seems to have been drawn from another angle, catching him in a frontal view. His expression is much more melancholy and somber and the pipe is rendered in much more detail."", ""og:image"": ""http://digitalcollections.aucegypt.edu/iiif/2/p15795coll40:303/full/730,/0/default.jpg"", ""og:url"": ""https://digitalcollections.aucegypt.edu/digital/collection/p15795coll40/id/303/"", ""og:type"": ""website""}"
304,Haughty man,Margo Veillon,,Margo Veillon Art Collection,charcoal on paper,charcoal drawings,drawings (visual works),"Two charcoal portraits of a haughty young man. He has a square face, with heavy-lidded eyes, dark, well-groomed eyebrows, and a deep frown. His hair is short and well-kept. In the portrait on the left, he is looking to the side with a disapproving, haughty expression on his face, his neck curving el","American University in Cairo, Egypt",https://digitalcollections.aucegypt.edu/digital/collection/p15795coll40/id/304/,"http://digitalcollections.aucegypt.edu/iiif/2/p15795coll40:304/full/730,/0/default.jpg",margo_data/images/0304.jpg,"{""title"": ""Haughty man"", ""titlea"": ""رجل متغطرس"", ""titleb"": ""Homme hautain"", ""creata"": ""Margo Veillon"", ""creato"": ""Egyptian-Swiss"", ""descri"": ""Two charcoal portraits of a haughty young man. He has a square face, with heavy-lidded eyes, dark, well-groomed eyebrows, and a deep frown. His hair is short and well-kept. In the portrait on the left, he is looking to the side with a disapproving, haughty expression on his face, his neck curving elegantly. In the portrait on the right, his eyes have closed considerably and he is looking slightly upwards, seemingly more disgusted than before."", ""descra"": ""Margo Veillon"", ""locati"": ""American University in Cairo, Egypt"", ""covera"": ""charcoal on paper"", ""artwor"": ""63.7 cm x 48.3 cm"", ""medium"": ""drawings (visual works)"", ""type"": ""charcoal drawings"", ""format"": ""Expressionist (style)"", ""collec"": ""Margo Veillon Art Collection"", ""source"": ""American University in Cairo"", ""licens"": ""Copyright the American University in Cairo"", ""rights"": ""To inquire about rights and permissions, contact the Rare Books and Special Collections Library, The American University in Cairo at +20.2.2615.3676 or rbscl-ref@aucegypt.edu."", ""google-site-verification"": ""UA-49762962-1"", ""viewport"": ""width=device-width, initial-scale=1.0"", ""og:title"": ""Haughty man"", ""og:description"": ""Two charcoal portraits of a haughty young man. He has a square face, with heavy-lidded eyes, dark, well-groomed eyebrows, and a deep frown. His hair is short and well-kept. In the portrait on the left, he is looking to the side with a disapproving, haughty expression on his face, his neck curving elegantly. In the portrait on the right, his eyes have closed considerably and he is looking slightly upwards, seemingly more disgusted than before."", ""og:image"": ""http://digitalcollections.aucegypt.edu/iiif/2/p15795coll40:304/full/730,/0/default.jpg"", ""og:url"": ""https://digitalcollections.aucegypt.edu/digital/collection/p15795coll40/id/304/"", ""og:type"": ""website""}"
305,Study of friend,Margo Veillon,,Margo Veillon Art Collection,watercolor and charcoal on paper,charcoal drawings,mixed media works,"Two portrait studies using various mediums of the same person. In the portrait on the left, the subject is looking to his right, downwards, with a thoughtful expression. He is rendered in detail using charcoal, and he has thick, dark hair, a rugged nose, dark eyelashes, and full lips. The portrait o","American University in Cairo, Egypt",https://digitalcollections.aucegypt.edu/digital/collection/p15795coll40/id/305/,"http://digitalcollections.aucegypt.edu/iiif/2/p15795coll40:305/full/730,/0/default.jpg",margo_data/images/0305.jpg,"{""title"": ""Study of friend"", ""titlea"": ""دراسة صديق"", ""titleb"": ""Étude d'un ami"", ""creata"": ""Margo Veillon"", ""creato"": ""Egyptian-Swiss"", ""descri"": ""Two portrait studies using various mediums of the same person. In the portrait on the left, the subject is looking to his right, downwards, with a thoughtful expression. He is rendered in detail using charcoal, and he has thick, dark hair, a rugged nose, dark eyelashes, and full lips. The portrait on the left is much more casual and stylized. In it, the man is looking directly at the viewer, sketched with pencil and smiling, the planes of his face colored with watercolor."", ""descra"": ""1970, Margo Veillon"", ""locati"": ""American University in Cairo, Egypt"", ""covera"": ""watercolor and charcoal on paper"", ""artwor"": ""49.7 cm x 70 cm"", ""medium"": ""mixed media works"", ""type"": ""charcoal drawings"", ""format"": ""Expressionist (style)"", ""collec"": ""Margo Veillon Art Collection"", ""source"": ""American University in Cairo"", ""licens"": ""Copyright the American University in Cairo"", ""rights"": ""To inquire about rights and permissions, contact the Rare Books and Special Collections Library, The American University in Cairo at +20.2.2615.3676 or rbscl-ref@aucegypt.edu."", ""google-site-verification"": ""UA-49762962-1"", ""viewport"": ""width=device-width, initial-scale=1.0"", ""og:title"": ""Study of friend"", ""og:description"": ""Two portrait studies using various mediums of the same person. In the portrait on the left, the subject is looking to his right, downwards, with a thoughtful expression. He is rendered in detail using charcoal, and he has thick, dark hair, a rugged nose, dark eyelashes, and full lips. The portrait on the left is much more casual and stylized. In it, the man is looking directly at the viewer, sketched with pencil and smiling, the planes of his face colored with watercolor."", ""og:image"": ""http://digitalcollections.aucegypt.edu/iiif/2/p15795coll40:305/full/730,/0/default.jpg"", ""og:url"": ""https://digitalcollections.aucegypt.edu/digital/collection/p15795coll40/id/305/"", ""og:type"": ""website""}"
306,Surprised young woman,Margo Veillon,,Margo Veillon Art Collection,watercolor on paper,watercolors (paintings),drawings (visual works),"A portrait of a young woman done with watercolor using the pointillism technique. The young woman has a long, angular face, with large, expressive blue eyes and a mouth twisted in an expression of surprise. She has well-kept shoulder-length brown hair and is wearing a dark shirt. While her face is c","American University in Cairo, Egypt",https://digitalcollections.aucegypt.edu/digital/collection/p15795coll40/id/306/,"http://digitalcollections.aucegypt.edu/iiif/2/p15795coll40:306/full/730,/0/default.jpg",margo_data/images/0306.jpg,"{""title"": ""Surprised young woman"", ""titlea"": ""شابة مندهشة"", ""titleb"": ""Jeune femme surprise"", ""creata"": ""Margo Veillon"", ""creato"": ""Egyptian-Swiss"", ""descri"": ""A portrait of a young woman done with watercolor using the pointillism technique. The young woman has a long, angular face, with large, expressive blue eyes and a mouth twisted in an expression of surprise. She has well-kept shoulder-length brown hair and is wearing a dark shirt. While her face is colored using pointillism, her hair and clothes are colored using large, rough strokes of the paintbrush."", ""locati"": ""American University in Cairo, Egypt"", ""covera"": ""watercolor on paper"", ""artwor"": ""41 cm x 51.2 cm"", ""medium"": ""drawings (visual works)"", ""type"": ""watercolors (paintings)"", ""format"": ""Expressionist (style)"", ""collec"": ""Margo Veillon Art Collection"", ""source"": ""American University in Cairo"", ""licens"": ""Copyright the American University in Cairo"", ""rights"": ""To inquire about rights and permissions, contact the Rare Books and Special Collections Library, The American University in Cairo at +20.2.2615.3676 or rbscl-ref@aucegypt.edu."", ""google-site-verification"": ""UA-49762962-1"", ""viewport"": ""width=device-width, initial-scale=1.0"", ""og:title"": ""Surprised young woman"", ""og:description"": ""A portrait of a young woman done with watercolor using the pointillism technique. The young woman has a long, angular face, with large, expressive blue eyes and a mouth twisted in an expression of surprise. She has well-kept shoulder-length brown hair and is wearing a dark shirt. While her face is colored using pointillism, her hair and clothes are colored using large, rough strokes of the paintbrush."", ""og:image"": ""http://digitalcollections.aucegypt.edu/iiif/2/p15795coll40:306/full/730,/0/default.jpg"", ""og:url"": ""https://digitalcollections.aucegypt.edu/digital/collection/p15795coll40/id/306/"", ""og:type"": ""website""}"
307,Golden collar,Margo Veillon,,Margo Veillon Art Collection,watercolor on paper,watercolors (paintings),drawings (visual works),"Watercolor portrait of a pretty woman of African descent. She has a circular face, with small, dark eyes and full lips, her hair underneath a black veil. She seems serious. She is wearing a large and distinctive necklace made of gold. Her skin is light to medium brown. The portrait is rendered in a ","American University in Cairo, Egypt",https://digitalcollections.aucegypt.edu/digital/collection/p15795coll40/id/307/,"http://digitalcollections.aucegypt.edu/iiif/2/p15795coll40:307/full/730,/0/default.jpg",margo_data/images/0307.jpg,"{""title"": ""Golden collar"", ""titlea"": ""الياقة الذهبية"", ""titleb"": ""Collier doré"", ""creata"": ""Margo Veillon"", ""creato"": ""Egyptian-Swiss"", ""descri"": ""Watercolor portrait of a pretty woman of African descent. She has a circular face, with small, dark eyes and full lips, her hair underneath a black veil. She seems serious. She is wearing a large and distinctive necklace made of gold. Her skin is light to medium brown. The portrait is rendered in a sort of impressionist style."", ""locati"": ""American University in Cairo, Egypt"", ""covera"": ""watercolor on paper"", ""artwor"": ""56.7 cm x 43.5 cm"", ""medium"": ""drawings (visual works)"", ""type"": ""watercolors (paintings)"", ""format"": ""Expressionist (style)"", ""collec"": ""Margo Veillon Art Collection"", ""source"": ""American University in Cairo"", ""licens"": ""Copyright the American University in Cairo"", ""rights"": ""To inquire about rights and permissions, contact the Rare Books and Special Collections Library, The American University in Cairo at +20.2.2615.3676 or rbscl-ref@aucegypt.edu."", ""google-site-verification"": ""UA-49762962-1"", ""viewport"": ""width=device-width, initial-scale=1.0"", ""og:title"": ""Golden collar"", ""og:description"": ""Watercolor portrait of a pretty woman of African descent. She has a circular face, with small, dark eyes and full lips, her hair underneath a black veil. She seems serious. She is wearing a large and distinctive necklace made of gold. Her skin is light to medium brown. The portrait is rendered in a sort of impressionist style."", ""og:image"": ""http://digitalcollections.aucegypt.edu/iiif/2/p15795coll40:307/full/730,/0/default.jpg"", ""og:url"": ""https://digitalcollections.aucegypt.edu/digital/collection/p15795coll40/id/307/"", ""og:type"": ""website""}"
308,Red haired woman,Margo Veillon,,Margo Veillon Art Collection,oil on cardboard,oil paintings (visual works),paintings (visual works),"Up-close stylized oil portrait of a woman looking at a point beyond the viewer. The woman has light skin, very thin eyebrows, and very large grayish-blue eyes. Her nose is rugged and she has full lips. Her eyes turn up at the corners, cat-like. She has curly auburn hair and is wearing a dark turtlen","American University in Cairo, Egypt",https://digitalcollections.aucegypt.edu/digital/collection/p15795coll40/id/308/,"http://digitalcollections.aucegypt.edu/iiif/2/p15795coll40:308/full/730,/0/default.jpg",margo_data/images/0308.jpg,"{""title"": ""Red haired woman"", ""titlea"": ""امرأة ذات الشعر الأحمر"", ""titleb"": ""Femme aux cheveux rouges"", ""creata"": ""Margo Veillon"", ""creato"": ""Egyptian-Swiss"", ""descri"": ""Up-close stylized oil portrait of a woman looking at a point beyond the viewer. The woman has light skin, very thin eyebrows, and very large grayish-blue eyes. Her nose is rugged and she has full lips. Her eyes turn up at the corners, cat-like. She has curly auburn hair and is wearing a dark turtleneck. Her gaze seems lost in thought and worried."", ""descra"": ""Margo Veillon"", ""locati"": ""American University in Cairo, Egypt"", ""covera"": ""oil on cardboard"", ""artwor"": ""29 cm x 25.8 cm"", ""medium"": ""paintings (visual works)"", ""type"": ""oil paintings (visual works)"", ""format"": ""Expressionist (style)"", ""collec"": ""Margo Veillon Art Collection"", ""source"": ""American University in Cairo"", ""licens"": ""Copyright the American University in Cairo"", ""rights"": ""To inquire about rights and permissions, contact the Rare Books and Special Collections Library, The American University in Cairo at +20.2.2615.3676 or rbscl-ref@aucegypt.edu."", ""google-site-verification"": ""UA-49762962-1"", ""viewport"": ""width=device-width, initial-scale=1.0"", ""og:title"": ""Red haired woman"", ""og:description"": ""Up-close stylized oil portrait of a woman looking at a point beyond the viewer. The woman has light skin, very thin eyebrows, and very large grayish-blue eyes. Her nose is rugged and she has full lips. Her eyes turn up at the corners, cat-like. She has curly auburn hair and is wearing a dark turtleneck. Her gaze seems lost in thought and worried."", ""og:image"": ""http://digitalcollections.aucegypt.edu/iiif/2/p15795coll40:308/full/730,/0/default.jpg"", ""og:url"": ""https://digitalcollections.aucegypt.edu/digital/collection/p15795coll40/id/308/"", ""og:type"": ""website""}"
309,Teatime daydreaming,Margo Veillon,,Margo Veillon Art Collection,oil on cardboard,oil paintings (visual works),paintings (visual works),Oil portrait of a woman with red hair and large blue eyes leaning forward and drinking tea. She has a playful expression on her face as she looks to the sky and smiles like she is daydreaming. Her clothes are blue and the background behind her is a dark brown.,"American University in Cairo, Egypt",https://digitalcollections.aucegypt.edu/digital/collection/p15795coll40/id/309/,"http://digitalcollections.aucegypt.edu/iiif/2/p15795coll40:309/full/730,/0/default.jpg",margo_data/images/0309.jpg,"{""title"": ""Teatime daydreaming"", ""titlea"": ""خيالية في وقت الشاي"", ""titleb"": ""Rêverie à l'heure du thé"", ""creata"": ""Margo Veillon"", ""creato"": ""Egyptian-Swiss"", ""descri"": ""Oil portrait of a woman with red hair and large blue eyes leaning forward and drinking tea. She has a playful expression on her face as she looks to the sky and smiles like she is daydreaming. Her clothes are blue and the background behind her is a dark brown."", ""locati"": ""American University in Cairo, Egypt"", ""covera"": ""oil on cardboard"", ""artwor"": ""29.6 cm x 35 cm"", ""medium"": ""paintings (visual works)"", ""type"": ""oil paintings (visual works)"", ""format"": ""Expressionist (style)"", ""collec"": ""Margo Veillon Art Collection"", ""source"": ""American University in Cairo"", ""licens"": ""Copyright the American University in Cairo"", ""rights"": ""To inquire about rights and permissions, contact the Rare Books and Special Collections Library, The American University in Cairo at +20.2.2615.3676 or rbscl-ref@aucegypt.edu."", ""google-site-verification"": ""UA-49762962-1"", ""viewport"": ""width=device-width, initial-scale=1.0"", ""og:title"": ""Teatime daydreaming"", ""og:description"": ""Oil portrait of a woman with red hair and large blue eyes leaning forward and drinking tea. She has a playful expression on her face as she looks to the sky and smiles like she is daydreaming. Her clothes are blue and the background behind her is a dark brown."", ""og:image"": ""http://digitalcollections.aucegypt.edu/iiif/2/p15795coll40:309/full/730,/0/default.jpg"", ""og:url"": ""https://digitalcollections.aucegypt.edu/digital/collection/p15795coll40/id/309/"", ""og:type"": ""website""}"
310,Professor,Margo Veillon,,Margo Veillon Art Collection,oil on cardboard,oil paintings (visual works),paintings (visual works),"Detailed oil portrait of a middle-aged man. His dark hair is receding, which gives him a very wide forehead. His skin is light brown. He is wearing glasses with thick black frames, and he has dark eyes and a broad, strong nose, with some slight facial hair. He is dressed in a brown jacket, underneat","American University in Cairo, Egypt",https://digitalcollections.aucegypt.edu/digital/collection/p15795coll40/id/310/,"http://digitalcollections.aucegypt.edu/iiif/2/p15795coll40:310/full/730,/0/default.jpg",margo_data/images/0310.jpg,"{""title"": ""Professor"", ""titlea"": ""الأستاذ"", ""titleb"": ""Le professeur"", ""creata"": ""Margo Veillon"", ""creato"": ""Egyptian-Swiss"", ""descri"": ""Detailed oil portrait of a middle-aged man. His dark hair is receding, which gives him a very wide forehead. His skin is light brown. He is wearing glasses with thick black frames, and he has dark eyes and a broad, strong nose, with some slight facial hair. He is dressed in a brown jacket, underneath which is a brick-red sweater over a yellow dress shirt. He is smoking a pipe, looking thoughtfully at the viewer as he leans back slightly in his chair. The background behind him is light blue."", ""locati"": ""American University in Cairo, Egypt"", ""covera"": ""oil on cardboard"", ""artwor"": ""49.7 cm x 70 cm"", ""medium"": ""paintings (visual works)"", ""type"": ""oil paintings (visual works)"", ""format"": ""Expressionist (style)"", ""collec"": ""Margo Veillon Art Collection"", ""source"": ""American University in Cairo"", ""licens"": ""Copyright the American University in Cairo"", ""rights"": ""To inquire about rights and permissions, contact the Rare Books and Special Collections Library, The American University in Cairo at +20.2.2615.3676 or rbscl-ref@aucegypt.edu."", ""google-site-verification"": ""UA-49762962-1"", ""viewport"": ""width=device-width, initial-scale=1.0"", ""og:title"": ""Professor"", ""og:description"": ""Detailed oil portrait of a middle-aged man. His dark hair is receding, which gives him a very wide forehead. His skin is light brown. He is wearing glasses with thick black frames, and he has dark eyes and a broad, strong nose, with some slight facial hair. He is dressed in a brown jacket, underneath which is a brick-red sweater over a yellow dress shirt. He is smoking a pipe, looking thoughtfully at the viewer as he leans back slightly in his chair. The background behind him is light blue."", ""og:image"": ""http://digitalcollections.aucegypt.edu/iiif/2/p15795coll40:310/full/730,/0/default.jpg"", ""og:url"": ""https://digitalcollections.aucegypt.edu/digital/collection/p15795coll40/id/310/"", ""og:type"": ""website""}"
311,Left handed painter,Margo Veillon,,Margo Veillon Art Collection,oil on canvas,oil paintings (visual works),paintings (visual works),"Stylized oil portrait of a man in what seems to be a painting workshop. He is sitting on a blue wooden chair, over a yellow cushion, his posture straight as he paints on the canvas propped up on the easel before him. He is dressed in a white shirt, dark slacks, and black dress shoes. He has dark hai","American University in Cairo, Egypt",https://digitalcollections.aucegypt.edu/digital/collection/p15795coll40/id/311/,"http://digitalcollections.aucegypt.edu/iiif/2/p15795coll40:311/full/730,/0/default.jpg",margo_data/images/0311.jpg,"{""title"": ""Left handed painter"", ""titlea"": ""رسام أعسر"", ""titleb"": ""Peintre gaucher"", ""creata"": ""Margo Veillon"", ""creato"": ""Egyptian-Swiss"", ""descri"": ""Stylized oil portrait of a man in what seems to be a painting workshop. He is sitting on a blue wooden chair, over a yellow cushion, his posture straight as he paints on the canvas propped up on the easel before him. He is dressed in a white shirt, dark slacks, and black dress shoes. He has dark hair, but his other facial features are unclear. The workshop is crowded with a bookshelf, some paintings, and other knick knacks around. Behind the subject, opposite to the viewer, is a portrait of the painter himself."", ""descra"": ""Margo Veillon, 1988"", ""locati"": ""American University in Cairo, Egypt"", ""covera"": ""oil on canvas"", ""artwor"": ""80.7 cm x 44.5 cm"", ""medium"": ""paintings (visual works)"", ""type"": ""oil paintings (visual works)"", ""format"": ""Expressionist (style)"", ""collec"": ""Margo Veillon Art Collection"", ""source"": ""American University in Cairo"", ""licens"": ""Copyright the American University in Cairo"", ""rights"": ""To inquire about rights and permissions, contact the Rare Books and Special Collections Library, The American University in Cairo at +20.2.2615.3676 or rbscl-ref@aucegypt.edu."", ""google-site-verification"": ""UA-49762962-1"", ""viewport"": ""width=device-width, initial-scale=1.0"", ""og:title"": ""Left handed painter"", ""og:description"": ""Stylized oil portrait of a man in what seems to be a painting workshop. He is sitting on a blue wooden chair, over a yellow cushion, his posture straight as he paints on the canvas propped up on the easel before him. He is dressed in a white shirt, dark slacks, and black dress shoes. He has dark hair, but his other facial features are unclear. The workshop is crowded with a bookshelf, some paintings, and other knick knacks around. Behind the subject, opposite to the viewer, is a portrait of the painter himself."", ""og:image"": ""http://digitalcollections.aucegypt.edu/iiif/2/p15795coll40:311/full/730,/0/default.jpg"", ""og:url"": ""https://digitalcollections.aucegypt.edu/digital/collection/p15795coll40/id/311/"", ""og:type"": ""website""}"
312,Blue shawl,Margo Veillon,,Margo Veillon Art Collection,watercolor and pastels on paper,watercolors (paintings),mixed media works,"Stylized mixed-media portrait of a woman sitting on some rocks, looking directly at the viewer. She seems to be middle-aged or older, wearing a white turban. Her eyes are large, and she is gesturing to something in the distance with her left arm. A bright blue shawl is wrapped around her torso. She ","American University in Cairo, Egypt",https://digitalcollections.aucegypt.edu/digital/collection/p15795coll40/id/312/,"http://digitalcollections.aucegypt.edu/iiif/2/p15795coll40:312/full/730,/0/default.jpg",margo_data/images/0312.jpg,"{""title"": ""Blue shawl"", ""titlea"": ""شال أزرق"", ""titleb"": ""Châle bleu"", ""creata"": ""Margo Veillon"", ""creato"": ""Egyptian-Swiss"", ""descri"": ""Stylized mixed-media portrait of a woman sitting on some rocks, looking directly at the viewer. She seems to be middle-aged or older, wearing a white turban. Her eyes are large, and she is gesturing to something in the distance with her left arm. A bright blue shawl is wrapped around her torso. She is wearing baggy blue pants that are tucked into her yellow, high-heeled boots."", ""descra"": ""Margo Veillon"", ""locati"": ""American University in Cairo, Egypt"", ""covera"": ""watercolor and pastels on paper"", ""artwor"": ""68.5 cm x 50 cm"", ""medium"": ""mixed media works"", ""type"": ""watercolors (paintings)"", ""format"": ""Expressionist (style)"", ""collec"": ""Margo Veillon Art Collection"", ""source"": ""American University in Cairo"", ""licens"": ""Copyright the American University in Cairo"", ""rights"": ""To inquire about rights and permissions, contact the Rare Books and Special Collections Library, The American University in Cairo at +20.2.2615.3676 or rbscl-ref@aucegypt.edu."", ""google-site-verification"": ""UA-49762962-1"", ""viewport"": ""width=device-width, initial-scale=1.0"", ""og:title"": ""Blue shawl"", ""og:description"": ""Stylized mixed-media portrait of a woman sitting on some rocks, looking directly at the viewer. She seems to be middle-aged or older, wearing a white turban. Her eyes are large, and she is gesturing to something in the distance with her left arm. A bright blue shawl is wrapped around her torso. She is wearing baggy blue pants that are tucked into her yellow, high-heeled boots."", ""og:image"": ""http://digitalcollections.aucegypt.edu/iiif/2/p15795coll40:312/full/730,/0/default.jpg"", ""og:url"": ""https://digitalcollections.aucegypt.edu/digital/collection/p15795coll40/id/312/"", ""og:type"": ""website""}"
313,Domesticity,Margo Veillon,,Margo Veillon Art Collection,watercolor on paper,watercolors (paintings),drawings (visual works),"Extremely stylized illustration of a familial scene. There is a large red dining table, atop which is several items like vases, plates, baskets, and jars. On the left, there is a striped yellow and white armchair, on which is a woman who is smiling as she reclines backwards contentedly. There are tw","American University in Cairo, Egypt",https://digitalcollections.aucegypt.edu/digital/collection/p15795coll40/id/313/,"http://digitalcollections.aucegypt.edu/iiif/2/p15795coll40:313/full/730,/0/default.jpg",margo_data/images/0313.jpg,"{""title"": ""Domesticity"", ""titlea"": ""ألفة"", ""titleb"": ""La domesticité"", ""creata"": ""Margo Veillon"", ""creato"": ""Egyptian-Swiss"", ""descri"": ""Extremely stylized illustration of a familial scene. There is a large red dining table, atop which is several items like vases, plates, baskets, and jars. On the left, there is a striped yellow and white armchair, on which is a woman who is smiling as she reclines backwards contentedly. There are two fluffy cats looking hungrily at the things on the dining table. Behind them, there is a couch or chair on which a person is also relaxing, with their right arm above their abdomen. Sitting at the dinner table is a tall, bespectacled man, who is engrossed in reading the newspaper. Behind him, there seem to be various knick knacks, such as a violin. The illustration is done in watercolor."", ""descra"": ""Margo Veillon, 1952"", ""locati"": ""American University in Cairo, Egypt"", ""covera"": ""watercolor on paper"", ""artwor"": ""67.6 cm x 49 cm"", ""medium"": ""drawings (visual works)"", ""type"": ""watercolors (paintings)"", ""format"": ""Impressionist (style)"", ""collec"": ""Margo Veillon Art Collection"", ""source"": ""American University in Cairo"", ""licens"": ""Copyright the American University in Cairo"", ""rights"": ""To inquire about rights and permissions, contact the Rare Books and Special Collections Library, The American University in Cairo at +20.2.2615.3676 or rbscl-ref@aucegypt.edu."", ""google-site-verification"": ""UA-49762962-1"", ""viewport"": ""width=device-width, initial-scale=1.0"", ""og:title"": ""Domesticity"", ""og:description"": ""Extremely stylized illustration of a familial scene. There is a large red dining table, atop which is several items like vases, plates, baskets, and jars. On the left, there is a striped yellow and white armchair, on which is a woman who is smiling as she reclines backwards contentedly. There are two fluffy cats looking hungrily at the things on the dining table. Behind them, there is a couch or chair on which a person is also relaxing, with their right arm above their abdomen. Sitting at the dinner table is a tall, bespectacled man, who is engrossed in reading the newspaper. Behind him, there seem to be various knick knacks, such as a violin. The illustration is done in watercolor."", ""og:image"": ""http://digitalcollections.aucegypt.edu/iiif/2/p15795coll40:313/full/730,/0/default.jpg"", ""og:url"": ""https://digitalcollections.aucegypt.edu/digital/collection/p15795coll40/id/313/"", ""og:type"": ""website""}"
314,Reclining on chair,Margo Veillon,,Margo Veillon Art Collection,pastels on paper,pastels (visual works),drawings (visual works),"Charcoal and oil pastel portrait of a woman reclining backward on a wooden chair, leaning her head on her right hand. She is wearing a loose, blue, sleeveless blouse with buttons going down the middle and a black skirt underneath. She has long dark hair and bangs and is smiling at something absently","American University in Cairo, Egypt",https://digitalcollections.aucegypt.edu/digital/collection/p15795coll40/id/314/,"http://digitalcollections.aucegypt.edu/iiif/2/p15795coll40:314/full/730,/0/default.jpg",margo_data/images/0314.jpg,"{""title"": ""Reclining on chair"", ""titlea"": ""مستلق على الكرسي"", ""titleb"": ""Allongé sur la chaise"", ""creata"": ""Margo Veillon"", ""creato"": ""Egyptian-Swiss"", ""descri"": ""Charcoal and oil pastel portrait of a woman reclining backward on a wooden chair, leaning her head on her right hand. She is wearing a loose, blue, sleeveless blouse with buttons going down the middle and a black skirt underneath. She has long dark hair and bangs and is smiling at something absently in the distance. The portrait is done very roughly."", ""descra"": ""Margo Veillon, 1986"", ""locati"": ""American University in Cairo, Egypt"", ""covera"": ""pastels on paper"", ""artwor"": ""72.9 cm x 65.5 cm"", ""medium"": ""drawings (visual works)"", ""type"": ""pastels (visual works)"", ""format"": ""Expressionist (style)"", ""collec"": ""Margo Veillon Art Collection"", ""source"": ""American University in Cairo"", ""licens"": ""Copyright the American University in Cairo"", ""rights"": ""To inquire about rights and permissions, contact the Rare Books and Special Collections Library, The American University in Cairo at +20.2.2615.3676 or rbscl-ref@aucegypt.edu."", ""google-site-verification"": ""UA-49762962-1"", ""viewport"": ""width=device-width, initial-scale=1.0"", ""og:title"": ""Reclining on chair"", ""og:description"": ""Charcoal and oil pastel portrait of a woman reclining backward on a wooden chair, leaning her head on her right hand. She is wearing a loose, blue, sleeveless blouse with buttons going down the middle and a black skirt underneath. She has long dark hair and bangs and is smiling at something absently in the distance. The portrait is done very roughly."", ""og:image"": ""http://digitalcollections.aucegypt.edu/iiif/2/p15795coll40:314/full/730,/0/default.jpg"", ""og:url"": ""https://digitalcollections.aucegypt.edu/digital/collection/p15795coll40/id/314/"", ""og:type"": ""website""}"
315,Comparing tools,Margo Veillon,,Margo Veillon Art Collection,watercolor on paper,watercolors (paintings),mixed media works,"Watercolor portrait of a man with dark hair and a mustache. He has a long, angular face, hooded eyes, and a long, straight nose. He has a serious, forlorn expression on his face as he holds two tools in his hands; he seems to be comparing them. He is wearing a dark blazer.","American University in Cairo, Egypt",https://digitalcollections.aucegypt.edu/digital/collection/p15795coll40/id/315/,"http://digitalcollections.aucegypt.edu/iiif/2/p15795coll40:315/full/730,/0/default.jpg",margo_data/images/0315.jpg,"{""title"": ""Comparing tools"", ""titlea"": ""أدوات المقارنة"", ""titleb"": ""Outils de comparaison"", ""creata"": ""Margo Veillon"", ""creato"": ""Egyptian-Swiss"", ""descri"": ""Watercolor portrait of a man with dark hair and a mustache. He has a long, angular face, hooded eyes, and a long, straight nose. He has a serious, forlorn expression on his face as he holds two tools in his hands; he seems to be comparing them. He is wearing a dark blazer."", ""locati"": ""American University in Cairo, Egypt"", ""covera"": ""watercolor on paper"", ""artwor"": ""82.5 cm x 60 cm"", ""medium"": ""mixed media works"", ""type"": ""watercolors (paintings)"", ""format"": ""Expressionist (style)"", ""collec"": ""Margo Veillon Art Collection"", ""source"": ""American University in Cairo"", ""licens"": ""Copyright the American University in Cairo"", ""rights"": ""To inquire about rights and permissions, contact the Rare Books and Special Collections Library, The American University in Cairo at +20.2.2615.3676 or rbscl-ref@aucegypt.edu."", ""google-site-verification"": ""UA-49762962-1"", ""viewport"": ""width=device-width, initial-scale=1.0"", ""og:title"": ""Comparing tools"", ""og:description"": ""Watercolor portrait of a man with dark hair and a mustache. He has a long, angular face, hooded eyes, and a long, straight nose. He has a serious, forlorn expression on his face as he holds two tools in his hands; he seems to be comparing them. He is wearing a dark blazer."", ""og:image"": ""http://digitalcollections.aucegypt.edu/iiif/2/p15795coll40:315/full/730,/0/default.jpg"", ""og:url"": ""https://digitalcollections.aucegypt.edu/digital/collection/p15795coll40/id/315/"", ""og:type"": ""website""}"
316,Looking at easel,Margo Veillon,,Margo Veillon Art Collection,pastels and charcoal on paper,pastels (visual works),mixed media works,"oil pastels and charcoal portrait of a man sitting on a chair, holding a paintbrush and starring intently at the easel in front of him. He seems to be middle-aged, with short-cropped dark hair. He is wearing a white shirt with criss-crossing black lines and a blue smock, with red pants. His face is ","American University in Cairo, Egypt",https://digitalcollections.aucegypt.edu/digital/collection/p15795coll40/id/316/,"http://digitalcollections.aucegypt.edu/iiif/2/p15795coll40:316/full/730,/0/default.jpg",margo_data/images/0316.jpg,"{""title"": ""Looking at easel"", ""titlea"": ""انظر إلى الحامل"", ""titleb"": ""Regarder le chevalet"", ""creata"": ""Margo Veillon"", ""creato"": ""Egyptian-Swiss"", ""descri"": ""oil pastels and charcoal portrait of a man sitting on a chair, holding a paintbrush and starring intently at the easel in front of him. He seems to be middle-aged, with short-cropped dark hair. He is wearing a white shirt with criss-crossing black lines and a blue smock, with red pants. His face is rendered in a lot of detail, but not the rest of his body, which is very roughly sketched."", ""descra"": ""1985, Margo Veillon XII"", ""locati"": ""American University in Cairo, Egypt"", ""covera"": ""pastels and charcoal on paper"", ""artwor"": ""87.7 cm x 66.5 cm"", ""medium"": ""mixed media works"", ""type"": ""pastels (visual works)"", ""format"": ""Expressionist (style)"", ""collec"": ""Margo Veillon Art Collection"", ""source"": ""American University in Cairo"", ""licens"": ""Copyright the American University in Cairo"", ""rights"": ""To inquire about rights and permissions, contact the Rare Books and Special Collections Library, The American University in Cairo at +20.2.2615.3676 or rbscl-ref@aucegypt.edu."", ""google-site-verification"": ""UA-49762962-1"", ""viewport"": ""width=device-width, initial-scale=1.0"", ""og:title"": ""Looking at easel"", ""og:description"": ""oil pastels and charcoal portrait of a man sitting on a chair, holding a paintbrush and starring intently at the easel in front of him. He seems to be middle-aged, with short-cropped dark hair. He is wearing a white shirt with criss-crossing black lines and a blue smock, with red pants. His face is rendered in a lot of detail, but not the rest of his body, which is very roughly sketched."", ""og:image"": ""http://digitalcollections.aucegypt.edu/iiif/2/p15795coll40:316/full/730,/0/default.jpg"", ""og:url"": ""https://digitalcollections.aucegypt.edu/digital/collection/p15795coll40/id/316/"", ""og:type"": ""website""}"
317,Pretty writer,Margo Veillon,,Margo Veillon Art Collection,pastels on paper,pastels (visual works),drawings (visual works),"Colored pastels sketch of a woman with long brown hair sitting at a round red table, dressed in a shapeless grayish-green garment. Her left hand is raised, holding a wine glass, and her right hand is occupied with writing something on the paper before her. Besides the paper, there is also a bottle o","American University in Cairo, Egypt",https://digitalcollections.aucegypt.edu/digital/collection/p15795coll40/id/317/,"http://digitalcollections.aucegypt.edu/iiif/2/p15795coll40:317/full/730,/0/default.jpg",margo_data/images/0317.jpg,"{""title"": ""Pretty writer"", ""titlea"": ""الكاتب الجميل"", ""titleb"": ""La jolie écrivaine"", ""creata"": ""Margo Veillon"", ""creato"": ""Egyptian-Swiss"", ""descri"": ""Colored pastels sketch of a woman with long brown hair sitting at a round red table, dressed in a shapeless grayish-green garment. Her left hand is raised, holding a wine glass, and her right hand is occupied with writing something on the paper before her. Besides the paper, there is also a bottle of wine and another wine glass, filled, on the table. There is a small smile on the woman's face as she writes."", ""descra"": ""Margo Veillon, 198"", ""locati"": ""American University in Cairo, Egypt"", ""covera"": ""pastels on paper"", ""artwor"": ""88.8 cm x 64.4 cm"", ""medium"": ""drawings (visual works)"", ""type"": ""pastels (visual works)"", ""format"": ""Expressionist (style)"", ""collec"": ""Margo Veillon Art Collection"", ""source"": ""American University in Cairo"", ""licens"": ""Copyright the American University in Cairo"", ""rights"": ""To inquire about rights and permissions, contact the Rare Books and Special Collections Library, The American University in Cairo at +20.2.2615.3676 or rbscl-ref@aucegypt.edu."", ""google-site-verification"": ""UA-49762962-1"", ""viewport"": ""width=device-width, initial-scale=1.0"", ""og:title"": ""Pretty writer"", ""og:description"": ""Colored pastels sketch of a woman with long brown hair sitting at a round red table, dressed in a shapeless grayish-green garment. Her left hand is raised, holding a wine glass, and her right hand is occupied with writing something on the paper before her. Besides the paper, there is also a bottle of wine and another wine glass, filled, on the table. There is a small smile on the woman's face as she writes."", ""og:image"": ""http://digitalcollections.aucegypt.edu/iiif/2/p15795coll40:317/full/730,/0/default.jpg"", ""og:url"": ""https://digitalcollections.aucegypt.edu/digital/collection/p15795coll40/id/317/"", ""og:type"": ""website""}"
318,Woman with red hat,Margo Veillon,,Margo Veillon Art Collection,pastels on paper,pastels (visual works),paintings (visual works),"Oil pastel portrait of a woman in a low-cut, long-sleeved, tight black dress, looking forward, away from viewer. Her hands, with the nails painted red, are resting politely on her knees. She has long blond hair in a ponytail resting over her left shoulder. She is wearing a large, distinctive red hat","American University in Cairo, Egypt",https://digitalcollections.aucegypt.edu/digital/collection/p15795coll40/id/318/,"http://digitalcollections.aucegypt.edu/iiif/2/p15795coll40:318/full/730,/0/default.jpg",margo_data/images/0318.jpg,"{""title"": ""Woman with red hat"", ""titlea"": ""امرأة ذات القبعة الحمراء"", ""titleb"": ""Femme au chapeau rouge"", ""creata"": ""Margo Veillon"", ""creato"": ""Egyptian-Swiss"", ""descri"": ""Oil pastel portrait of a woman in a low-cut, long-sleeved, tight black dress, looking forward, away from viewer. Her hands, with the nails painted red, are resting politely on her knees. She has long blond hair in a ponytail resting over her left shoulder. She is wearing a large, distinctive red hat. She has strong cheekbones and a large nose."", ""descra"": ""Margo Veillon"", ""locati"": ""American University in Cairo, Egypt"", ""covera"": ""pastels on paper"", ""artwor"": ""92.9 cm x 62 cm"", ""medium"": ""paintings (visual works)"", ""type"": ""pastels (visual works)"", ""format"": ""Expressionist (style)"", ""collec"": ""Margo Veillon Art Collection"", ""source"": ""American University in Cairo"", ""licens"": ""Copyright the American University in Cairo"", ""rights"": ""To inquire about rights and permissions, contact the Rare Books and Special Collections Library, The American University in Cairo at +20.2.2615.3676 or rbscl-ref@aucegypt.edu."", ""google-site-verification"": ""UA-49762962-1"", ""viewport"": ""width=device-width, initial-scale=1.0"", ""og:title"": ""Woman with red hat"", ""og:description"": ""Oil pastel portrait of a woman in a low-cut, long-sleeved, tight black dress, looking forward, away from viewer. Her hands, with the nails painted red, are resting politely on her knees. She has long blond hair in a ponytail resting over her left shoulder. She is wearing a large, distinctive red hat. She has strong cheekbones and a large nose."", ""og:image"": ""http://digitalcollections.aucegypt.edu/iiif/2/p15795coll40:318/full/730,/0/default.jpg"", ""og:url"": ""https://digitalcollections.aucegypt.edu/digital/collection/p15795coll40/id/318/"", ""og:type"": ""website""}"
319,Black hat yellow chair,Margo Veillon,,Margo Veillon Art Collection,pastels on paper,pastels (visual works),drawings (visual works),"Pencil and oil pastel portrait of a man sitting in a yellow chair. He has a long face with a large nose and is wearing a small black hat, an orange sweater, and jeans. His left arm is resting on the armrest, but his right is on his legs. He is smiling, and looking at a point beyond the viewer.","American University in Cairo, Egypt",https://digitalcollections.aucegypt.edu/digital/collection/p15795coll40/id/319/,"http://digitalcollections.aucegypt.edu/iiif/2/p15795coll40:319/full/730,/0/default.jpg",margo_data/images/0319.jpg,"{""title"": ""Black hat yellow chair"", ""titlea"": ""القبعة السوداء كرسي أصفر"", ""titleb"": ""Chapeau noir chaise jaune"", ""creata"": ""Margo Veillon"", ""creato"": ""Egyptian-Swiss"", ""descri"": ""Pencil and oil pastel portrait of a man sitting in a yellow chair. He has a long face with a large nose and is wearing a small black hat, an orange sweater, and jeans. His left arm is resting on the armrest, but his right is on his legs. He is smiling, and looking at a point beyond the viewer."", ""descra"": ""24/XI/82, Margo Veillon"", ""locati"": ""American University in Cairo, Egypt"", ""covera"": ""pastels on paper"", ""artwor"": ""58.5 cm x 84.5 cm"", ""medium"": ""drawings (visual works)"", ""type"": ""pastels (visual works)"", ""format"": ""Expressionist (style)"", ""collec"": ""Margo Veillon Art Collection"", ""source"": ""American University in Cairo"", ""licens"": ""Copyright the American University in Cairo"", ""rights"": ""To inquire about rights and permissions, contact the Rare Books and Special Collections Library, The American University in Cairo at +20.2.2615.3676 or rbscl-ref@aucegypt.edu."", ""google-site-verification"": ""UA-49762962-1"", ""viewport"": ""width=device-width, initial-scale=1.0"", ""og:title"": ""Black hat yellow chair"", ""og:description"": ""Pencil and oil pastel portrait of a man sitting in a yellow chair. He has a long face with a large nose and is wearing a small black hat, an orange sweater, and jeans. His left arm is resting on the armrest, but his right is on his legs. He is smiling, and looking at a point beyond the viewer."", ""og:image"": ""http://digitalcollections.aucegypt.edu/iiif/2/p15795coll40:319/full/730,/0/default.jpg"", ""og:url"": ""https://digitalcollections.aucegypt.edu/digital/collection/p15795coll40/id/319/"", ""og:type"": ""website""}"
320,Dark hair and eyes,Margo Veillon,,Margo Veillon Art Collection,charcoal on paper,charcoal drawings,drawings (visual works),"Detailed charcoal portrait of a woman looking directly at the viewer. She has shoulder-length dark hair. She has large, expressive, dark eyes and small, short eyebrows, a straight nose, and full lips, and she has a neutral, slightly wary expression on her face. She is wearing a frilly, collared whit","American University in Cairo, Egypt",https://digitalcollections.aucegypt.edu/digital/collection/p15795coll40/id/320/,"http://digitalcollections.aucegypt.edu/iiif/2/p15795coll40:320/full/730,/0/default.jpg",margo_data/images/0320.jpg,"{""title"": ""Dark hair and eyes"", ""titlea"": ""الشعر الداكن والعيون"", ""titleb"": ""Cheveux et yeux foncés"", ""creata"": ""Margo Veillon"", ""creato"": ""Egyptian-Swiss"", ""descri"": ""Detailed charcoal portrait of a woman looking directly at the viewer. She has shoulder-length dark hair. She has large, expressive, dark eyes and small, short eyebrows, a straight nose, and full lips, and she has a neutral, slightly wary expression on her face. She is wearing a frilly, collared white shirt underneath a cardigan."", ""descra"": ""1990, Margo Veillon"", ""locati"": ""American University in Cairo, Egypt"", ""covera"": ""charcoal on paper"", ""artwor"": ""73.7 cm x 52.5 cm"", ""medium"": ""drawings (visual works)"", ""type"": ""charcoal drawings"", ""format"": ""Expressionist (style)"", ""collec"": ""Margo Veillon Art Collection"", ""source"": ""American University in Cairo"", ""licens"": ""Copyright the American University in Cairo"", ""rights"": ""To inquire about rights and permissions, contact the Rare Books and Special Collections Library, The American University in Cairo at +20.2.2615.3676 or rbscl-ref@aucegypt.edu."", ""google-site-verification"": ""UA-49762962-1"", ""viewport"": ""width=device-width, initial-scale=1.0"", ""og:title"": ""Dark hair and eyes"", ""og:description"": ""Detailed charcoal portrait of a woman looking directly at the viewer. She has shoulder-length dark hair. She has large, expressive, dark eyes and small, short eyebrows, a straight nose, and full lips, and she has a neutral, slightly wary expression on her face. She is wearing a frilly, collared white shirt underneath a cardigan."", ""og:image"": ""http://digitalcollections.aucegypt.edu/iiif/2/p15795coll40:320/full/730,/0/default.jpg"", ""og:url"": ""https://digitalcollections.aucegypt.edu/digital/collection/p15795coll40/id/320/"", ""og:type"": ""website""}"
321,Sitting on floor,Margo Veillon,,Margo Veillon Art Collection,pasteis on paper,pastels (visual works),drawings (visual works),"A drawing of a woman sitting on the floor. Her right leg is flat against the floor, but her left is upright, with her left arm resting on the knee. She is leaning against the floor with her right palm flat against the floor. She seems to be tired but content; she has a tired smile on her face. She h","American University in Cairo, Egypt",https://digitalcollections.aucegypt.edu/digital/collection/p15795coll40/id/321/,"http://digitalcollections.aucegypt.edu/iiif/2/p15795coll40:321/full/730,/0/default.jpg",margo_data/images/0321.jpg,"{""title"": ""Sitting on floor"", ""titleb"": ""Assis sur le sol"", ""creata"": ""Margo Veillon"", ""creato"": ""Egyptian-Swiss"", ""descri"": ""A drawing of a woman sitting on the floor. Her right leg is flat against the floor, but her left is upright, with her left arm resting on the knee. She is leaning against the floor with her right palm flat against the floor. She seems to be tired but content; she has a tired smile on her face. She has short, curly auburn hair. She is wearing a low-cut, sleeveless black shirt and colorful patterned shorts, and is barefoot. Her shadow is drawn before her."", ""descra"": ""1985, Margo Veillon"", ""locati"": ""American University in Cairo, Egypt"", ""covera"": ""pasteis on paper"", ""artwor"": ""60.3 cm x 84 cm"", ""medium"": ""drawings (visual works)"", ""type"": ""pastels (visual works)"", ""format"": ""Expressionist (style)"", ""collec"": ""Margo Veillon Art Collection"", ""source"": ""American University in Cairo"", ""licens"": ""Copyright the American University in Cairo"", ""rights"": ""To inquire about rights and permissions, contact the Rare Books and Special Collections Library, The American University in Cairo at +20.2.2615.3676 or rbscl-ref@aucegypt.edu."", ""google-site-verification"": ""UA-49762962-1"", ""viewport"": ""width=device-width, initial-scale=1.0"", ""og:title"": ""Sitting on floor"", ""og:description"": ""A drawing of a woman sitting on the floor. Her right leg is flat against the floor, but her left is upright, with her left arm resting on the knee. She is leaning against the floor with her right palm flat against the floor. She seems to be tired but content; she has a tired smile on her face. She has short, curly auburn hair. She is wearing a low-cut, sleeveless black shirt and colorful patterned shorts, and is barefoot. Her shadow is drawn before her."", ""og:image"": ""http://digitalcollections.aucegypt.edu/iiif/2/p15795coll40:321/full/730,/0/default.jpg"", ""og:url"": ""https://digitalcollections.aucegypt.edu/digital/collection/p15795coll40/id/321/"", ""og:type"": ""website""}"
322,Exhausted,Margo Veillon,,Margo Veillon Art Collection,ink and pastels on paper,pen and ink drawings,mixed media works,"Very stylized illustration of a woman lying down on her left side, her left arm bent beneath her with her left hand buried in her long, straight brown hair. Her right arm is extended before her. She is wearing a long-sleeved blue dress. She has a sad, tired expression on her face. The drawing is don","American University in Cairo, Egypt",https://digitalcollections.aucegypt.edu/digital/collection/p15795coll40/id/322/,"http://digitalcollections.aucegypt.edu/iiif/2/p15795coll40:322/full/730,/0/default.jpg",margo_data/images/0322.jpg,"{""title"": ""Exhausted"", ""titlea"": ""مرهق"", ""titleb"": ""Épuisé"", ""creata"": ""Margo Veillon"", ""creato"": ""Egyptian-Swiss"", ""descri"": ""Very stylized illustration of a woman lying down on her left side, her left arm bent beneath her with her left hand buried in her long, straight brown hair. Her right arm is extended before her. She is wearing a long-sleeved blue dress. She has a sad, tired expression on her face. The drawing is done in ink and oil pastels."", ""descra"": ""1992 IX, Margo Veillon"", ""locati"": ""American University in Cairo, Egypt"", ""covera"": ""ink and pastels on paper"", ""artwor"": ""87.5 cm x 65 cm"", ""medium"": ""mixed media works"", ""type"": ""pen and ink drawings"", ""format"": ""Expressionist (style)"", ""collec"": ""Margo Veillon Art Collection"", ""source"": ""American University in Cairo"", ""licens"": ""Copyright the American University in Cairo"", ""rights"": ""To inquire about rights and permissions, contact the Rare Books and Special Collections Library, The American University in Cairo at +20.2.2615.3676 or rbscl-ref@aucegypt.edu."", ""google-site-verification"": ""UA-49762962-1"", ""viewport"": ""width=device-width, initial-scale=1.0"", ""og:title"": ""Exhausted"", ""og:description"": ""Very stylized illustration of a woman lying down on her left side, her left arm bent beneath her with her left hand buried in her long, straight brown hair. Her right arm is extended before her. She is wearing a long-sleeved blue dress. She has a sad, tired expression on her face. The drawing is done in ink and oil pastels."", ""og:image"": ""http://digitalcollections.aucegypt.edu/iiif/2/p15795coll40:322/full/730,/0/default.jpg"", ""og:url"": ""https://digitalcollections.aucegypt.edu/digital/collection/p15795coll40/id/322/"", ""og:type"": ""website""}"
323,Thinking carefully,Margo Veillon,,Margo Veillon Art Collection,ink and pastels on paper,pen and ink drawings,mixed media works,"Ink and oil pastel portrait of a woman with long, brown-blond hair, sitting and leaning forward on her knees as she looks to the right and thinks carefully about something. Her face is propped up on her left hand, and her left elbow is propped up against her legs. She is wearing a dark dress or blou","American University in Cairo, Egypt",https://digitalcollections.aucegypt.edu/digital/collection/p15795coll40/id/323/,"http://digitalcollections.aucegypt.edu/iiif/2/p15795coll40:323/full/730,/0/default.jpg",margo_data/images/0323.jpg,"{""title"": ""Thinking carefully"", ""titlea"": ""التفكير بعناية"", ""titleb"": ""Réfléchir soigneusement"", ""creata"": ""Margo Veillon"", ""creato"": ""Egyptian-Swiss"", ""descri"": ""Ink and oil pastel portrait of a woman with long, brown-blond hair, sitting and leaning forward on her knees as she looks to the right and thinks carefully about something. Her face is propped up on her left hand, and her left elbow is propped up against her legs. She is wearing a dark dress or blouse. There is a pensive frown on her face."", ""descra"": ""1992 IX, Margo Veillon"", ""locati"": ""American University in Cairo, Egypt"", ""covera"": ""ink and pastels on paper"", ""artwor"": ""93.5 cm x 60.5 cm"", ""medium"": ""mixed media works"", ""type"": ""pen and ink drawings"", ""format"": ""Expressionist (style)"", ""collec"": ""Margo Veillon Art Collection"", ""source"": ""American University in Cairo"", ""licens"": ""Copyright the American University in Cairo"", ""rights"": ""To inquire about rights and permissions, contact the Rare Books and Special Collections Library, The American University in Cairo at +20.2.2615.3676 or rbscl-ref@aucegypt.edu."", ""google-site-verification"": ""UA-49762962-1"", ""viewport"": ""width=device-width, initial-scale=1.0"", ""og:title"": ""Thinking carefully"", ""og:description"": ""Ink and oil pastel portrait of a woman with long, brown-blond hair, sitting and leaning forward on her knees as she looks to the right and thinks carefully about something. Her face is propped up on her left hand, and her left elbow is propped up against her legs. She is wearing a dark dress or blouse. There is a pensive frown on her face."", ""og:image"": ""http://digitalcollections.aucegypt.edu/iiif/2/p15795coll40:323/full/730,/0/default.jpg"", ""og:url"": ""https://digitalcollections.aucegypt.edu/digital/collection/p15795coll40/id/323/"", ""og:type"": ""website""}"
324,High cheekbones,Margo Veillon,,Margo Veillon Art Collection,pastels on paper,pastels (visual works),drawings (visual works),"Stylized oil pastels portrait of a woman with a very sad expression on her face. She is looking away from the viewer. She has a sort of heart-shaped face with high, large, distinctive cheekbones, which make her eyes look small and squinting in comparison. She also has a long, straight nose and lips ","American University in Cairo, Egypt",https://digitalcollections.aucegypt.edu/digital/collection/p15795coll40/id/324/,"http://digitalcollections.aucegypt.edu/iiif/2/p15795coll40:324/full/730,/0/default.jpg",margo_data/images/0324.jpg,"{""title"": ""High cheekbones"", ""titlea"": ""عظام فك عالية"", ""titleb"": ""Pommettes saillantes"", ""creata"": ""Margo Veillon"", ""creato"": ""Egyptian-Swiss"", ""descri"": ""Stylized oil pastels portrait of a woman with a very sad expression on her face. She is looking away from the viewer. She has a sort of heart-shaped face with high, large, distinctive cheekbones, which make her eyes look small and squinting in comparison. She also has a long, straight nose and lips contorted in a frown. Her hair is long and dark. She is wearing a dark turtleneck with her left hand on the table before her."", ""descra"": ""1986 II, Margo Veillon"", ""locati"": ""American University in Cairo, Egypt"", ""covera"": ""pastels on paper"", ""artwor"": ""83.5 cm x 57.5 cm"", ""medium"": ""drawings (visual works)"", ""type"": ""pastels (visual works)"", ""format"": ""Expressionist (style)"", ""collec"": ""Margo Veillon Art Collection"", ""source"": ""American University in Cairo"", ""licens"": ""Copyright the American University in Cairo"", ""rights"": ""To inquire about rights and permissions, contact the Rare Books and Special Collections Library, The American University in Cairo at +20.2.2615.3676 or rbscl-ref@aucegypt.edu."", ""google-site-verification"": ""UA-49762962-1"", ""viewport"": ""width=device-width, initial-scale=1.0"", ""og:title"": ""High cheekbones"", ""og:description"": ""Stylized oil pastels portrait of a woman with a very sad expression on her face. She is looking away from the viewer. She has a sort of heart-shaped face with high, large, distinctive cheekbones, which make her eyes look small and squinting in comparison. She also has a long, straight nose and lips contorted in a frown. Her hair is long and dark. She is wearing a dark turtleneck with her left hand on the table before her."", ""og:image"": ""http://digitalcollections.aucegypt.edu/iiif/2/p15795coll40:324/full/730,/0/default.jpg"", ""og:url"": ""https://digitalcollections.aucegypt.edu/digital/collection/p15795coll40/id/324/"", ""og:type"": ""website""}"
325,Stained glass windows,Margo Veillon,,Margo Veillon Art Collection,watercolor on paper,watercolors (paintings),paintings (visual works),"Two-point perspective drawing of the inside of a building. On each of the four visible walls, there is a large, arched, stained-glass window, rendered in bright watercolors. These windows depict pastoral scenes. The walls are brown. The light is then refracted brightly onto the floor.","American University in Cairo, Egypt",https://digitalcollections.aucegypt.edu/digital/collection/p15795coll40/id/325/,"http://digitalcollections.aucegypt.edu/iiif/2/p15795coll40:325/full/730,/0/default.jpg",margo_data/images/0325.jpg,"{""title"": ""Stained glass windows"", ""titlea"": ""شباك له زجاج ملون"", ""titleb"": ""Vitraux"", ""creata"": ""Margo Veillon"", ""creato"": ""Egyptian-Swiss"", ""descri"": ""Two-point perspective drawing of the inside of a building. On each of the four visible walls, there is a large, arched, stained-glass window, rendered in bright watercolors. These windows depict pastoral scenes. The walls are brown. The light is then refracted brightly onto the floor."", ""descra"": ""Margo Veillon"", ""locati"": ""American University in Cairo, Egypt"", ""covera"": ""watercolor on paper"", ""artwor"": ""47.5 cm x 66.7 cm"", ""medium"": ""paintings (visual works)"", ""type"": ""watercolors (paintings)"", ""format"": ""Impressionist (style)"", ""collec"": ""Margo Veillon Art Collection"", ""source"": ""American University in Cairo"", ""licens"": ""Copyright the American University in Cairo"", ""rights"": ""To inquire about rights and permissions, contact the Rare Books and Special Collections Library, The American University in Cairo at +20.2.2615.3676 or rbscl-ref@aucegypt.edu."", ""google-site-verification"": ""UA-49762962-1"", ""viewport"": ""width=device-width, initial-scale=1.0"", ""og:title"": ""Stained glass windows"", ""og:description"": ""Two-point perspective drawing of the inside of a building. On each of the four visible walls, there is a large, arched, stained-glass window, rendered in bright watercolors. These windows depict pastoral scenes. The walls are brown. The light is then refracted brightly onto the floor."", ""og:image"": ""http://digitalcollections.aucegypt.edu/iiif/2/p15795coll40:325/full/730,/0/default.jpg"", ""og:url"": ""https://digitalcollections.aucegypt.edu/digital/collection/p15795coll40/id/325/"", ""og:type"": ""website""}"
326,Old house,Margo Veillon,,Margo Veillon Art Collection,watercolor on paper,watercolors (paintings),paintings (visual works),"Beautiful drawing of an area of an old house, which is an open corridor framed with arching columns to the left, and a beautiful, brightly colored garden on the right. The composition is framed by a large, bent, old branch of a tree in the top of the painting. There is a small green bush in front of","American University in Cairo, Egypt",https://digitalcollections.aucegypt.edu/digital/collection/p15795coll40/id/326/,"http://digitalcollections.aucegypt.edu/iiif/2/p15795coll40:326/full/730,/0/default.jpg",margo_data/images/0326.jpg,"{""title"": ""Old house"", ""titlea"": ""البيت القديم"", ""titleb"": ""La vieille maison"", ""creata"": ""Margo Veillon"", ""creato"": ""Egyptian-Swiss"", ""descri"": ""Beautiful drawing of an area of an old house, which is an open corridor framed with arching columns to the left, and a beautiful, brightly colored garden on the right. The composition is framed by a large, bent, old branch of a tree in the top of the painting. There is a small green bush in front of the entrance to the corridor. The painting is done in watercolors."", ""descra"": ""1976, Margo Veillon"", ""locati"": ""American University in Cairo, Egypt"", ""covera"": ""watercolor on paper"", ""artwor"": ""67 cm x 48.3 cm"", ""medium"": ""paintings (visual works)"", ""type"": ""watercolors (paintings)"", ""format"": ""Impressionist (style)"", ""collec"": ""Margo Veillon Art Collection"", ""source"": ""American University in Cairo"", ""licens"": ""Copyright the American University in Cairo"", ""rights"": ""To inquire about rights and permissions, contact the Rare Books and Special Collections Library, The American University in Cairo at +20.2.2615.3676 or rbscl-ref@aucegypt.edu."", ""google-site-verification"": ""UA-49762962-1"", ""viewport"": ""width=device-width, initial-scale=1.0"", ""og:title"": ""Old house"", ""og:description"": ""Beautiful drawing of an area of an old house, which is an open corridor framed with arching columns to the left, and a beautiful, brightly colored garden on the right. The composition is framed by a large, bent, old branch of a tree in the top of the painting. There is a small green bush in front of the entrance to the corridor. The painting is done in watercolors."", ""og:image"": ""http://digitalcollections.aucegypt.edu/iiif/2/p15795coll40:326/full/730,/0/default.jpg"", ""og:url"": ""https://digitalcollections.aucegypt.edu/digital/collection/p15795coll40/id/326/"", ""og:type"": ""website""}"
327,Entrance to garden,Margo Veillon,,Margo Veillon Art Collection,watercolor on paper,watercolors (paintings),paintings (visual works),"Drawing of the house from the perspective of the garden. The garden is full of brightly colored plants and trees that are rendered in the impressionist style. The house itself has a large entrance, with an archway framed by two columns, that leads into the larger building. On the second story there ","American University in Cairo, Egypt",https://digitalcollections.aucegypt.edu/digital/collection/p15795coll40/id/327/,"http://digitalcollections.aucegypt.edu/iiif/2/p15795coll40:327/full/730,/0/default.jpg",margo_data/images/0327.jpg,"{""title"": ""Entrance to garden"", ""titlea"": ""مدخل الحديقة"", ""titleb"": ""L'entrée du jardin"", ""creata"": ""Margo Veillon"", ""creato"": ""Egyptian-Swiss"", ""descri"": ""Drawing of the house from the perspective of the garden. The garden is full of brightly colored plants and trees that are rendered in the impressionist style. The house itself has a large entrance, with an archway framed by two columns, that leads into the larger building. On the second story there is an identical structure, creating a balcony that overlooks the garden."", ""descra"": ""Margo Veillon"", ""locati"": ""American University in Cairo, Egypt"", ""covera"": ""watercolor on paper"", ""artwor"": ""48 cm x 67.5 cm"", ""medium"": ""paintings (visual works)"", ""type"": ""watercolors (paintings)"", ""format"": ""Impressionist (style)"", ""collec"": ""Margo Veillon Art Collection"", ""source"": ""American University in Cairo"", ""licens"": ""Copyright the American University in Cairo"", ""rights"": ""To inquire about rights and permissions, contact the Rare Books and Special Collections Library, The American University in Cairo at +20.2.2615.3676 or rbscl-ref@aucegypt.edu."", ""google-site-verification"": ""UA-49762962-1"", ""viewport"": ""width=device-width, initial-scale=1.0"", ""og:title"": ""Entrance to garden"", ""og:description"": ""Drawing of the house from the perspective of the garden. The garden is full of brightly colored plants and trees that are rendered in the impressionist style. The house itself has a large entrance, with an archway framed by two columns, that leads into the larger building. On the second story there is an identical structure, creating a balcony that overlooks the garden."", ""og:image"": ""http://digitalcollections.aucegypt.edu/iiif/2/p15795coll40:327/full/730,/0/default.jpg"", ""og:url"": ""https://digitalcollections.aucegypt.edu/digital/collection/p15795coll40/id/327/"", ""og:type"": ""website""}"
328,Peeker,Margo Veillon,,Margo Veillon Art Collection,charcoal on paper,charcoal drawings,drawings (visual works),"Charcoal sketch of an open window letting out into a lush garden. Just outside of the window, many leaves are brushing up against the windowpane, Inside, some flowers are sitting on the window sill. In the distance, the sun is a circle in the sky. In the bottom right corner of the window, a tiny eye","American University in Cairo, Egypt",https://digitalcollections.aucegypt.edu/digital/collection/p15795coll40/id/328/,"http://digitalcollections.aucegypt.edu/iiif/2/p15795coll40:328/full/730,/0/default.jpg",margo_data/images/0328.jpg,"{""title"": ""Peeker"", ""titlea"": ""الخاطف"", ""titleb"": ""Le regardeur"", ""creata"": ""Margo Veillon"", ""creato"": ""Egyptian-Swiss"", ""descri"": ""Charcoal sketch of an open window letting out into a lush garden. Just outside of the window, many leaves are brushing up against the windowpane, Inside, some flowers are sitting on the window sill. In the distance, the sun is a circle in the sky. In the bottom right corner of the window, a tiny eye, part of a face that is hidden behind the window, is staring directly at the viewer. It seems to be a child."", ""descra"": ""Margo Veillon"", ""locati"": ""American University in Cairo, Egypt"", ""covera"": ""charcoal on paper"", ""artwor"": ""69.7 cm x 44.7 cm"", ""medium"": ""drawings (visual works)"", ""type"": ""charcoal drawings"", ""format"": ""Abstract (modern European style)"", ""collec"": ""Margo Veillon Art Collection"", ""source"": ""American University in Cairo"", ""licens"": ""Copyright the American University in Cairo"", ""rights"": ""To inquire about rights and permissions, contact the Rare Books and Special Collections Library, The American University in Cairo at +20.2.2615.3676 or rbscl-ref@aucegypt.edu."", ""google-site-verification"": ""UA-49762962-1"", ""viewport"": ""width=device-width, initial-scale=1.0"", ""og:title"": ""Peeker"", ""og:description"": ""Charcoal sketch of an open window letting out into a lush garden. Just outside of the window, many leaves are brushing up against the windowpane, Inside, some flowers are sitting on the window sill. In the distance, the sun is a circle in the sky. In the bottom right corner of the window, a tiny eye, part of a face that is hidden behind the window, is staring directly at the viewer. It seems to be a child."", ""og:image"": ""http://digitalcollections.aucegypt.edu/iiif/2/p15795coll40:328/full/730,/0/default.jpg"", ""og:url"": ""https://digitalcollections.aucegypt.edu/digital/collection/p15795coll40/id/328/"", ""og:type"": ""website""}"
329,Gnarled tree,Margo Veillon,,Margo Veillon Art Collection,ink and watercolor on paper,pen and ink drawings,mixed media works,"A painting of a driveway leading to a pair of wooden gates. On the right of the driveway, it is overgrown with plants, most distinctly a small palm tree. Above it all grows a tall, old, gnarled tree, with coiling branches whose shape shows through the plentiful hanging leaves. The style is impressio","American University in Cairo, Egypt",https://digitalcollections.aucegypt.edu/digital/collection/p15795coll40/id/329/,"http://digitalcollections.aucegypt.edu/iiif/2/p15795coll40:329/full/730,/0/default.jpg",margo_data/images/0329.jpg,"{""title"": ""Gnarled tree"", ""titlea"": ""الشجرة العقدية"", ""titleb"": ""L'arbre noueux"", ""creata"": ""Margo Veillon"", ""creato"": ""Egyptian-Swiss"", ""descri"": ""A painting of a driveway leading to a pair of wooden gates. On the right of the driveway, it is overgrown with plants, most distinctly a small palm tree. Above it all grows a tall, old, gnarled tree, with coiling branches whose shape shows through the plentiful hanging leaves. The style is impressionistic."", ""locati"": ""American University in Cairo, Egypt"", ""covera"": ""ink and watercolor on paper"", ""artwor"": ""70 cm x 51 cm"", ""medium"": ""mixed media works"", ""type"": ""pen and ink drawings"", ""format"": ""Impressionist (style)"", ""collec"": ""Margo Veillon Art Collection"", ""source"": ""American University in Cairo"", ""licens"": ""Copyright the American University in Cairo"", ""rights"": ""To inquire about rights and permissions, contact the Rare Books and Special Collections Library, The American University in Cairo at +20.2.2615.3676 or rbscl-ref@aucegypt.edu."", ""google-site-verification"": ""UA-49762962-1"", ""viewport"": ""width=device-width, initial-scale=1.0"", ""og:title"": ""Gnarled tree"", ""og:description"": ""A painting of a driveway leading to a pair of wooden gates. On the right of the driveway, it is overgrown with plants, most distinctly a small palm tree. Above it all grows a tall, old, gnarled tree, with coiling branches whose shape shows through the plentiful hanging leaves. The style is impressionistic."", ""og:image"": ""http://digitalcollections.aucegypt.edu/iiif/2/p15795coll40:329/full/730,/0/default.jpg"", ""og:url"": ""https://digitalcollections.aucegypt.edu/digital/collection/p15795coll40/id/329/"", ""og:type"": ""website""}"
330,Villa garden,Margo Veillon,,Margo Veillon Art Collection,watercolor on paper,watercolors (paintings),paintings (visual works),"Watercolor aerial view of the courtyard of a villa. It is white with light blue accents, showing a corridor of doors and a stairwell heading to the ground. Eclipsing the villa is a huge, overgrown garden filled with many different multi colored plants, including several palm trees and a cactus. The ","American University in Cairo, Egypt",https://digitalcollections.aucegypt.edu/digital/collection/p15795coll40/id/330/,"http://digitalcollections.aucegypt.edu/iiif/2/p15795coll40:330/full/730,/0/default.jpg",margo_data/images/0330.jpg,"{""title"": ""Villa garden"", ""titlea"": ""حديقة الفيلا"", ""titleb"": ""Le Jardin de la Villa"", ""creata"": ""Margo Veillon"", ""creato"": ""Egyptian-Swiss"", ""descri"": ""Watercolor aerial view of the courtyard of a villa. It is white with light blue accents, showing a corridor of doors and a stairwell heading to the ground. Eclipsing the villa is a huge, overgrown garden filled with many different multi colored plants, including several palm trees and a cactus. The dense plant life extends beyond the villa as well."", ""locati"": ""American University in Cairo, Egypt"", ""covera"": ""watercolor on paper"", ""artwor"": ""74.7 cm x 54.6 cm"", ""medium"": ""paintings (visual works)"", ""type"": ""watercolors (paintings)"", ""format"": ""Impressionist (style)"", ""collec"": ""Margo Veillon Art Collection"", ""source"": ""American University in Cairo"", ""licens"": ""Copyright the American University in Cairo"", ""rights"": ""To inquire about rights and permissions, contact the Rare Books and Special Collections Library, The American University in Cairo at +20.2.2615.3676 or rbscl-ref@aucegypt.edu."", ""google-site-verification"": ""UA-49762962-1"", ""viewport"": ""width=device-width, initial-scale=1.0"", ""og:title"": ""Villa garden"", ""og:description"": ""Watercolor aerial view of the courtyard of a villa. It is white with light blue accents, showing a corridor of doors and a stairwell heading to the ground. Eclipsing the villa is a huge, overgrown garden filled with many different multi colored plants, including several palm trees and a cactus. The dense plant life extends beyond the villa as well."", ""og:image"": ""http://digitalcollections.aucegypt.edu/iiif/2/p15795coll40:330/full/730,/0/default.jpg"", ""og:url"": ""https://digitalcollections.aucegypt.edu/digital/collection/p15795coll40/id/330/"", ""og:type"": ""website""}"
331,In hammock,Margo Veillon,,Margo Veillon Art Collection,watercolor on paper,watercolors (paintings),paintings (visual works),"Watercolor sketch of the view from the wooden porch of a villa. There are two rectangular archways beside each other that let out into the garden, which is dense with trees and vegetation, so much so that the garden blocks the view of anything else. The garden is full of star-shaped palm trees among","American University in Cairo, Egypt",https://digitalcollections.aucegypt.edu/digital/collection/p15795coll40/id/331/,"http://digitalcollections.aucegypt.edu/iiif/2/p15795coll40:331/full/730,/0/default.jpg",margo_data/images/0331.jpg,"{""title"": ""In hammock"", ""titlea"": ""في أرجوحة شبكية"", ""titleb"": ""Dans un hamac"", ""creata"": ""Margo Veillon"", ""creato"": ""Egyptian-Swiss"", ""descri"": ""Watercolor sketch of the view from the wooden porch of a villa. There are two rectangular archways beside each other that let out into the garden, which is dense with trees and vegetation, so much so that the garden blocks the view of anything else. The garden is full of star-shaped palm trees among other indistinct leaves. The porch is cluttered with fallen wood. The view is distorted on the right and the left like it is being viewed through a fisheye lens."", ""descra"": ""Margo Veillon"", ""locati"": ""American University in Cairo, Egypt"", ""covera"": ""watercolor on paper"", ""artwor"": ""67.5 cm x 48.2 cm"", ""medium"": ""paintings (visual works)"", ""type"": ""watercolors (paintings)"", ""format"": ""Impressionist (style)"", ""collec"": ""Margo Veillon Art Collection"", ""source"": ""American University in Cairo"", ""licens"": ""Copyright the American University in Cairo"", ""rights"": ""To inquire about rights and permissions, contact the Rare Books and Special Collections Library, The American University in Cairo at +20.2.2615.3676 or rbscl-ref@aucegypt.edu."", ""google-site-verification"": ""UA-49762962-1"", ""viewport"": ""width=device-width, initial-scale=1.0"", ""og:title"": ""In hammock"", ""og:description"": ""Watercolor sketch of the view from the wooden porch of a villa. There are two rectangular archways beside each other that let out into the garden, which is dense with trees and vegetation, so much so that the garden blocks the view of anything else. The garden is full of star-shaped palm trees among other indistinct leaves. The porch is cluttered with fallen wood. The view is distorted on the right and the left like it is being viewed through a fisheye lens."", ""og:image"": ""http://digitalcollections.aucegypt.edu/iiif/2/p15795coll40:331/full/730,/0/default.jpg"", ""og:url"": ""https://digitalcollections.aucegypt.edu/digital/collection/p15795coll40/id/331/"", ""og:type"": ""website""}"
332,Geometric studio,Margo Veillon,,Margo Veillon Art Collection,oil on cardboard,oil paintings (visual works),paintings (visual works),"oil painting of a spacious artist's studio. The ground is brown, and the ceiling is wooden, with criss-crossing wooden beams. Across the room, there are two open doors, painted orange. In the middle of the room, there is a single wooden chair and a small work table that is cluttered with some books,","American University in Cairo, Egypt",https://digitalcollections.aucegypt.edu/digital/collection/p15795coll40/id/332/,"http://digitalcollections.aucegypt.edu/iiif/2/p15795coll40:332/full/730,/0/default.jpg",margo_data/images/0332.jpg,"{""title"": ""Geometric studio"", ""titlea"": ""استوديو هندسي"", ""titleb"": ""Un atelier géométrique"", ""creata"": ""Margo Veillon"", ""creato"": ""Egyptian-Swiss"", ""descri"": ""oil painting of a spacious artist's studio. The ground is brown, and the ceiling is wooden, with criss-crossing wooden beams. Across the room, there are two open doors, painted orange. In the middle of the room, there is a single wooden chair and a small work table that is cluttered with some books, papers, and supplies. On the right, there is a bench against the wall. There is a turquoise trapdoor in the floor on the left, and an open door, painted in splashes of white and black, right next to it. There is very loose perspective being applied, and the style is incredibly abstract and geometric, almost cubist."", ""locati"": ""American University in Cairo, Egypt"", ""covera"": ""oil on cardboard"", ""artwor"": ""68 cm x 50.5 cm"", ""medium"": ""paintings (visual works)"", ""type"": ""oil paintings (visual works)"", ""format"": ""Cubist"", ""collec"": ""Margo Veillon Art Collection"", ""source"": ""American University in Cairo"", ""licens"": ""Copyright the American University in Cairo"", ""rights"": ""To inquire about rights and permissions, contact the Rare Books and Special Collections Library, The American University in Cairo at +20.2.2615.3676 or rbscl-ref@aucegypt.edu."", ""google-site-verification"": ""UA-49762962-1"", ""viewport"": ""width=device-width, initial-scale=1.0"", ""og:title"": ""Geometric studio"", ""og:description"": ""oil painting of a spacious artist's studio. The ground is brown, and the ceiling is wooden, with criss-crossing wooden beams. Across the room, there are two open doors, painted orange. In the middle of the room, there is a single wooden chair and a small work table that is cluttered with some books, papers, and supplies. On the right, there is a bench against the wall. There is a turquoise trapdoor in the floor on the left, and an open door, painted in splashes of white and black, right next to it. There is very loose perspective being applied, and the style is incredibly abstract and geometric, almost cubist."", ""og:image"": ""http://digitalcollections.aucegypt.edu/iiif/2/p15795coll40:332/full/730,/0/default.jpg"", ""og:url"": ""https://digitalcollections.aucegypt.edu/digital/collection/p15795coll40/id/332/"", ""og:type"": ""website""}"
333,Crowded studio,Margo Veillon,,Margo Veillon Art Collection,watercolor on paper,watercolors (paintings),drawings (visual works),"Watercolor painting of an artist's studio. In the back of the room, there is a large, open, arched window, showing a view of the garden beyond it. There are several canvases on the right of the composition, side by side, with paint on them. Opposite them, there is a woman of African descent, with he","American University in Cairo, Egypt",https://digitalcollections.aucegypt.edu/digital/collection/p15795coll40/id/333/,"http://digitalcollections.aucegypt.edu/iiif/2/p15795coll40:333/full/730,/0/default.jpg",margo_data/images/0333.jpg,"{""title"": ""Crowded studio"", ""titlea"": ""استوديو مزدحم"", ""titleb"": ""Atelier bondé"", ""creata"": ""Margo Veillon"", ""creato"": ""Egyptian-Swiss"", ""descri"": ""Watercolor painting of an artist's studio. In the back of the room, there is a large, open, arched window, showing a view of the garden beyond it. There are several canvases on the right of the composition, side by side, with paint on them. Opposite them, there is a woman of African descent, with her hair tied with a bandana, standing at a workstation crowded with tools. Next to her is a marble statue. Right behind the paintings, there is a small, skinny black cat walking along the table behind them. In the foreground, there is a faded portrait. The style is very impressionistic. and the perspective is very loose."", ""descra"": ""1966, Margo Veillon, 28 x 66"", ""locati"": ""American University in Cairo, Egypt"", ""covera"": ""watercolor on paper"", ""artwor"": ""89 cm x 62.4 cm"", ""medium"": ""drawings (visual works)"", ""type"": ""watercolors (paintings)"", ""format"": ""Impressionist (style)"", ""collec"": ""Margo Veillon Art Collection"", ""source"": ""American University in Cairo"", ""licens"": ""Copyright the American University in Cairo"", ""rights"": ""To inquire about rights and permissions, contact the Rare Books and Special Collections Library, The American University in Cairo at +20.2.2615.3676 or rbscl-ref@aucegypt.edu."", ""google-site-verification"": ""UA-49762962-1"", ""viewport"": ""width=device-width, initial-scale=1.0"", ""og:title"": ""Crowded studio"", ""og:description"": ""Watercolor painting of an artist's studio. In the back of the room, there is a large, open, arched window, showing a view of the garden beyond it. There are several canvases on the right of the composition, side by side, with paint on them. Opposite them, there is a woman of African descent, with her hair tied with a bandana, standing at a workstation crowded with tools. Next to her is a marble statue. Right behind the paintings, there is a small, skinny black cat walking along the table behind them. In the foreground, there is a faded portrait. The style is very impressionistic. and the perspective is very loose."", ""og:image"": ""http://digitalcollections.aucegypt.edu/iiif/2/p15795coll40:333/full/730,/0/default.jpg"", ""og:url"": ""https://digitalcollections.aucegypt.edu/digital/collection/p15795coll40/id/333/"", ""og:type"": ""website""}"
334,Working with fresh air,Margo Veillon,,Margo Veillon Art Collection,watercolor on paper,watercolors (paintings),paintings (visual works),"View from above of the studio, showing a large, arched, open window letting out into a beautiful garden. Directly next to the window, a woman sits working, her hair tied in a bandana as she paints on the canvas before her. The ground is full of painting equipment, such as a bucket of paint, and a br","American University in Cairo, Egypt",https://digitalcollections.aucegypt.edu/digital/collection/p15795coll40/id/334/,"http://digitalcollections.aucegypt.edu/iiif/2/p15795coll40:334/full/730,/0/default.jpg",margo_data/images/0334.jpg,"{""title"": ""Working with fresh air"", ""titlea"": ""العمل مع الهواء النقي"", ""titleb"": ""Travailler avec l'air frais"", ""creata"": ""Margo Veillon"", ""creato"": ""Egyptian-Swiss"", ""descri"": ""View from above of the studio, showing a large, arched, open window letting out into a beautiful garden. Directly next to the window, a woman sits working, her hair tied in a bandana as she paints on the canvas before her. The ground is full of painting equipment, such as a bucket of paint, and a bright orange chair. Opposite the woman, the door to the studio is open, showing a view of the corridor stretching out into the distance. The perspective used in the painting gives it a sort of endless quality."", ""descra"": ""1966, Margo veillon"", ""locati"": ""American University in Cairo, Egypt"", ""covera"": ""watercolor on paper"", ""artwor"": ""62.5 cm x 89 cm"", ""medium"": ""paintings (visual works)"", ""type"": ""watercolors (paintings)"", ""format"": ""Impressionist (style)"", ""collec"": ""Margo Veillon Art Collection"", ""source"": ""American University in Cairo"", ""licens"": ""Copyright the American University in Cairo"", ""rights"": ""To inquire about rights and permissions, contact the Rare Books and Special Collections Library, The American University in Cairo at +20.2.2615.3676 or rbscl-ref@aucegypt.edu."", ""google-site-verification"": ""UA-49762962-1"", ""viewport"": ""width=device-width, initial-scale=1.0"", ""og:title"": ""Working with fresh air"", ""og:description"": ""View from above of the studio, showing a large, arched, open window letting out into a beautiful garden. Directly next to the window, a woman sits working, her hair tied in a bandana as she paints on the canvas before her. The ground is full of painting equipment, such as a bucket of paint, and a bright orange chair. Opposite the woman, the door to the studio is open, showing a view of the corridor stretching out into the distance. The perspective used in the painting gives it a sort of endless quality."", ""og:image"": ""http://digitalcollections.aucegypt.edu/iiif/2/p15795coll40:334/full/730,/0/default.jpg"", ""og:url"": ""https://digitalcollections.aucegypt.edu/digital/collection/p15795coll40/id/334/"", ""og:type"": ""website""}"
335,Barges on Nile,Margo Veillon,,Margo Veillon Art Collection,watercolor on paper,watercolors (paintings),drawings (visual works),"Watercolor painting of two Egyptian boats on the Nile, approaching the viewer, each with a large golden tent on top. The boat in front, which is closer to the viewer, has some people on it that are interacting with some people that are on a plank of wood next to the boat. The style is impressionisti","American University in Cairo, Egypt",https://digitalcollections.aucegypt.edu/digital/collection/p15795coll40/id/335/,"http://digitalcollections.aucegypt.edu/iiif/2/p15795coll40:335/full/730,/0/default.jpg",margo_data/images/0335.jpg,"{""title"": ""Barges on Nile"", ""titlea"": ""صنادل على النيل"", ""titleb"": ""Péniches sur le Nil"", ""creata"": ""Margo Veillon"", ""creato"": ""Egyptian-Swiss"", ""descri"": ""Watercolor painting of two Egyptian boats on the Nile, approaching the viewer, each with a large golden tent on top. The boat in front, which is closer to the viewer, has some people on it that are interacting with some people that are on a plank of wood next to the boat. The style is impressionistic."", ""descra"": ""1934, Margo Veillon"", ""locati"": ""American University in Cairo, Egypt"", ""covera"": ""watercolor on paper"", ""artwor"": ""45.5 cm x 58.7 cm"", ""medium"": ""drawings (visual works)"", ""type"": ""watercolors (paintings)"", ""format"": ""Impressionist (style)"", ""collec"": ""Margo Veillon Art Collection"", ""source"": ""American University in Cairo"", ""licens"": ""Copyright the American University in Cairo"", ""rights"": ""To inquire about rights and permissions, contact the Rare Books and Special Collections Library, The American University in Cairo at +20.2.2615.3676 or rbscl-ref@aucegypt.edu."", ""google-site-verification"": ""UA-49762962-1"", ""viewport"": ""width=device-width, initial-scale=1.0"", ""og:title"": ""Barges on Nile"", ""og:description"": ""Watercolor painting of two Egyptian boats on the Nile, approaching the viewer, each with a large golden tent on top. The boat in front, which is closer to the viewer, has some people on it that are interacting with some people that are on a plank of wood next to the boat. The style is impressionistic."", ""og:image"": ""http://digitalcollections.aucegypt.edu/iiif/2/p15795coll40:335/full/730,/0/default.jpg"", ""og:url"": ""https://digitalcollections.aucegypt.edu/digital/collection/p15795coll40/id/335/"", ""og:type"": ""website""}"
336,Colorful conversations,Margo Veillon,,Margo Veillon Art Collection,watercolor on paper,watercolors (paintings),drawings (visual works),"A cubist style gouache painting of several enclaves of bright colors, each shape containing a small abstract scene of human beings interacting with or talking to one another.","American University in Cairo, Egypt",https://digitalcollections.aucegypt.edu/digital/collection/p15795coll40/id/336/,"http://digitalcollections.aucegypt.edu/iiif/2/p15795coll40:336/full/730,/0/default.jpg",margo_data/images/0336.jpg,"{""title"": ""Colorful conversations"", ""titlea"": ""حوارات ملونة"", ""titleb"": ""Conversations colorées"", ""creata"": ""Margo Veillon"", ""creato"": ""Egyptian-Swiss"", ""descri"": ""A cubist style gouache painting of several enclaves of bright colors, each shape containing a small abstract scene of human beings interacting with or talking to one another."", ""descra"": ""projet pour restaurant"", ""locati"": ""American University in Cairo, Egypt"", ""covera"": ""watercolor on paper"", ""artwor"": ""99.6 cm x 70 cm"", ""medium"": ""drawings (visual works)"", ""type"": ""watercolors (paintings)"", ""format"": ""Cubist"", ""collec"": ""Margo Veillon Art Collection"", ""source"": ""American University in Cairo"", ""licens"": ""Copyright the American University in Cairo"", ""rights"": ""To inquire about rights and permissions, contact the Rare Books and Special Collections Library, The American University in Cairo at +20.2.2615.3676 or rbscl-ref@aucegypt.edu."", ""google-site-verification"": ""UA-49762962-1"", ""viewport"": ""width=device-width, initial-scale=1.0"", ""og:title"": ""Colorful conversations"", ""og:description"": ""A cubist style gouache painting of several enclaves of bright colors, each shape containing a small abstract scene of human beings interacting with or talking to one another."", ""og:image"": ""http://digitalcollections.aucegypt.edu/iiif/2/p15795coll40:336/full/730,/0/default.jpg"", ""og:url"": ""https://digitalcollections.aucegypt.edu/digital/collection/p15795coll40/id/336/"", ""og:type"": ""website""}"
337,Flower patterns,Margo Veillon,,Margo Veillon Art Collection,watercolor on paper,watercolors (paintings),paintings (visual works),"Small snatches of a floral pattern in cool green, turquoise, and purple colors over a black background, set over a bright orange and red background.","American University in Cairo, Egypt",https://digitalcollections.aucegypt.edu/digital/collection/p15795coll40/id/337/,"http://digitalcollections.aucegypt.edu/iiif/2/p15795coll40:337/full/730,/0/default.jpg",margo_data/images/0337.jpg,"{""title"": ""Flower patterns"", ""titlea"": ""أنماط الزهور"", ""titleb"": ""Motifs de fleurs"", ""creata"": ""Margo Veillon"", ""creato"": ""Egyptian-Swiss"", ""descri"": ""Small snatches of a floral pattern in cool green, turquoise, and purple colors over a black background, set over a bright orange and red background."", ""locati"": ""American University in Cairo, Egypt"", ""covera"": ""watercolor on paper"", ""artwor"": ""78 cm x 55 cm"", ""medium"": ""paintings (visual works)"", ""type"": ""watercolors (paintings)"", ""collec"": ""Margo Veillon Art Collection"", ""source"": ""American University in Cairo"", ""licens"": ""Copyright the American University in Cairo"", ""rights"": ""To inquire about rights and permissions, contact the Rare Books and Special Collections Library, The American University in Cairo at +20.2.2615.3676 or rbscl-ref@aucegypt.edu."", ""google-site-verification"": ""UA-49762962-1"", ""viewport"": ""width=device-width, initial-scale=1.0"", ""og:title"": ""Flower patterns"", ""og:description"": ""Small snatches of a floral pattern in cool green, turquoise, and purple colors over a black background, set over a bright orange and red background."", ""og:image"": ""http://digitalcollections.aucegypt.edu/iiif/2/p15795coll40:337/full/730,/0/default.jpg"", ""og:url"": ""https://digitalcollections.aucegypt.edu/digital/collection/p15795coll40/id/337/"", ""og:type"": ""website""}"
338,Pattern study,Margo Veillon,,Margo Veillon Art Collection,watercolor on paper,watercolors (paintings),drawings (visual works),"A paint study of various Arabic-inspired patterns on brown paper. The painting is divided into squares, and in each square there is a different pattern, usually circular and abstract in nature. In the first column on the left, there is simply a small illustration of a man riding a horse. The second ","American University in Cairo, Egypt",https://digitalcollections.aucegypt.edu/digital/collection/p15795coll40/id/338/,"http://digitalcollections.aucegypt.edu/iiif/2/p15795coll40:338/full/730,/0/default.jpg",margo_data/images/0338.jpg,"{""title"": ""Pattern study"", ""titlea"": ""دراسة النمط"", ""titleb"": ""Étude de modèle"", ""creata"": ""Margo Veillon"", ""creato"": ""Egyptian-Swiss"", ""descri"": ""A paint study of various Arabic-inspired patterns on brown paper. The painting is divided into squares, and in each square there is a different pattern, usually circular and abstract in nature. In the first column on the left, there is simply a small illustration of a man riding a horse. The second column shows circular, shape-based patterns in bright colors such as red, yellow, and turquoise. The third column shows four differently colored illustrations of a man on a horse. The big, wide column in the middle of the composition is a mix of both the abstract patterns and the horses, because the bottom of it is horses. The next column is horses as well, but the one after it is abstract patterns, and the last is an illustration of a man on a horse."", ""descra"": ""Margo Veillon, projet pour un mur"", ""locati"": ""American University in Cairo, Egypt"", ""covera"": ""watercolor on paper"", ""artwor"": ""78.1 cm x 56.6 cm"", ""medium"": ""drawings (visual works)"", ""type"": ""watercolors (paintings)"", ""format"": ""Impressionist (style)"", ""collec"": ""Margo Veillon Art Collection"", ""source"": ""American University in Cairo"", ""licens"": ""Copyright the American University in Cairo"", ""rights"": ""To inquire about rights and permissions, contact the Rare Books and Special Collections Library, The American University in Cairo at +20.2.2615.3676 or rbscl-ref@aucegypt.edu."", ""google-site-verification"": ""UA-49762962-1"", ""viewport"": ""width=device-width, initial-scale=1.0"", ""og:title"": ""Pattern study"", ""og:description"": ""A paint study of various Arabic-inspired patterns on brown paper. The painting is divided into squares, and in each square there is a different pattern, usually circular and abstract in nature. In the first column on the left, there is simply a small illustration of a man riding a horse. The second column shows circular, shape-based patterns in bright colors such as red, yellow, and turquoise. The third column shows four differently colored illustrations of a man on a horse. The big, wide column in the middle of the composition is a mix of both the abstract patterns and the horses, because the bottom of it is horses. The next column is horses as well, but the one after it is abstract patterns, and the last is an illustration of a man on a horse."", ""og:image"": ""http://digitalcollections.aucegypt.edu/iiif/2/p15795coll40:338/full/730,/0/default.jpg"", ""og:url"": ""https://digitalcollections.aucegypt.edu/digital/collection/p15795coll40/id/338/"", ""og:type"": ""website""}"
339,Tribal symbols,Margo Veillon,,Margo Veillon Art Collection,cut and paste on paper,,collages (visual works),"A study of some tribal shapes and symbols, where each symbol is colorfully illustrated against a background of a different color.","American University in Cairo, Egypt",https://digitalcollections.aucegypt.edu/digital/collection/p15795coll40/id/339/,"http://digitalcollections.aucegypt.edu/iiif/2/p15795coll40:339/full/730,/0/default.jpg",margo_data/images/0339.jpg,"{""title"": ""Tribal symbols"", ""titlea"": ""الرموز القبلية"", ""titleb"": ""Symboles tribaux"", ""creata"": ""Margo Veillon"", ""creato"": ""Egyptian-Swiss"", ""descri"": ""A study of some tribal shapes and symbols, where each symbol is colorfully illustrated against a background of a different color."", ""locati"": ""American University in Cairo, Egypt"", ""covera"": ""cut and paste on paper"", ""artwor"": ""110.3 cm x 69.8"", ""medium"": ""collages (visual works)"", ""format"": ""Cubist"", ""collec"": ""Margo Veillon Art Collection"", ""source"": ""American University in Cairo"", ""licens"": ""Copyright the American University in Cairo"", ""rights"": ""To inquire about rights and permissions, contact the Rare Books and Special Collections Library, The American University in Cairo at +20.2.2615.3676 or rbscl-ref@aucegypt.edu."", ""google-site-verification"": ""UA-49762962-1"", ""viewport"": ""width=device-width, initial-scale=1.0"", ""og:title"": ""Tribal symbols"", ""og:description"": ""A study of some tribal shapes and symbols, where each symbol is colorfully illustrated against a background of a different color."", ""og:image"": ""http://digitalcollections.aucegypt.edu/iiif/2/p15795coll40:339/full/730,/0/default.jpg"", ""og:url"": ""https://digitalcollections.aucegypt.edu/digital/collection/p15795coll40/id/339/"", ""og:type"": ""website""}"
340,Checkered portraits,Margo Veillon,,Margo Veillon Art Collection,watercolor on paper,watercolors (paintings),paintings (visual works),"Two checkered paintings. The one on the left contains a yellow background, with cubes containing red and white, showing the silhouette of the Sydney Opera House, with white, blue, and black squares. The one on the right, significantly less advanced, is simply a large, worm-like shape filled with squ","American University in Cairo, Egypt",https://digitalcollections.aucegypt.edu/digital/collection/p15795coll40/id/340/,"http://digitalcollections.aucegypt.edu/iiif/2/p15795coll40:340/full/730,/0/default.jpg",margo_data/images/0340.jpg,"{""title"": ""Checkered portraits"", ""titlea"": ""صور رقعة الشطرنج"", ""titleb"": ""Portraits en damier"", ""creata"": ""Margo Veillon"", ""creato"": ""Egyptian-Swiss"", ""descri"": ""Two checkered paintings. The one on the left contains a yellow background, with cubes containing red and white, showing the silhouette of the Sydney Opera House, with white, blue, and black squares. The one on the right, significantly less advanced, is simply a large, worm-like shape filled with squares of different colors, against a red background with geometric black lines."", ""locati"": ""American University in Cairo, Egypt"", ""covera"": ""watercolor on paper"", ""artwor"": ""100 cm x 70 cm"", ""medium"": ""paintings (visual works)"", ""type"": ""watercolors (paintings)"", ""format"": ""Abstract (modern European style)"", ""collec"": ""Margo Veillon Art Collection"", ""source"": ""American University in Cairo"", ""licens"": ""Copyright the American University in Cairo"", ""rights"": ""To inquire about rights and permissions, contact the Rare Books and Special Collections Library, The American University in Cairo at +20.2.2615.3676 or rbscl-ref@aucegypt.edu."", ""google-site-verification"": ""UA-49762962-1"", ""viewport"": ""width=device-width, initial-scale=1.0"", ""og:title"": ""Checkered portraits"", ""og:description"": ""Two checkered paintings. The one on the left contains a yellow background, with cubes containing red and white, showing the silhouette of the Sydney Opera House, with white, blue, and black squares. The one on the right, significantly less advanced, is simply a large, worm-like shape filled with squares of different colors, against a red background with geometric black lines."", ""og:image"": ""http://digitalcollections.aucegypt.edu/iiif/2/p15795coll40:340/full/730,/0/default.jpg"", ""og:url"": ""https://digitalcollections.aucegypt.edu/digital/collection/p15795coll40/id/340/"", ""og:type"": ""website""}"
341,Plant studies,Margo Veillon,,Margo Veillon Art Collection,Markers color on paper,watercolors (paintings),paintings (visual works),"A series of five vertical colored markers illustrations of various types of plants. Each illustration is highly stylized, showing plants such as climbing wall ivy, lily pads, and bamboo. There is an eclectic use of colors and shapes.","American University in Cairo, Egypt",https://digitalcollections.aucegypt.edu/digital/collection/p15795coll40/id/341/,"http://digitalcollections.aucegypt.edu/iiif/2/p15795coll40:341/full/730,/0/default.jpg",margo_data/images/0341.jpg,"{""title"": ""Plant studies"", ""titlea"": ""دراسات النبات"", ""titleb"": ""Études de plantes"", ""creata"": ""Margo Veillon"", ""creato"": ""Egyptian-Swiss"", ""descri"": ""A series of five vertical colored markers illustrations of various types of plants. Each illustration is highly stylized, showing plants such as climbing wall ivy, lily pads, and bamboo. There is an eclectic use of colors and shapes."", ""descra"": ""Margo Veillon"", ""locati"": ""American University in Cairo, Egypt"", ""covera"": ""Markers color on paper"", ""artwor"": ""49.8 cm x 70 cm"", ""medium"": ""paintings (visual works)"", ""type"": ""watercolors (paintings)"", ""format"": ""Surrealist"", ""collec"": ""Margo Veillon Art Collection"", ""source"": ""American University in Cairo"", ""licens"": ""Copyright the American University in Cairo"", ""rights"": ""To inquire about rights and permissions, contact the Rare Books and Special Collections Library, The American University in Cairo at +20.2.2615.3676 or rbscl-ref@aucegypt.edu."", ""google-site-verification"": ""UA-49762962-1"", ""viewport"": ""width=device-width, initial-scale=1.0"", ""og:title"": ""Plant studies"", ""og:description"": ""A series of five vertical colored markers illustrations of various types of plants. Each illustration is highly stylized, showing plants such as climbing wall ivy, lily pads, and bamboo. There is an eclectic use of colors and shapes."", ""og:image"": ""http://digitalcollections.aucegypt.edu/iiif/2/p15795coll40:341/full/730,/0/default.jpg"", ""og:url"": ""https://digitalcollections.aucegypt.edu/digital/collection/p15795coll40/id/341/"", ""og:type"": ""website""}"
342,Two dancers,Margo Veillon,,Margo Veillon Art Collection,ink and oil pastels on paper,pen and ink drawings,paintings (visual works),"Two very abstract oil pastel and ink drawings of two dancers in white, moving energetically against a background of blue, black, and beige. In the bottom drawing, the """"dancers"""" are surrounded by an aura of gray as they dance against a dark blue and black background.","American University in Cairo, Egypt",https://digitalcollections.aucegypt.edu/digital/collection/p15795coll40/id/342/,"http://digitalcollections.aucegypt.edu/iiif/2/p15795coll40:342/full/730,/0/default.jpg",margo_data/images/0342.jpg,"{""title"": ""Two dancers"", ""titlea"": ""اثنين من الراقصين"", ""titleb"": ""Deux Danseurs"", ""creata"": ""Margo Veillon"", ""creato"": ""Egyptian-Swiss"", ""descri"": ""Two very abstract oil pastel and ink drawings of two dancers in white, moving energetically against a background of blue, black, and beige. In the bottom drawing, the \""\""dancers\""\"" are surrounded by an aura of gray as they dance against a dark blue and black background."", ""descra"": ""Deux Danseurs, Margo Veillon"", ""locati"": ""American University in Cairo, Egypt"", ""covera"": ""ink and oil pastels on paper"", ""artwor"": ""64.5 cm x 47.5 cm"", ""medium"": ""paintings (visual works)"", ""type"": ""pen and ink drawings"", ""format"": ""Abstract (modern European style)"", ""collec"": ""Margo Veillon Art Collection"", ""source"": ""American University in Cairo"", ""licens"": ""Copyright the American University in Cairo"", ""rights"": ""To inquire about rights and permissions, contact the Rare Books and Special Collections Library, The American University in Cairo at +20.2.2615.3676 or rbscl-ref@aucegypt.edu."", ""google-site-verification"": ""UA-49762962-1"", ""viewport"": ""width=device-width, initial-scale=1.0"", ""og:title"": ""Two dancers"", ""og:description"": ""Two very abstract oil pastel and ink drawings of two dancers in white, moving energetically against a background of blue, black, and beige. In the bottom drawing, the \""\""dancers\""\"" are surrounded by an aura of gray as they dance against a dark blue and black background."", ""og:image"": ""http://digitalcollections.aucegypt.edu/iiif/2/p15795coll40:342/full/730,/0/default.jpg"", ""og:url"": ""https://digitalcollections.aucegypt.edu/digital/collection/p15795coll40/id/342/"", ""og:type"": ""website""}"
343,Margo's concrete,Margo Veillon,,Margo Veillon Art Collection,watercolor on paper,watercolors (paintings),paintings (visual works),"Gouache pattern studies of what is the floors of Margo's house; Margo uses several bright colors such as yellow, orange, green, blue, and red to illustrate the various striped patterns of the tiles on her floors, constructing them together in a collective angular geometric shape.","American University in Cairo, Egypt",https://digitalcollections.aucegypt.edu/digital/collection/p15795coll40/id/343/,"http://digitalcollections.aucegypt.edu/iiif/2/p15795coll40:343/full/730,/0/default.jpg",margo_data/images/0343.jpg,"{""title"": ""Margo's concrete"", ""titlea"": ""خرسانه ماجو"", ""titleb"": ""Le beton de Margo"", ""creata"": ""Margo Veillon"", ""creato"": ""Egyptian-Swiss"", ""descri"": ""Gouache pattern studies of what is the floors of Margo's house; Margo uses several bright colors such as yellow, orange, green, blue, and red to illustrate the various striped patterns of the tiles on her floors, constructing them together in a collective angular geometric shape."", ""descra"": ""Le beton de Margo"", ""locati"": ""American University in Cairo, Egypt"", ""covera"": ""watercolor on paper"", ""artwor"": ""32.3 cm x 50.3 cm"", ""medium"": ""paintings (visual works)"", ""type"": ""watercolors (paintings)"", ""format"": ""Abstract (modern European style)"", ""collec"": ""Margo Veillon Art Collection"", ""source"": ""American University in Cairo"", ""licens"": ""Copyright the American University in Cairo"", ""rights"": ""To inquire about rights and permissions, contact the Rare Books and Special Collections Library, The American University in Cairo at +20.2.2615.3676 or rbscl-ref@aucegypt.edu."", ""google-site-verification"": ""UA-49762962-1"", ""viewport"": ""width=device-width, initial-scale=1.0"", ""og:title"": ""Margo's concrete"", ""og:description"": ""Gouache pattern studies of what is the floors of Margo's house; Margo uses several bright colors such as yellow, orange, green, blue, and red to illustrate the various striped patterns of the tiles on her floors, constructing them together in a collective angular geometric shape."", ""og:image"": ""http://digitalcollections.aucegypt.edu/iiif/2/p15795coll40:343/full/730,/0/default.jpg"", ""og:url"": ""https://digitalcollections.aucegypt.edu/digital/collection/p15795coll40/id/343/"", ""og:type"": ""website""}"
344,"Blue, yellow, red",Margo Veillon,,Margo Veillon Art Collection,watercolor on paper,watercolors (paintings),paintings (visual works),"An abstract gouache painting of several curved triangles, dotted with a systematic white pattern, scattered together over a background of bright yellow, similarly patterned with orange. All of this is above a shadow of dark red, which is patterned with a brighter scarlet. There is a single gray tria","American University in Cairo, Egypt",https://digitalcollections.aucegypt.edu/digital/collection/p15795coll40/id/344/,"http://digitalcollections.aucegypt.edu/iiif/2/p15795coll40:344/full/730,/0/default.jpg",margo_data/images/0344.jpg,"{""title"": ""Blue, yellow, red"", ""titlea"": ""أزرق ، أصفر ، أحمر"", ""titleb"": ""Bleu, Jaune, Rouge"", ""creata"": ""Margo Veillon"", ""creato"": ""Egyptian-Swiss"", ""descri"": ""An abstract gouache painting of several curved triangles, dotted with a systematic white pattern, scattered together over a background of bright yellow, similarly patterned with orange. All of this is above a shadow of dark red, which is patterned with a brighter scarlet. There is a single gray triangle, patterned with darker gray, in the middle of the painting, and two black triangles, patterned with turquoise, on the fringes. All of the blue triangles are the same dark blue color and white pattern except for one, which is painted light blue and patterned with dark blue."", ""locati"": ""American University in Cairo, Egypt"", ""covera"": ""watercolor on paper"", ""artwor"": ""70 cm x 39.9 cm"", ""medium"": ""paintings (visual works)"", ""type"": ""watercolors (paintings)"", ""format"": ""Abstract (modern European style)"", ""collec"": ""Margo Veillon Art Collection"", ""source"": ""American University in Cairo"", ""licens"": ""Copyright the American University in Cairo"", ""rights"": ""To inquire about rights and permissions, contact the Rare Books and Special Collections Library, The American University in Cairo at +20.2.2615.3676 or rbscl-ref@aucegypt.edu."", ""google-site-verification"": ""UA-49762962-1"", ""viewport"": ""width=device-width, initial-scale=1.0"", ""og:title"": ""Blue, yellow, red"", ""og:description"": ""An abstract gouache painting of several curved triangles, dotted with a systematic white pattern, scattered together over a background of bright yellow, similarly patterned with orange. All of this is above a shadow of dark red, which is patterned with a brighter scarlet. There is a single gray triangle, patterned with darker gray, in the middle of the painting, and two black triangles, patterned with turquoise, on the fringes. All of the blue triangles are the same dark blue color and white pattern except for one, which is painted light blue and patterned with dark blue."", ""og:image"": ""http://digitalcollections.aucegypt.edu/iiif/2/p15795coll40:344/full/730,/0/default.jpg"", ""og:url"": ""https://digitalcollections.aucegypt.edu/digital/collection/p15795coll40/id/344/"", ""og:type"": ""website""}"
345,Project for mosaic,Margo Veillon,,Margo Veillon Art Collection,watercolor on paper,watercolors (paintings),paintings (visual works),"Part of what seems to be a draft or sketch for a mosaic, painted in gouache, showing an abstract version of the Egyptian countryside. Part of the Nile River is shown, with a bridge in the middle, with some ibises flying above it. Behind them, there is a group of peasant women walking alongside the r","American University in Cairo, Egypt",https://digitalcollections.aucegypt.edu/digital/collection/p15795coll40/id/345/,"http://digitalcollections.aucegypt.edu/iiif/2/p15795coll40:345/full/730,/0/default.jpg",margo_data/images/0345.jpg,"{""title"": ""Project for mosaic"", ""titlea"": ""مشروع الفسيفساء"", ""titleb"": ""Projet pour Mosaïque"", ""creata"": ""Margo Veillon"", ""creato"": ""Egyptian-Swiss"", ""descri"": ""Part of what seems to be a draft or sketch for a mosaic, painted in gouache, showing an abstract version of the Egyptian countryside. Part of the Nile River is shown, with a bridge in the middle, with some ibises flying above it. Behind them, there is a group of peasant women walking alongside the river or on the bridge, carrying large packages above their heads and wearing brightly colored and patterned galabiyas. In the distance behind them, there is a boardwalk, moored at which are some feluccas."", ""descra"": ""Projet pour Mosaic, Margo Veillon"", ""locati"": ""American University in Cairo, Egypt"", ""covera"": ""watercolor on paper"", ""artwor"": ""49 cm x 69.5 cm"", ""medium"": ""paintings (visual works)"", ""type"": ""watercolors (paintings)"", ""format"": ""Abstract (modern European style)"", ""collec"": ""Margo Veillon Art Collection"", ""source"": ""American University in Cairo"", ""licens"": ""Copyright the American University in Cairo"", ""rights"": ""To inquire about rights and permissions, contact the Rare Books and Special Collections Library, The American University in Cairo at +20.2.2615.3676 or rbscl-ref@aucegypt.edu."", ""google-site-verification"": ""UA-49762962-1"", ""viewport"": ""width=device-width, initial-scale=1.0"", ""og:title"": ""Project for mosaic"", ""og:description"": ""Part of what seems to be a draft or sketch for a mosaic, painted in gouache, showing an abstract version of the Egyptian countryside. Part of the Nile River is shown, with a bridge in the middle, with some ibises flying above it. Behind them, there is a group of peasant women walking alongside the river or on the bridge, carrying large packages above their heads and wearing brightly colored and patterned galabiyas. In the distance behind them, there is a boardwalk, moored at which are some feluccas."", ""og:image"": ""http://digitalcollections.aucegypt.edu/iiif/2/p15795coll40:345/full/730,/0/default.jpg"", ""og:url"": ""https://digitalcollections.aucegypt.edu/digital/collection/p15795coll40/id/345/"", ""og:type"": ""website""}"
346,Cool-colored explosion,Margo Veillon,,Margo Veillon Art Collection,watercolor and pastels on paper,watercolors (paintings),paintings (visual works),"An abstract, multi-colored painting showing various splashes of colors such as blue, white, gray, yellow, and purple, over which is a distinct and unreadable scribble of black paint.","American University in Cairo, Egypt",https://digitalcollections.aucegypt.edu/digital/collection/p15795coll40/id/346/,"http://digitalcollections.aucegypt.edu/iiif/2/p15795coll40:346/full/730,/0/default.jpg",margo_data/images/0346.jpg,"{""title"": ""Cool-colored explosion"", ""titlea"": ""انفجار بارد اللون"", ""titleb"": ""Explosion aux couleurs froides"", ""creata"": ""Margo Veillon"", ""creato"": ""Egyptian-Swiss"", ""descri"": ""An abstract, multi-colored painting showing various splashes of colors such as blue, white, gray, yellow, and purple, over which is a distinct and unreadable scribble of black paint."", ""descra"": ""18 X 1990, Margo Veillon"", ""locati"": ""American University in Cairo, Egypt"", ""covera"": ""watercolor and pastels on paper"", ""artwor"": ""99.5 cm x 69.7 cm"", ""medium"": ""paintings (visual works)"", ""type"": ""watercolors (paintings)"", ""format"": ""Abstract (modern European style)"", ""collec"": ""Margo Veillon Art Collection"", ""source"": ""American University in Cairo"", ""licens"": ""Copyright the American University in Cairo"", ""rights"": ""To inquire about rights and permissions, contact the Rare Books and Special Collections Library, The American University in Cairo at +20.2.2615.3676 or rbscl-ref@aucegypt.edu."", ""google-site-verification"": ""UA-49762962-1"", ""viewport"": ""width=device-width, initial-scale=1.0"", ""og:title"": ""Cool-colored explosion"", ""og:description"": ""An abstract, multi-colored painting showing various splashes of colors such as blue, white, gray, yellow, and purple, over which is a distinct and unreadable scribble of black paint."", ""og:image"": ""http://digitalcollections.aucegypt.edu/iiif/2/p15795coll40:346/full/730,/0/default.jpg"", ""og:url"": ""https://digitalcollections.aucegypt.edu/digital/collection/p15795coll40/id/346/"", ""og:type"": ""website""}"
347,Warm gold and orange,Margo Veillon,,Margo Veillon Art Collection,acrylic on paper,acrylic paintings (visual works),paintings (visual works),"An abstract painting that uses colors such as orange, yellow, grayish-blue, brown, and some red over a very faded background of black and gold. Whether or not there is a singular subject for the painting is unclear.","American University in Cairo, Egypt",https://digitalcollections.aucegypt.edu/digital/collection/p15795coll40/id/347/,"http://digitalcollections.aucegypt.edu/iiif/2/p15795coll40:347/full/730,/0/default.jpg",margo_data/images/0347.jpg,"{""title"": ""Warm gold and orange"", ""titlea"": ""الذهب الدافئ والبرتقالي"", ""titleb"": ""Or chaud et orange"", ""creata"": ""Margo Veillon"", ""creato"": ""Egyptian-Swiss"", ""descri"": ""An abstract painting that uses colors such as orange, yellow, grayish-blue, brown, and some red over a very faded background of black and gold. Whether or not there is a singular subject for the painting is unclear."", ""descra"": ""15/III/1994, Margo Veillon"", ""locati"": ""American University in Cairo, Egypt"", ""covera"": ""acrylic on paper"", ""artwor"": ""100 cm x 70 cm"", ""medium"": ""paintings (visual works)"", ""type"": ""acrylic paintings (visual works)"", ""format"": ""Abstract (modern European style)"", ""collec"": ""Margo Veillon Art Collection"", ""source"": ""American University in Cairo"", ""licens"": ""Copyright the American University in Cairo"", ""rights"": ""To inquire about rights and permissions, contact the Rare Books and Special Collections Library, The American University in Cairo at +20.2.2615.3676 or rbscl-ref@aucegypt.edu."", ""google-site-verification"": ""UA-49762962-1"", ""viewport"": ""width=device-width, initial-scale=1.0"", ""og:title"": ""Warm gold and orange"", ""og:description"": ""An abstract painting that uses colors such as orange, yellow, grayish-blue, brown, and some red over a very faded background of black and gold. Whether or not there is a singular subject for the painting is unclear."", ""og:image"": ""http://digitalcollections.aucegypt.edu/iiif/2/p15795coll40:347/full/730,/0/default.jpg"", ""og:url"": ""https://digitalcollections.aucegypt.edu/digital/collection/p15795coll40/id/347/"", ""og:type"": ""website""}"
348,Sad conversation,Margo Veillon,,Margo Veillon Art Collection,pastels on paper,pastels (visual works),drawings (visual works),"A very abstract oil pastel illustration of two characters, lying side by side. The one if the forefront is lying on their belly, with their knees bent, and seeming not to acknowledge the person next to them. That person is leaning on one elbow, their other hand on their partner's back as if trying t","American University in Cairo, Egypt",https://digitalcollections.aucegypt.edu/digital/collection/p15795coll40/id/348/,"http://digitalcollections.aucegypt.edu/iiif/2/p15795coll40:348/full/730,/0/default.jpg",margo_data/images/0348.jpg,"{""title"": ""Sad conversation"", ""titlea"": ""محادثة حزينة"", ""titleb"": ""Conversation triste"", ""creata"": ""Margo Veillon"", ""creato"": ""Egyptian-Swiss"", ""descri"": ""A very abstract oil pastel illustration of two characters, lying side by side. The one if the forefront is lying on their belly, with their knees bent, and seeming not to acknowledge the person next to them. That person is leaning on one elbow, their other hand on their partner's back as if trying to get their attention, and there is a sad expression on their face. They are against a background of gray and black."", ""descra"": ""1989, IX, Margo Veillon"", ""locati"": ""American University in Cairo, Egypt"", ""covera"": ""pastels on paper"", ""artwor"": ""70.3 cm x 49.8 cm"", ""medium"": ""drawings (visual works)"", ""type"": ""pastels (visual works)"", ""format"": ""Abstract (modern European style)"", ""collec"": ""Margo Veillon Art Collection"", ""source"": ""American University in Cairo"", ""licens"": ""Copyright the American University in Cairo"", ""rights"": ""To inquire about rights and permissions, contact the Rare Books and Special Collections Library, The American University in Cairo at +20.2.2615.3676 or rbscl-ref@aucegypt.edu."", ""google-site-verification"": ""UA-49762962-1"", ""viewport"": ""width=device-width, initial-scale=1.0"", ""og:title"": ""Sad conversation"", ""og:description"": ""A very abstract oil pastel illustration of two characters, lying side by side. The one if the forefront is lying on their belly, with their knees bent, and seeming not to acknowledge the person next to them. That person is leaning on one elbow, their other hand on their partner's back as if trying to get their attention, and there is a sad expression on their face. They are against a background of gray and black."", ""og:image"": ""http://digitalcollections.aucegypt.edu/iiif/2/p15795coll40:348/full/730,/0/default.jpg"", ""og:url"": ""https://digitalcollections.aucegypt.edu/digital/collection/p15795coll40/id/348/"", ""og:type"": ""website""}"
349,Complete chaos,Margo Veillon,,Margo Veillon Art Collection,acrylic on paper,acrylic paintings (visual works),paintings (visual works),"An abstract painting using earth tones such as ochre, yellow, blue, red, and some occasional bold touches of black to create an incomprehensible painting consisting of just splashes and feverish strokes of color.","American University in Cairo, Egypt",https://digitalcollections.aucegypt.edu/digital/collection/p15795coll40/id/349/,"http://digitalcollections.aucegypt.edu/iiif/2/p15795coll40:349/full/730,/0/default.jpg",margo_data/images/0349.jpg,"{""title"": ""Complete chaos"", ""titlea"": ""فوضى كاملة"", ""titleb"": ""Chaos complet"", ""creata"": ""Margo Veillon"", ""creato"": ""Egyptian-Swiss"", ""descri"": ""An abstract painting using earth tones such as ochre, yellow, blue, red, and some occasional bold touches of black to create an incomprehensible painting consisting of just splashes and feverish strokes of color."", ""descra"": ""1989, Margo Veillon"", ""locati"": ""American University in Cairo, Egypt"", ""covera"": ""acrylic on paper"", ""artwor"": ""69.9 cm x 49.8 cm"", ""medium"": ""paintings (visual works)"", ""type"": ""acrylic paintings (visual works)"", ""format"": ""Abstract (modern European style)"", ""collec"": ""Margo Veillon Art Collection"", ""source"": ""American University in Cairo"", ""licens"": ""Copyright the American University in Cairo"", ""rights"": ""To inquire about rights and permissions, contact the Rare Books and Special Collections Library, The American University in Cairo at +20.2.2615.3676 or rbscl-ref@aucegypt.edu."", ""google-site-verification"": ""UA-49762962-1"", ""viewport"": ""width=device-width, initial-scale=1.0"", ""og:title"": ""Complete chaos"", ""og:description"": ""An abstract painting using earth tones such as ochre, yellow, blue, red, and some occasional bold touches of black to create an incomprehensible painting consisting of just splashes and feverish strokes of color."", ""og:image"": ""http://digitalcollections.aucegypt.edu/iiif/2/p15795coll40:349/full/730,/0/default.jpg"", ""og:url"": ""https://digitalcollections.aucegypt.edu/digital/collection/p15795coll40/id/349/"", ""og:type"": ""website""}"
350,Going away,Margo Veillon,,Margo Veillon Art Collection,pastels on paper,pastels (visual works),paintings (visual works),"An abstract oil pastel illustration, showing a woman carrying a peacefully sleeping child, whose head is resting on her shoulder. Behind the woman is a more masculine, older face, that is watching them go with a sad expression. The woman is looking back, also upset. The woman is also carrying what s","American University in Cairo, Egypt",https://digitalcollections.aucegypt.edu/digital/collection/p15795coll40/id/350/,"http://digitalcollections.aucegypt.edu/iiif/2/p15795coll40:350/full/730,/0/default.jpg",margo_data/images/0350.jpg,"{""title"": ""Going away"", ""titlea"": ""يذهب بعيدا"", ""titleb"": ""S'en aller"", ""creata"": ""Margo Veillon"", ""creato"": ""Egyptian-Swiss"", ""descri"": ""An abstract oil pastel illustration, showing a woman carrying a peacefully sleeping child, whose head is resting on her shoulder. Behind the woman is a more masculine, older face, that is watching them go with a sad expression. The woman is looking back, also upset. The woman is also carrying what seems to be a wheel, and there are many smaller less detailed faces on the wheel. The painting is very monochromatic, mostly using gray, black, and beige, with the occasional use of a faded red."", ""descra"": ""1991, Margo Veillon"", ""locati"": ""American University in Cairo, Egypt"", ""covera"": ""pastels on paper"", ""artwor"": ""65.5 cm x 94.3 cm"", ""medium"": ""paintings (visual works)"", ""type"": ""pastels (visual works)"", ""format"": ""Abstract (modern European style)"", ""collec"": ""Margo Veillon Art Collection"", ""source"": ""American University in Cairo"", ""licens"": ""Copyright the American University in Cairo"", ""rights"": ""To inquire about rights and permissions, contact the Rare Books and Special Collections Library, The American University in Cairo at +20.2.2615.3676 or rbscl-ref@aucegypt.edu."", ""google-site-verification"": ""UA-49762962-1"", ""viewport"": ""width=device-width, initial-scale=1.0"", ""og:title"": ""Going away"", ""og:description"": ""An abstract oil pastel illustration, showing a woman carrying a peacefully sleeping child, whose head is resting on her shoulder. Behind the woman is a more masculine, older face, that is watching them go with a sad expression. The woman is looking back, also upset. The woman is also carrying what seems to be a wheel, and there are many smaller less detailed faces on the wheel. The painting is very monochromatic, mostly using gray, black, and beige, with the occasional use of a faded red."", ""og:image"": ""http://digitalcollections.aucegypt.edu/iiif/2/p15795coll40:350/full/730,/0/default.jpg"", ""og:url"": ""https://digitalcollections.aucegypt.edu/digital/collection/p15795coll40/id/350/"", ""og:type"": ""website""}"
351,Shading eyes process,Margo Veillon,,Margo Veillon Art Collection,watercolor on paper,watercolors (paintings),drawings (visual works),"A collection of process sketches of a stylized painting of a smiling figure that is gazing directly at the viewer, shading their eyes with their hands. Each individual drawing serves a purpose; some of them are figure drawings, and others are drawings used to determine shadows and values. All of the","American University in Cairo, Egypt",https://digitalcollections.aucegypt.edu/digital/collection/p15795coll40/id/351/,"http://digitalcollections.aucegypt.edu/iiif/2/p15795coll40:351/full/730,/0/default.jpg",margo_data/images/0351.jpg,"{""title"": ""Shading eyes process"", ""titlea"": ""عملية تظليل العيون"", ""titleb"": ""Processus d'ombrage des yeux"", ""creata"": ""Margo Veillon"", ""creato"": ""Egyptian-Swiss"", ""descri"": ""A collection of process sketches of a stylized painting of a smiling figure that is gazing directly at the viewer, shading their eyes with their hands. Each individual drawing serves a purpose; some of them are figure drawings, and others are drawings used to determine shadows and values. All of them are in black and white or grayscale."", ""locati"": ""American University in Cairo, Egypt"", ""covera"": ""watercolor on paper"", ""artwor"": ""99.5 cm x 69.7 cm"", ""medium"": ""drawings (visual works)"", ""type"": ""watercolors (paintings)"", ""format"": ""Expressionist (style)"", ""collec"": ""Margo Veillon Art Collection"", ""source"": ""American University in Cairo"", ""licens"": ""Copyright the American University in Cairo"", ""rights"": ""To inquire about rights and permissions, contact the Rare Books and Special Collections Library, The American University in Cairo at +20.2.2615.3676 or rbscl-ref@aucegypt.edu."", ""google-site-verification"": ""UA-49762962-1"", ""viewport"": ""width=device-width, initial-scale=1.0"", ""og:title"": ""Shading eyes process"", ""og:description"": ""A collection of process sketches of a stylized painting of a smiling figure that is gazing directly at the viewer, shading their eyes with their hands. Each individual drawing serves a purpose; some of them are figure drawings, and others are drawings used to determine shadows and values. All of them are in black and white or grayscale."", ""og:image"": ""http://digitalcollections.aucegypt.edu/iiif/2/p15795coll40:351/full/730,/0/default.jpg"", ""og:url"": ""https://digitalcollections.aucegypt.edu/digital/collection/p15795coll40/id/351/"", ""og:type"": ""website""}"
352,Tribal woman,Margo Veillon,,Margo Veillon Art Collection,print on paper,linocuts (prints),prints (visual works),"Lino Print portrait of a woman belonging to an indeterminate indigenous people, wearing a traditional patterned headdress that is tented over her head. Some of her dark hair is visible. She has an intense and almost scared expression in her eyes. The rest of her face is covered by a face covering ma","American University in Cairo, Egypt",https://digitalcollections.aucegypt.edu/digital/collection/p15795coll40/id/352/,"http://digitalcollections.aucegypt.edu/iiif/2/p15795coll40:352/full/730,/0/default.jpg",margo_data/images/0352.jpg,"{""title"": ""Tribal woman"", ""titlea"": ""امرأة قبلية"", ""titleb"": ""Femme tribale"", ""creata"": ""Margo Veillon"", ""creato"": ""Egyptian-Swiss"", ""descri"": ""Lino Print portrait of a woman belonging to an indeterminate indigenous people, wearing a traditional patterned headdress that is tented over her head. Some of her dark hair is visible. She has an intense and almost scared expression in her eyes. The rest of her face is covered by a face covering made of dangling metal circles. Her left hand, laden with bangles, is reaching up to adjust her headdress. Her clothing is eclectically patterned."", ""descra"": ""linoprint origi 8/20, Margo Veillon"", ""locati"": ""American University in Cairo, Egypt"", ""covera"": ""print on paper"", ""artwor"": ""56.5 cm x 73.5 cm"", ""medium"": ""prints (visual works)"", ""type"": ""linocuts (prints)"", ""format"": ""Expressionist (style)"", ""collec"": ""Margo Veillon Art Collection"", ""source"": ""American University in Cairo"", ""licens"": ""Copyright the American University in Cairo"", ""rights"": ""To inquire about rights and permissions, contact the Rare Books and Special Collections Library, The American University in Cairo at +20.2.2615.3676 or rbscl-ref@aucegypt.edu."", ""google-site-verification"": ""UA-49762962-1"", ""viewport"": ""width=device-width, initial-scale=1.0"", ""og:title"": ""Tribal woman"", ""og:description"": ""Lino Print portrait of a woman belonging to an indeterminate indigenous people, wearing a traditional patterned headdress that is tented over her head. Some of her dark hair is visible. She has an intense and almost scared expression in her eyes. The rest of her face is covered by a face covering made of dangling metal circles. Her left hand, laden with bangles, is reaching up to adjust her headdress. Her clothing is eclectically patterned."", ""og:image"": ""http://digitalcollections.aucegypt.edu/iiif/2/p15795coll40:352/full/730,/0/default.jpg"", ""og:url"": ""https://digitalcollections.aucegypt.edu/digital/collection/p15795coll40/id/352/"", ""og:type"": ""website""}"
353,Indigenous woman,Margo Veillon,,Margo Veillon Art Collection,watercolor and pastels on paper,watercolors (paintings),mixed media works,"Incomplete watercolor portrait of an indigenous woman wearing a white headdress tented over her head, striped with black. Her right hand is reaching up to adjust her headdress, and she is starring out in the direction of the viewer. She has rich brown skin and colorful clothes and jewelry.","American University in Cairo, Egypt",https://digitalcollections.aucegypt.edu/digital/collection/p15795coll40/id/353/,"http://digitalcollections.aucegypt.edu/iiif/2/p15795coll40:353/full/730,/0/default.jpg",margo_data/images/0353.jpg,"{""title"": ""Indigenous woman"", ""titlea"": ""امرأة من السكان الأصليين"", ""titleb"": ""Femme autochtone"", ""creata"": ""Margo Veillon"", ""creato"": ""Egyptian-Swiss"", ""descri"": ""Incomplete watercolor portrait of an indigenous woman wearing a white headdress tented over her head, striped with black. Her right hand is reaching up to adjust her headdress, and she is starring out in the direction of the viewer. She has rich brown skin and colorful clothes and jewelry."", ""descra"": ""1961, Margo Veillon"", ""locati"": ""American University in Cairo, Egypt"", ""covera"": ""watercolor and pastels on paper"", ""artwor"": ""65.5 cm x 48.4 cm"", ""medium"": ""mixed media works"", ""type"": ""watercolors (paintings)"", ""format"": ""Expressionist (style)"", ""collec"": ""Margo Veillon Art Collection"", ""source"": ""American University in Cairo"", ""licens"": ""Copyright the American University in Cairo"", ""rights"": ""To inquire about rights and permissions, contact the Rare Books and Special Collections Library, The American University in Cairo at +20.2.2615.3676 or rbscl-ref@aucegypt.edu."", ""google-site-verification"": ""UA-49762962-1"", ""viewport"": ""width=device-width, initial-scale=1.0"", ""og:title"": ""Indigenous woman"", ""og:description"": ""Incomplete watercolor portrait of an indigenous woman wearing a white headdress tented over her head, striped with black. Her right hand is reaching up to adjust her headdress, and she is starring out in the direction of the viewer. She has rich brown skin and colorful clothes and jewelry."", ""og:image"": ""http://digitalcollections.aucegypt.edu/iiif/2/p15795coll40:353/full/730,/0/default.jpg"", ""og:url"": ""https://digitalcollections.aucegypt.edu/digital/collection/p15795coll40/id/353/"", ""og:type"": ""website""}"
354,Rivers and faces,Margo Veillon,,Margo Veillon Art Collection,watercolor on paper,watercolors (paintings),drawings (visual works),"A series of paintings, presumably process paintings for each other, of a bird's eye view of a winding river, whose banks are made up of various side-profile faces, all smiling serenely. The faces increase in detail as you descend downward, where the ones at the very end are clearly the faces of Egyp","American University in Cairo, Egypt",https://digitalcollections.aucegypt.edu/digital/collection/p15795coll40/id/354/,"http://digitalcollections.aucegypt.edu/iiif/2/p15795coll40:354/full/730,/0/default.jpg",margo_data/images/0354.jpg,"{""title"": ""Rivers and faces"", ""titlea"": ""الأنهار والوجوه"", ""titleb"": ""Rivières et visages"", ""creata"": ""Margo Veillon"", ""creato"": ""Egyptian-Swiss"", ""descri"": ""A series of paintings, presumably process paintings for each other, of a bird's eye view of a winding river, whose banks are made up of various side-profile faces, all smiling serenely. The faces increase in detail as you descend downward, where the ones at the very end are clearly the faces of Egyptian peasant women, wearing traditional gold earrings."", ""locati"": ""American University in Cairo, Egypt"", ""covera"": ""watercolor on paper"", ""artwor"": ""69.5 cm x 45 cm"", ""medium"": ""drawings (visual works)"", ""type"": ""watercolors (paintings)"", ""format"": ""Expressionist (style)"", ""collec"": ""Margo Veillon Art Collection"", ""source"": ""American University in Cairo"", ""licens"": ""Copyright the American University in Cairo"", ""rights"": ""To inquire about rights and permissions, contact the Rare Books and Special Collections Library, The American University in Cairo at +20.2.2615.3676 or rbscl-ref@aucegypt.edu."", ""google-site-verification"": ""UA-49762962-1"", ""viewport"": ""width=device-width, initial-scale=1.0"", ""og:title"": ""Rivers and faces"", ""og:description"": ""A series of paintings, presumably process paintings for each other, of a bird's eye view of a winding river, whose banks are made up of various side-profile faces, all smiling serenely. The faces increase in detail as you descend downward, where the ones at the very end are clearly the faces of Egyptian peasant women, wearing traditional gold earrings."", ""og:image"": ""http://digitalcollections.aucegypt.edu/iiif/2/p15795coll40:354/full/730,/0/default.jpg"", ""og:url"": ""https://digitalcollections.aucegypt.edu/digital/collection/p15795coll40/id/354/"", ""og:type"": ""website""}"
355,Proposition pour affiche,Margo Veillon,,Margo Veillon Art Collection,watercolor on paper,watercolors (paintings),drawings (visual works),"A series of gouache sketches for portraits, in preparation for a portfolio. The top left is of three Egyptian peasant children, against a multi colored background. The top right is a sort of cubist style, showing the busts of two people. The bottom left is four faces stacked on top of each other, se","American University in Cairo, Egypt",https://digitalcollections.aucegypt.edu/digital/collection/p15795coll40/id/355/,"http://digitalcollections.aucegypt.edu/iiif/2/p15795coll40:355/full/730,/0/default.jpg",margo_data/images/0355.jpg,"{""title"": ""Proposition pour affiche"", ""titlea"": ""اقتراح للملصق"", ""titleb"": ""Proposition pour affiche"", ""creata"": ""Margo Veillon"", ""creato"": ""Egyptian-Swiss"", ""descri"": ""A series of gouache sketches for portraits, in preparation for a portfolio. The top left is of three Egyptian peasant children, against a multi colored background. The top right is a sort of cubist style, showing the busts of two people. The bottom left is four faces stacked on top of each other, separated by three crosses. The bottom right is a relatively more detailed single portrait of a woman with long dark hair engrossed in conversation, brushing her hair away from her face, against a bright yellow background."", ""descra"": ""Proposition pour affiche"", ""locati"": ""American University in Cairo, Egypt"", ""covera"": ""watercolor on paper"", ""artwor"": ""69.6 cm x 53.5 cm"", ""medium"": ""drawings (visual works)"", ""type"": ""watercolors (paintings)"", ""format"": ""Expressionist (style)"", ""collec"": ""Margo Veillon Art Collection"", ""source"": ""American University in Cairo"", ""licens"": ""Copyright the American University in Cairo"", ""rights"": ""To inquire about rights and permissions, contact the Rare Books and Special Collections Library, The American University in Cairo at +20.2.2615.3676 or rbscl-ref@aucegypt.edu."", ""google-site-verification"": ""UA-49762962-1"", ""viewport"": ""width=device-width, initial-scale=1.0"", ""og:title"": ""Proposition pour affiche"", ""og:description"": ""A series of gouache sketches for portraits, in preparation for a portfolio. The top left is of three Egyptian peasant children, against a multi colored background. The top right is a sort of cubist style, showing the busts of two people. The bottom left is four faces stacked on top of each other, separated by three crosses. The bottom right is a relatively more detailed single portrait of a woman with long dark hair engrossed in conversation, brushing her hair away from her face, against a bright yellow background."", ""og:image"": ""http://digitalcollections.aucegypt.edu/iiif/2/p15795coll40:355/full/730,/0/default.jpg"", ""og:url"": ""https://digitalcollections.aucegypt.edu/digital/collection/p15795coll40/id/355/"", ""og:type"": ""website""}"
357,Road to oasis,Margo Veillon,,Margo Veillon Art Collection,oil on cardboard,oil paintings (visual works),paintings (visual works),"Oil landscape of a desert landscape. The sky is bright blue with some white clouds, and the ground is covered in sand and dunes, broken up by a corridor of palm trees blowing in the wind. Through the corridor runs a thin blue stream or canal. On the horizon, there is the silhouette of a mosque's dom","American University in Cairo, Egypt",https://digitalcollections.aucegypt.edu/digital/collection/p15795coll40/id/357/,"http://digitalcollections.aucegypt.edu/iiif/2/p15795coll40:357/full/730,/0/default.jpg",margo_data/images/0357.jpg,"{""title"": ""Road to oasis"", ""titlea"": ""الطريق الى الواحة"", ""titleb"": ""Route de l'Oasis"", ""creata"": ""Margo Veillon"", ""creato"": ""Egyptian-Swiss"", ""descri"": ""Oil landscape of a desert landscape. The sky is bright blue with some white clouds, and the ground is covered in sand and dunes, broken up by a corridor of palm trees blowing in the wind. Through the corridor runs a thin blue stream or canal. On the horizon, there is the silhouette of a mosque's dome. The style is close to impressionism."", ""descra"": ""Margo Veillon"", ""locati"": ""American University in Cairo, Egypt"", ""covera"": ""oil on cardboard"", ""artwor"": ""57.2 cm x 69.8 cm"", ""medium"": ""paintings (visual works)"", ""type"": ""oil paintings (visual works)"", ""format"": ""Impressionist (style)"", ""collec"": ""Margo Veillon Art Collection"", ""source"": ""American University in Cairo"", ""licens"": ""Copyright the American University in Cairo"", ""rights"": ""To inquire about rights and permissions, contact the Rare Books and Special Collections Library, The American University in Cairo at +20.2.2615.3676 or rbscl-ref@aucegypt.edu."", ""google-site-verification"": ""UA-49762962-1"", ""viewport"": ""width=device-width, initial-scale=1.0"", ""og:title"": ""Road to oasis"", ""og:description"": ""Oil landscape of a desert landscape. The sky is bright blue with some white clouds, and the ground is covered in sand and dunes, broken up by a corridor of palm trees blowing in the wind. Through the corridor runs a thin blue stream or canal. On the horizon, there is the silhouette of a mosque's dome. The style is close to impressionism."", ""og:image"": ""http://digitalcollections.aucegypt.edu/iiif/2/p15795coll40:357/full/730,/0/default.jpg"", ""og:url"": ""https://digitalcollections.aucegypt.edu/digital/collection/p15795coll40/id/357/"", ""og:type"": ""website""}"
358,Thoughtful under veil,Margo Veillon,,Margo Veillon Art Collection,acrylic on paper,acrylic paintings (visual works),paintings (visual works),"Abstract acrylic painting of a woman in local clothing. She is wearing a bright patterned headdress and a brightly colored robe. Half of her face from the nose down is covered. She is thoughtfully looking to her left, and bringing up her hand to her face. The painting is done in a slightly cubist st","American University in Cairo, Egypt",https://digitalcollections.aucegypt.edu/digital/collection/p15795coll40/id/358/,"http://digitalcollections.aucegypt.edu/iiif/2/p15795coll40:358/full/730,/0/default.jpg",margo_data/images/0358.jpg,"{""title"": ""Thoughtful under veil"", ""titlea"": ""مدروس تحت الحجاب"", ""titleb"": ""Réfléchi sous le voile"", ""creata"": ""Margo Veillon"", ""creato"": ""Egyptian-Swiss"", ""descri"": ""Abstract acrylic painting of a woman in local clothing. She is wearing a bright patterned headdress and a brightly colored robe. Half of her face from the nose down is covered. She is thoughtfully looking to her left, and bringing up her hand to her face. The painting is done in a slightly cubist style, and in colors such as yellow, blue, red, black, and white."", ""descra"": ""Margo Veillon"", ""locati"": ""American University in Cairo, Egypt"", ""covera"": ""acrylic on paper"", ""artwor"": ""95.5 cm x 64.9 cm"", ""medium"": ""paintings (visual works)"", ""type"": ""acrylic paintings (visual works)"", ""format"": ""Abstract (modern European style)"", ""collec"": ""Margo Veillon Art Collection"", ""source"": ""American University in Cairo"", ""licens"": ""Copyright the American University in Cairo"", ""rights"": ""To inquire about rights and permissions, contact the Rare Books and Special Collections Library, The American University in Cairo at +20.2.2615.3676 or rbscl-ref@aucegypt.edu."", ""google-site-verification"": ""UA-49762962-1"", ""viewport"": ""width=device-width, initial-scale=1.0"", ""og:title"": ""Thoughtful under veil"", ""og:description"": ""Abstract acrylic painting of a woman in local clothing. She is wearing a bright patterned headdress and a brightly colored robe. Half of her face from the nose down is covered. She is thoughtfully looking to her left, and bringing up her hand to her face. The painting is done in a slightly cubist style, and in colors such as yellow, blue, red, black, and white."", ""og:image"": ""http://digitalcollections.aucegypt.edu/iiif/2/p15795coll40:358/full/730,/0/default.jpg"", ""og:url"": ""https://digitalcollections.aucegypt.edu/digital/collection/p15795coll40/id/358/"", ""og:type"": ""website""}"
359,Girl and her toy,Margo Veillon,,Margo Veillon Art Collection,oil on cardboard,oil paintings (visual works),paintings (visual works),"Oil portrait of a young girl, sitting on a wicker chair, with her spindly elbows resting on the armrests. Her brown hair is loose, and she is starring off into the distance absently. She is holding a bright orange stuffed toy in her hand, and she is wearing a dark blue dress.","American University in Cairo, Egypt",https://digitalcollections.aucegypt.edu/digital/collection/p15795coll40/id/359/,"http://digitalcollections.aucegypt.edu/iiif/2/p15795coll40:359/full/730,/0/default.jpg",margo_data/images/0359.jpg,"{""title"": ""Girl and her toy"", ""titlea"": ""فتاة ولعبتها"", ""titleb"": ""Une fille et son jouet"", ""creata"": ""Margo Veillon"", ""creato"": ""Egyptian-Swiss"", ""descri"": ""Oil portrait of a young girl, sitting on a wicker chair, with her spindly elbows resting on the armrests. Her brown hair is loose, and she is starring off into the distance absently. She is holding a bright orange stuffed toy in her hand, and she is wearing a dark blue dress."", ""locati"": ""American University in Cairo, Egypt"", ""covera"": ""oil on cardboard"", ""artwor"": ""68.9 cm x 49.4 cm"", ""medium"": ""paintings (visual works)"", ""type"": ""oil paintings (visual works)"", ""format"": ""Expressionist (style)"", ""collec"": ""Margo Veillon Art Collection"", ""source"": ""American University in Cairo"", ""licens"": ""Copyright the American University in Cairo"", ""rights"": ""To inquire about rights and permissions, contact the Rare Books and Special Collections Library, The American University in Cairo at +20.2.2615.3676 or rbscl-ref@aucegypt.edu."", ""google-site-verification"": ""UA-49762962-1"", ""viewport"": ""width=device-width, initial-scale=1.0"", ""og:title"": ""Girl and her toy"", ""og:description"": ""Oil portrait of a young girl, sitting on a wicker chair, with her spindly elbows resting on the armrests. Her brown hair is loose, and she is starring off into the distance absently. She is holding a bright orange stuffed toy in her hand, and she is wearing a dark blue dress."", ""og:image"": ""http://digitalcollections.aucegypt.edu/iiif/2/p15795coll40:359/full/730,/0/default.jpg"", ""og:url"": ""https://digitalcollections.aucegypt.edu/digital/collection/p15795coll40/id/359/"", ""og:type"": ""website""}"
360,Bakery,Margo Veillon,,Margo Veillon Art Collection,watercolor on paper,watercolors (paintings),drawings (visual works),"A roughly drawn watercolor of a bird's eye view of a group of Egyptian peasants who are baking traditional Egyptian bread. One person is seated at the brick oven, taking out bread with a long wooden paddle. They are surrounded by loaves of bread. There are two round tables in the area, around which ","American University in Cairo, Egypt",https://digitalcollections.aucegypt.edu/digital/collection/p15795coll40/id/360/,"http://digitalcollections.aucegypt.edu/iiif/2/p15795coll40:360/full/730,/0/default.jpg",margo_data/images/0360.jpg,"{""title"": ""Bakery"", ""titlea"": ""مخبز"", ""titleb"": ""Boulangerie"", ""creata"": ""Margo Veillon"", ""creato"": ""Egyptian-Swiss"", ""descri"": ""A roughly drawn watercolor of a bird's eye view of a group of Egyptian peasants who are baking traditional Egyptian bread. One person is seated at the brick oven, taking out bread with a long wooden paddle. They are surrounded by loaves of bread. There are two round tables in the area, around which are seated several women in brightly colored jalabiyas, making bread. There are some birds running about."", ""descra"": ""en Han egyptien, Margo Veillon"", ""locati"": ""American University in Cairo, Egypt"", ""covera"": ""watercolor on paper"", ""artwor"": ""46.4 cm x 60.6 cm"", ""medium"": ""drawings (visual works)"", ""type"": ""watercolors (paintings)"", ""format"": ""Abstract (modern European style)"", ""collec"": ""Margo Veillon Art Collection"", ""source"": ""American University in Cairo"", ""licens"": ""Copyright the American University in Cairo"", ""rights"": ""To inquire about rights and permissions, contact the Rare Books and Special Collections Library, The American University in Cairo at +20.2.2615.3676 or rbscl-ref@aucegypt.edu."", ""google-site-verification"": ""UA-49762962-1"", ""viewport"": ""width=device-width, initial-scale=1.0"", ""og:title"": ""Bakery"", ""og:description"": ""A roughly drawn watercolor of a bird's eye view of a group of Egyptian peasants who are baking traditional Egyptian bread. One person is seated at the brick oven, taking out bread with a long wooden paddle. They are surrounded by loaves of bread. There are two round tables in the area, around which are seated several women in brightly colored jalabiyas, making bread. There are some birds running about."", ""og:image"": ""http://digitalcollections.aucegypt.edu/iiif/2/p15795coll40:360/full/730,/0/default.jpg"", ""og:url"": ""https://digitalcollections.aucegypt.edu/digital/collection/p15795coll40/id/360/"", ""og:type"": ""website""}"
361,Veiled and unveiled,Margo Veillon,,Margo Veillon Art Collection,pencil on paper,pencil drawings,drawings (visual works),"Two pencil portraits of two women. The portrait on the right is of a smiling woman, drawing her hijab closed around her head with her hand clasping the fabric beneath her chin. The portrait on the left is of a woman who seems to be asleep, her hair loose around her face.","American University in Cairo, Egypt",https://digitalcollections.aucegypt.edu/digital/collection/p15795coll40/id/361/,"http://digitalcollections.aucegypt.edu/iiif/2/p15795coll40:361/full/730,/0/default.jpg",margo_data/images/0361.jpg,"{""title"": ""Veiled and unveiled"", ""titlea"": ""محجبات و مكشوفات"", ""titleb"": ""Voilé et dévoilé"", ""creata"": ""Margo Veillon"", ""creato"": ""Egyptian-Swiss"", ""descri"": ""Two pencil portraits of two women. The portrait on the right is of a smiling woman, drawing her hijab closed around her head with her hand clasping the fabric beneath her chin. The portrait on the left is of a woman who seems to be asleep, her hair loose around her face."", ""descra"": ""Margo Veillon"", ""locati"": ""American University in Cairo, Egypt"", ""covera"": ""pencil on paper"", ""artwor"": ""69.3 cm x 50 cm"", ""medium"": ""drawings (visual works)"", ""type"": ""pencil drawings"", ""format"": ""Expressionist (style)"", ""collec"": ""Margo Veillon Art Collection"", ""source"": ""American University in Cairo"", ""licens"": ""Copyright the American University in Cairo"", ""rights"": ""To inquire about rights and permissions, contact the Rare Books and Special Collections Library, The American University in Cairo at +20.2.2615.3676 or rbscl-ref@aucegypt.edu."", ""google-site-verification"": ""UA-49762962-1"", ""viewport"": ""width=device-width, initial-scale=1.0"", ""og:title"": ""Veiled and unveiled"", ""og:description"": ""Two pencil portraits of two women. The portrait on the right is of a smiling woman, drawing her hijab closed around her head with her hand clasping the fabric beneath her chin. The portrait on the left is of a woman who seems to be asleep, her hair loose around her face."", ""og:image"": ""http://digitalcollections.aucegypt.edu/iiif/2/p15795coll40:361/full/730,/0/default.jpg"", ""og:url"": ""https://digitalcollections.aucegypt.edu/digital/collection/p15795coll40/id/361/"", ""og:type"": ""website""}"
362,Woman and boy,Margo Veillon,,Margo Veillon Art Collection,pencil on paper,pencil drawings,drawings (visual works),"Two pencil portraits of a woman and a young boy. The portrait on the right is of a young, flirtatious woman, biting the fabric of her hijab with her teeth and smiling. The portrait on the left is of a young boy, around ten years old, dressed in traditional Egyptian clothes, politely clasping his han","American University in Cairo, Egypt",https://digitalcollections.aucegypt.edu/digital/collection/p15795coll40/id/362/,"http://digitalcollections.aucegypt.edu/iiif/2/p15795coll40:362/full/730,/0/default.jpg",margo_data/images/0362.jpg,"{""title"": ""Woman and boy"", ""titlea"": ""المرأة والفتى"", ""titleb"": ""La femme et le garçon"", ""creata"": ""Margo Veillon"", ""creato"": ""Egyptian-Swiss"", ""descri"": ""Two pencil portraits of a woman and a young boy. The portrait on the right is of a young, flirtatious woman, biting the fabric of her hijab with her teeth and smiling. The portrait on the left is of a young boy, around ten years old, dressed in traditional Egyptian clothes, politely clasping his hands in front of his chest and looking to his right, like he is startled by something."", ""descra"": ""Margo Veillon"", ""locati"": ""American University in Cairo, Egypt"", ""covera"": ""pencil on paper"", ""artwor"": ""69.4 cm x 50 cm"", ""medium"": ""drawings (visual works)"", ""type"": ""pencil drawings"", ""format"": ""Expressionist (style)"", ""collec"": ""Margo Veillon Art Collection"", ""source"": ""American University in Cairo"", ""licens"": ""Copyright the American University in Cairo"", ""rights"": ""To inquire about rights and permissions, contact the Rare Books and Special Collections Library, The American University in Cairo at +20.2.2615.3676 or rbscl-ref@aucegypt.edu."", ""google-site-verification"": ""UA-49762962-1"", ""viewport"": ""width=device-width, initial-scale=1.0"", ""og:title"": ""Woman and boy"", ""og:description"": ""Two pencil portraits of a woman and a young boy. The portrait on the right is of a young, flirtatious woman, biting the fabric of her hijab with her teeth and smiling. The portrait on the left is of a young boy, around ten years old, dressed in traditional Egyptian clothes, politely clasping his hands in front of his chest and looking to his right, like he is startled by something."", ""og:image"": ""http://digitalcollections.aucegypt.edu/iiif/2/p15795coll40:362/full/730,/0/default.jpg"", ""og:url"": ""https://digitalcollections.aucegypt.edu/digital/collection/p15795coll40/id/362/"", ""og:type"": ""website""}"
363,Looking up,Margo Veillon,,Margo Veillon Art Collection,pencil on paper,pencil drawings,drawings (visual works),"Two pencil portraits of a pair of girls. The portrait on the right is of a young girl, perhaps in her early teens, wearing a headdress and smiling as she looks to the upper left, with an innocent expression on her face. The portrait on the left is of a slightly older girl, perhaps a young adult, wit","American University in Cairo, Egypt",https://digitalcollections.aucegypt.edu/digital/collection/p15795coll40/id/363/,"http://digitalcollections.aucegypt.edu/iiif/2/p15795coll40:363/full/730,/0/default.jpg",margo_data/images/0363.jpg,"{""title"": ""Looking up"", ""titlea"": ""يبحث"", ""titleb"": ""Regarder vers le haut"", ""creata"": ""Margo Veillon"", ""creato"": ""Egyptian-Swiss"", ""descri"": ""Two pencil portraits of a pair of girls. The portrait on the right is of a young girl, perhaps in her early teens, wearing a headdress and smiling as she looks to the upper left, with an innocent expression on her face. The portrait on the left is of a slightly older girl, perhaps a young adult, with her hair tied back under a scarf, wearing high-collared clothing and a necklace, and looking to the top right with a smile on her face."", ""descra"": ""Margo Veillon"", ""locati"": ""American University in Cairo, Egypt"", ""covera"": ""pencil on paper"", ""artwor"": ""50 cm x 69.4 cm"", ""medium"": ""drawings (visual works)"", ""type"": ""pencil drawings"", ""format"": ""Expressionist (style)"", ""collec"": ""Margo Veillon Art Collection"", ""source"": ""American University in Cairo"", ""licens"": ""Copyright the American University in Cairo"", ""rights"": ""To inquire about rights and permissions, contact the Rare Books and Special Collections Library, The American University in Cairo at +20.2.2615.3676 or rbscl-ref@aucegypt.edu."", ""google-site-verification"": ""UA-49762962-1"", ""viewport"": ""width=device-width, initial-scale=1.0"", ""og:title"": ""Looking up"", ""og:description"": ""Two pencil portraits of a pair of girls. The portrait on the right is of a young girl, perhaps in her early teens, wearing a headdress and smiling as she looks to the upper left, with an innocent expression on her face. The portrait on the left is of a slightly older girl, perhaps a young adult, with her hair tied back under a scarf, wearing high-collared clothing and a necklace, and looking to the top right with a smile on her face."", ""og:image"": ""http://digitalcollections.aucegypt.edu/iiif/2/p15795coll40:363/full/730,/0/default.jpg"", ""og:url"": ""https://digitalcollections.aucegypt.edu/digital/collection/p15795coll40/id/363/"", ""og:type"": ""website""}"
364,Breast feeding,Margo Veillon,,Margo Veillon Art Collection,pencil and watercolor on paper,pencil drawings,mixed media works,"Two pencil and watercolor sketches of mothers. The portrait on the right shows a simple sketch of a mother crouched on the ground, looking to the viewer as she holds her baby and breastfeeds him. The drawing on the left shows two women lounging together, wearing patterned jalabiyas and looking relax","American University in Cairo, Egypt",https://digitalcollections.aucegypt.edu/digital/collection/p15795coll40/id/364/,"http://digitalcollections.aucegypt.edu/iiif/2/p15795coll40:364/full/730,/0/default.jpg",margo_data/images/0364.jpg,"{""title"": ""Breast feeding"", ""titlea"": ""الرضاعة الطبيعية"", ""titleb"": ""Allaitement maternel"", ""creata"": ""Margo Veillon"", ""creato"": ""Egyptian-Swiss"", ""descri"": ""Two pencil and watercolor sketches of mothers. The portrait on the right shows a simple sketch of a mother crouched on the ground, looking to the viewer as she holds her baby and breastfeeds him. The drawing on the left shows two women lounging together, wearing patterned jalabiyas and looking relaxed. Between them, there is a toddler."", ""descra"": ""Margo Veillon"", ""locati"": ""American University in Cairo, Egypt"", ""covera"": ""pencil and watercolor on paper"", ""artwor"": ""49.7 cm x 69.3 cm"", ""medium"": ""mixed media works"", ""type"": ""pencil drawings"", ""format"": ""Expressionist (style)"", ""collec"": ""Margo Veillon Art Collection"", ""source"": ""American University in Cairo"", ""licens"": ""Copyright the American University in Cairo"", ""rights"": ""To inquire about rights and permissions, contact the Rare Books and Special Collections Library, The American University in Cairo at +20.2.2615.3676 or rbscl-ref@aucegypt.edu."", ""google-site-verification"": ""UA-49762962-1"", ""viewport"": ""width=device-width, initial-scale=1.0"", ""og:title"": ""Breast feeding"", ""og:description"": ""Two pencil and watercolor sketches of mothers. The portrait on the right shows a simple sketch of a mother crouched on the ground, looking to the viewer as she holds her baby and breastfeeds him. The drawing on the left shows two women lounging together, wearing patterned jalabiyas and looking relaxed. Between them, there is a toddler."", ""og:image"": ""http://digitalcollections.aucegypt.edu/iiif/2/p15795coll40:364/full/730,/0/default.jpg"", ""og:url"": ""https://digitalcollections.aucegypt.edu/digital/collection/p15795coll40/id/364/"", ""og:type"": ""website""}"
365,Revelations,Margo Veillon,,Margo Veillon Art Collection,charcoal on paper,charcoal drawings,drawings (visual works),"Two charcoal portraits, likely of the same woman. The portrait on the right shows a young woman in a slightly cartoonish style, her hair covered by a headdress, as she reaches up to touch her skin, smiling slightly like she has just realized something. The portrait on the left is more serious and re","American University in Cairo, Egypt",https://digitalcollections.aucegypt.edu/digital/collection/p15795coll40/id/365/,"http://digitalcollections.aucegypt.edu/iiif/2/p15795coll40:365/full/730,/0/default.jpg",margo_data/images/0365.jpg,"{""title"": ""Revelations"", ""titlea"": ""الكشف"", ""titleb"": ""Révélations"", ""creata"": ""Margo Veillon"", ""creato"": ""Egyptian-Swiss"", ""descri"": ""Two charcoal portraits, likely of the same woman. The portrait on the right shows a young woman in a slightly cartoonish style, her hair covered by a headdress, as she reaches up to touch her skin, smiling slightly like she has just realized something. The portrait on the left is more serious and realistic, showing a beautiful young woman, her hair tied back, propping her left elbow up on a ledge next to her and leaning her head on her palm, looking tired and pensive."", ""descra"": ""Margo Veillon"", ""locati"": ""American University in Cairo, Egypt"", ""covera"": ""charcoal on paper"", ""artwor"": ""69.5 cm x 50.2 cm"", ""medium"": ""drawings (visual works)"", ""type"": ""charcoal drawings"", ""format"": ""Expressionist (style)"", ""collec"": ""Margo Veillon Art Collection"", ""source"": ""American University in Cairo"", ""licens"": ""Copyright the American University in Cairo"", ""rights"": ""To inquire about rights and permissions, contact the Rare Books and Special Collections Library, The American University in Cairo at +20.2.2615.3676 or rbscl-ref@aucegypt.edu."", ""google-site-verification"": ""UA-49762962-1"", ""viewport"": ""width=device-width, initial-scale=1.0"", ""og:title"": ""Revelations"", ""og:description"": ""Two charcoal portraits, likely of the same woman. The portrait on the right shows a young woman in a slightly cartoonish style, her hair covered by a headdress, as she reaches up to touch her skin, smiling slightly like she has just realized something. The portrait on the left is more serious and realistic, showing a beautiful young woman, her hair tied back, propping her left elbow up on a ledge next to her and leaning her head on her palm, looking tired and pensive."", ""og:image"": ""http://digitalcollections.aucegypt.edu/iiif/2/p15795coll40:365/full/730,/0/default.jpg"", ""og:url"": ""https://digitalcollections.aucegypt.edu/digital/collection/p15795coll40/id/365/"", ""og:type"": ""website""}"
366,Old women,Margo Veillon,,Margo Veillon Art Collection,charcoal on paper,charcoal drawings,drawings (visual works),"charcoal drawing of a row of old women, all side profiles looking to the left, all with diverse facial features. The three in the front look solemn and serene, like they are praying, but the fourth one in the back has a mischievous smile on her face, like she is plotting something.","American University in Cairo, Egypt",https://digitalcollections.aucegypt.edu/digital/collection/p15795coll40/id/366/,"http://digitalcollections.aucegypt.edu/iiif/2/p15795coll40:366/full/730,/0/default.jpg",margo_data/images/0366.jpg,"{""title"": ""Old women"", ""titlea"": ""النساء المسنات"", ""titleb"": ""Vieilles femmes"", ""creata"": ""Margo Veillon"", ""creato"": ""Egyptian-Swiss"", ""descri"": ""charcoal drawing of a row of old women, all side profiles looking to the left, all with diverse facial features. The three in the front look solemn and serene, like they are praying, but the fourth one in the back has a mischievous smile on her face, like she is plotting something."", ""descra"": ""Margo Veillon"", ""locati"": ""American University in Cairo, Egypt"", ""covera"": ""charcoal on paper"", ""artwor"": ""67.3 cm x 48.2 cm"", ""medium"": ""drawings (visual works)"", ""type"": ""charcoal drawings"", ""format"": ""Expressionist (style)"", ""collec"": ""Margo Veillon Art Collection"", ""source"": ""American University in Cairo"", ""licens"": ""Copyright the American University in Cairo"", ""rights"": ""To inquire about rights and permissions, contact the Rare Books and Special Collections Library, The American University in Cairo at +20.2.2615.3676 or rbscl-ref@aucegypt.edu."", ""google-site-verification"": ""UA-49762962-1"", ""viewport"": ""width=device-width, initial-scale=1.0"", ""og:title"": ""Old women"", ""og:description"": ""charcoal drawing of a row of old women, all side profiles looking to the left, all with diverse facial features. The three in the front look solemn and serene, like they are praying, but the fourth one in the back has a mischievous smile on her face, like she is plotting something."", ""og:image"": ""http://digitalcollections.aucegypt.edu/iiif/2/p15795coll40:366/full/730,/0/default.jpg"", ""og:url"": ""https://digitalcollections.aucegypt.edu/digital/collection/p15795coll40/id/366/"", ""og:type"": ""website""}"
367,Journey's rest,Margo Veillon,,Margo Veillon Art Collection,acrylic on cardboard,acrylic paintings (visual works),paintings (visual works),"Acrylic landscape painting of the desert. The sky is bright blue, with some feathery clouds. The desert stretches out in the distance, with some small patches of green. There is a mushroom-shaped stone outcropping in the foreground, providing some shade, and under that shade a figure in lavender clo","American University in Cairo, Egypt",https://digitalcollections.aucegypt.edu/digital/collection/p15795coll40/id/367/,"http://digitalcollections.aucegypt.edu/iiif/2/p15795coll40:367/full/730,/0/default.jpg",margo_data/images/0367.jpg,"{""title"": ""Journey's rest"", ""titlea"": ""راحة الرحلة"", ""titleb"": ""Repos du voyage"", ""creata"": ""Margo Veillon"", ""creato"": ""Egyptian-Swiss"", ""descri"": ""Acrylic landscape painting of the desert. The sky is bright blue, with some feathery clouds. The desert stretches out in the distance, with some small patches of green. There is a mushroom-shaped stone outcropping in the foreground, providing some shade, and under that shade a figure in lavender clothing is lounging."", ""descra"": ""1984, Margo Veillon"", ""locati"": ""American University in Cairo, Egypt"", ""covera"": ""acrylic on cardboard"", ""artwor"": ""71.8 cm x 54.9 cm"", ""medium"": ""paintings (visual works)"", ""type"": ""acrylic paintings (visual works)"", ""format"": ""Impressionist (style)"", ""collec"": ""Margo Veillon Art Collection"", ""source"": ""American University in Cairo"", ""licens"": ""Copyright the American University in Cairo"", ""rights"": ""To inquire about rights and permissions, contact the Rare Books and Special Collections Library, The American University in Cairo at +20.2.2615.3676 or rbscl-ref@aucegypt.edu."", ""google-site-verification"": ""UA-49762962-1"", ""viewport"": ""width=device-width, initial-scale=1.0"", ""og:title"": ""Journey's rest"", ""og:description"": ""Acrylic landscape painting of the desert. The sky is bright blue, with some feathery clouds. The desert stretches out in the distance, with some small patches of green. There is a mushroom-shaped stone outcropping in the foreground, providing some shade, and under that shade a figure in lavender clothing is lounging."", ""og:image"": ""http://digitalcollections.aucegypt.edu/iiif/2/p15795coll40:367/full/730,/0/default.jpg"", ""og:url"": ""https://digitalcollections.aucegypt.edu/digital/collection/p15795coll40/id/367/"", ""og:type"": ""website""}"
368,Desert flora,Margo Veillon,,Margo Veillon Art Collection,oil on cardboard,oil paintings (visual works),paintings (visual works),"Oil landscape painting of a patch of desert plants. They are sparsely spaced, mostly bushes and shrubs underneath harsh desert light, rooted in the sand. On the horizon, there is a silhouette of mountains.","American University in Cairo, Egypt",https://digitalcollections.aucegypt.edu/digital/collection/p15795coll40/id/368/,"http://digitalcollections.aucegypt.edu/iiif/2/p15795coll40:368/full/730,/0/default.jpg",margo_data/images/0368.jpg,"{""title"": ""Desert flora"", ""titlea"": ""صحراء فلورا"", ""titleb"": ""Flore du désert"", ""creata"": ""Margo Veillon"", ""creato"": ""Egyptian-Swiss"", ""descri"": ""Oil landscape painting of a patch of desert plants. They are sparsely spaced, mostly bushes and shrubs underneath harsh desert light, rooted in the sand. On the horizon, there is a silhouette of mountains."", ""descra"": ""1984, IV, Margo Veillon"", ""locati"": ""American University in Cairo, Egypt"", ""covera"": ""oil on cardboard"", ""artwor"": ""70.4 cm x 50.2 cm"", ""medium"": ""paintings (visual works)"", ""type"": ""oil paintings (visual works)"", ""format"": ""Impressionist (style)"", ""collec"": ""Margo Veillon Art Collection"", ""source"": ""American University in Cairo"", ""licens"": ""Copyright the American University in Cairo"", ""rights"": ""To inquire about rights and permissions, contact the Rare Books and Special Collections Library, The American University in Cairo at +20.2.2615.3676 or rbscl-ref@aucegypt.edu."", ""google-site-verification"": ""UA-49762962-1"", ""viewport"": ""width=device-width, initial-scale=1.0"", ""og:title"": ""Desert flora"", ""og:description"": ""Oil landscape painting of a patch of desert plants. They are sparsely spaced, mostly bushes and shrubs underneath harsh desert light, rooted in the sand. On the horizon, there is a silhouette of mountains."", ""og:image"": ""http://digitalcollections.aucegypt.edu/iiif/2/p15795coll40:368/full/730,/0/default.jpg"", ""og:url"": ""https://digitalcollections.aucegypt.edu/digital/collection/p15795coll40/id/368/"", ""og:type"": ""website""}"
369,Bathing,Margo Veillon,,Margo Veillon Art Collection,lithography print on paper,ithographs,prints (visual works),"Stylized print illustration of a group of women sitting together and bathing. The women at the far left is dunking her head in a bowl of water to rinse it. Next to her, a woman in a striped dress is wringing out her hair. Next to her, a nude woman dunks water on her head. They are seated in a circle","American University in Cairo, Egypt",https://digitalcollections.aucegypt.edu/digital/collection/p15795coll40/id/369/,"http://digitalcollections.aucegypt.edu/iiif/2/p15795coll40:369/full/730,/0/default.jpg",margo_data/images/0369.jpg,"{""title"": ""Bathing"", ""titlea"": ""الاستحمام"", ""titleb"": ""Baignade"", ""creata"": ""Margo Veillon"", ""creato"": ""Egyptian-Swiss"", ""descri"": ""Stylized print illustration of a group of women sitting together and bathing. The women at the far left is dunking her head in a bowl of water to rinse it. Next to her, a woman in a striped dress is wringing out her hair. Next to her, a nude woman dunks water on her head. They are seated in a circle, and seem to be in a conversation."", ""descra"": ""lithograph orgi 4/8"", ""locati"": ""American University in Cairo, Egypt"", ""covera"": ""lithography print on paper"", ""artwor"": ""70.3 cm x 49.7 cm"", ""medium"": ""prints (visual works)"", ""type"": ""ithographs"", ""format"": ""Impressionist (style)"", ""collec"": ""Margo Veillon Art Collection"", ""source"": ""American University in Cairo"", ""licens"": ""Copyright the American University in Cairo"", ""rights"": ""To inquire about rights and permissions, contact the Rare Books and Special Collections Library, The American University in Cairo at +20.2.2615.3676 or rbscl-ref@aucegypt.edu."", ""google-site-verification"": ""UA-49762962-1"", ""viewport"": ""width=device-width, initial-scale=1.0"", ""og:title"": ""Bathing"", ""og:description"": ""Stylized print illustration of a group of women sitting together and bathing. The women at the far left is dunking her head in a bowl of water to rinse it. Next to her, a woman in a striped dress is wringing out her hair. Next to her, a nude woman dunks water on her head. They are seated in a circle, and seem to be in a conversation."", ""og:image"": ""http://digitalcollections.aucegypt.edu/iiif/2/p15795coll40:369/full/730,/0/default.jpg"", ""og:url"": ""https://digitalcollections.aucegypt.edu/digital/collection/p15795coll40/id/369/"", ""og:type"": ""website""}"
